base,M,outer,inner,k,total_candidates,prime_count,density,midpoint,phi_base,tau_base,rad_base,outer_gcd,inner_gcd,outer_is_prime,inner_is_prime,min_length,max_length
6,1,1,5,0,5,1,0.200000,3.0,2,4,6,1,1,false,true,5,5
6,1,1,5,1,5,0,0.000000,3.0,2,4,6,1,1,false,true,9,9
6,1,1,5,2,5,1,0.200000,3.0,2,4,6,1,1,false,true,13,13
6,1,1,5,3,5,0,0.000000,3.0,2,4,6,1,1,false,true,17,17
6,1,5,1,0,5,1,0.200000,3.0,2,4,6,1,1,true,false,5,5
6,1,5,1,1,5,1,0.200000,3.0,2,4,6,1,1,true,false,9,9
6,1,5,1,2,5,2,0.400000,3.0,2,4,6,1,1,true,false,13,13
6,1,5,1,3,5,0,0.000000,3.0,2,4,6,1,1,true,false,17,17
6,2,1,5,0,30,8,0.266667,3.0,2,4,6,1,1,false,true,6,6
6,2,1,5,1,30,5,0.166667,3.0,2,4,6,1,1,false,true,10,10
6,2,1,5,2,30,5,0.166667,3.0,2,4,6,1,1,false,true,14,14
6,2,1,5,3,30,1,0.033333,3.0,2,4,6,1,1,false,true,18,18
6,2,5,1,0,30,5,0.166667,3.0,2,4,6,1,1,true,false,6,6
6,2,5,1,1,30,2,0.066667,3.0,2,4,6,1,1,true,false,10,10
6,2,5,1,2,30,5,0.166667,3.0,2,4,6,1,1,true,false,14,14
6,2,5,1,3,30,2,0.066667,3.0,2,4,6,1,1,true,false,18,18
6,3,1,5,0,180,47,0.261111,3.0,2,4,6,1,1,false,true,7,7
6,3,1,5,1,180,26,0.144444,3.0,2,4,6,1,1,false,true,11,11
6,3,1,5,2,180,24,0.133333,3.0,2,4,6,1,1,false,true,15,15
6,3,1,5,3,180,23,0.127778,3.0,2,4,6,1,1,false,true,19,19
6,3,5,1,0,180,44,0.244444,3.0,2,4,6,1,1,true,false,7,7
6,3,5,1,1,180,29,0.161111,3.0,2,4,6,1,1,true,false,11,11
6,3,5,1,2,180,19,0.105556,3.0,2,4,6,1,1,true,false,15,15
6,3,5,1,3,180,13,0.072222,3.0,2,4,6,1,1,true,false,19,19
8,1,1,3,0,7,1,0.142857,4.0,4,4,2,1,1,false,true,5,5
8,1,1,3,1,7,0,0.000000,4.0,4,4,2,1,1,false,true,9,9
8,1,1,3,2,7,1,0.142857,4.0,4,4,2,1,1,false,true,13,13
8,1,1,3,3,7,0,0.000000,4.0,4,4,2,1,1,false,true,17,17
8,1,1,5,0,7,1,0.142857,4.0,4,4,2,1,1,false,true,5,5
8,1,1,5,1,7,1,0.142857,4.0,4,4,2,1,1,false,true,9,9
8,1,1,5,2,7,2,0.285714,4.0,4,4,2,1,1,false,true,13,13
8,1,1,5,3,7,0,0.000000,4.0,4,4,2,1,1,false,true,17,17
8,1,1,7,0,7,1,0.142857,4.0,4,4,2,1,1,false,true,5,5
8,1,1,7,1,7,1,0.142857,4.0,4,4,2,1,1,false,true,9,9
8,1,1,7,2,7,0,0.000000,4.0,4,4,2,1,1,false,true,13,13
8,1,1,7,3,7,0,0.000000,4.0,4,4,2,1,1,false,true,17,17
8,1,3,1,0,7,2,0.285714,4.0,4,4,2,1,1,true,false,5,5
8,1,3,1,1,7,0,0.000000,4.0,4,4,2,1,1,true,false,9,9
8,1,3,1,2,7,2,0.285714,4.0,4,4,2,1,1,true,false,13,13
8,1,3,1,3,7,0,0.000000,4.0,4,4,2,1,1,true,false,17,17
8,1,3,5,0,7,1,0.142857,4.0,4,4,2,1,1,true,true,5,5
8,1,3,5,1,7,1,0.142857,4.0,4,4,2,1,1,true,true,9,9
8,1,3,5,2,7,0,0.000000,4.0,4,4,2,1,1,true,true,13,13
8,1,3,5,3,7,1,0.142857,4.0,4,4,2,1,1,true,true,17,17
8,1,3,7,0,7,1,0.142857,4.0,4,4,2,1,1,true,true,5,5
8,1,3,7,1,7,0,0.000000,4.0,4,4,2,1,1,true,true,9,9
8,1,3,7,2,7,1,0.142857,4.0,4,4,2,1,1,true,true,13,13
8,1,3,7,3,7,0,0.000000,4.0,4,4,2,1,1,true,true,17,17
8,1,5,1,0,7,0,0.000000,4.0,4,4,2,1,1,true,false,5,5
8,1,5,1,1,7,1,0.142857,4.0,4,4,2,1,1,true,false,9,9
8,1,5,1,2,7,0,0.000000,4.0,4,4,2,1,1,true,false,13,13
8,1,5,1,3,7,1,0.142857,4.0,4,4,2,1,1,true,false,17,17
8,1,5,3,0,7,1,0.142857,4.0,4,4,2,1,1,true,true,5,5
8,1,5,3,1,7,0,0.000000,4.0,4,4,2,1,1,true,true,9,9
8,1,5,3,2,7,0,0.000000,4.0,4,4,2,1,1,true,true,13,13
8,1,5,3,3,7,1,0.142857,4.0,4,4,2,1,1,true,true,17,17
8,1,5,7,0,7,2,0.285714,4.0,4,4,2,1,1,true,true,5,5
8,1,5,7,1,7,1,0.142857,4.0,4,4,2,1,1,true,true,9,9
8,1,5,7,2,7,0,0.000000,4.0,4,4,2,1,1,true,true,13,13
8,1,5,7,3,7,0,0.000000,4.0,4,4,2,1,1,true,true,17,17
8,1,7,1,0,7,1,0.142857,4.0,4,4,2,1,1,true,false,5,5
8,1,7,1,1,7,1,0.142857,4.0,4,4,2,1,1,true,false,9,9
8,1,7,1,2,7,0,0.000000,4.0,4,4,2,1,1,true,false,13,13
8,1,7,1,3,7,0,0.000000,4.0,4,4,2,1,1,true,false,17,17
8,1,7,3,0,7,3,0.428571,4.0,4,4,2,1,1,true,true,5,5
8,1,7,3,1,7,0,0.000000,4.0,4,4,2,1,1,true,true,9,9
8,1,7,3,2,7,0,0.000000,4.0,4,4,2,1,1,true,true,13,13
8,1,7,3,3,7,0,0.000000,4.0,4,4,2,1,1,true,true,17,17
8,1,7,5,0,7,2,0.285714,4.0,4,4,2,1,1,true,true,5,5
8,1,7,5,1,7,0,0.000000,4.0,4,4,2,1,1,true,true,9,9
8,1,7,5,2,7,1,0.142857,4.0,4,4,2,1,1,true,true,13,13
8,1,7,5,3,7,2,0.285714,4.0,4,4,2,1,1,true,true,17,17
8,2,1,3,0,56,8,0.142857,4.0,4,4,2,1,1,false,true,6,6
8,2,1,3,1,56,7,0.125000,4.0,4,4,2,1,1,false,true,10,10
8,2,1,3,2,56,4,0.071429,4.0,4,4,2,1,1,false,true,14,14
8,2,1,3,3,56,3,0.053571,4.0,4,4,2,1,1,false,true,18,18
8,2,1,5,0,56,13,0.232143,4.0,4,4,2,1,1,false,true,6,6
8,2,1,5,1,56,7,0.125000,4.0,4,4,2,1,1,false,true,10,10
8,2,1,5,2,56,6,0.107143,4.0,4,4,2,1,1,false,true,14,14
8,2,1,5,3,56,3,0.053571,4.0,4,4,2,1,1,false,true,18,18
8,2,1,7,0,56,8,0.142857,4.0,4,4,2,1,1,false,true,6,6
8,2,1,7,1,56,4,0.071429,4.0,4,4,2,1,1,false,true,10,10
8,2,1,7,2,56,2,0.035714,4.0,4,4,2,1,1,false,true,14,14
8,2,1,7,3,56,0,0.000000,4.0,4,4,2,1,1,false,true,18,18
8,2,3,1,0,56,8,0.142857,4.0,4,4,2,1,1,true,false,6,6
8,2,3,1,1,56,3,0.053571,4.0,4,4,2,1,1,true,false,10,10
8,2,3,1,2,56,2,0.035714,4.0,4,4,2,1,1,true,false,14,14
8,2,3,1,3,56,2,0.035714,4.0,4,4,2,1,1,true,false,18,18
8,2,3,5,0,56,14,0.250000,4.0,4,4,2,1,1,true,true,6,6
8,2,3,5,1,56,1,0.017857,4.0,4,4,2,1,1,true,true,10,10
8,2,3,5,2,56,5,0.089286,4.0,4,4,2,1,1,true,true,14,14
8,2,3,5,3,56,2,0.035714,4.0,4,4,2,1,1,true,true,18,18
8,2,3,7,0,56,10,0.178571,4.0,4,4,2,1,1,true,true,6,6
8,2,3,7,1,56,5,0.089286,4.0,4,4,2,1,1,true,true,10,10
8,2,3,7,2,56,3,0.053571,4.0,4,4,2,1,1,true,true,14,14
8,2,3,7,3,56,3,0.053571,4.0,4,4,2,1,1,true,true,18,18
8,2,5,1,0,56,9,0.160714,4.0,4,4,2,1,1,true,false,6,6
8,2,5,1,1,56,10,0.178571,4.0,4,4,2,1,1,true,false,10,10
8,2,5,1,2,56,7,0.125000,4.0,4,4,2,1,1,true,false,14,14
8,2,5,1,3,56,2,0.035714,4.0,4,4,2,1,1,true,false,18,18
8,2,5,3,0,56,11,0.196429,4.0,4,4,2,1,1,true,true,6,6
8,2,5,3,1,56,6,0.107143,4.0,4,4,2,1,1,true,true,10,10
8,2,5,3,2,56,3,0.053571,4.0,4,4,2,1,1,true,true,14,14
8,2,5,3,3,56,2,0.035714,4.0,4,4,2,1,1,true,true,18,18
8,2,5,7,0,56,11,0.196429,4.0,4,4,2,1,1,true,true,6,6
8,2,5,7,1,56,3,0.053571,4.0,4,4,2,1,1,true,true,10,10
8,2,5,7,2,56,6,0.107143,4.0,4,4,2,1,1,true,true,14,14
8,2,5,7,3,56,2,0.035714,4.0,4,4,2,1,1,true,true,18,18
8,2,7,1,0,56,10,0.178571,4.0,4,4,2,1,1,true,false,6,6
8,2,7,1,1,56,10,0.178571,4.0,4,4,2,1,1,true,false,10,10
8,2,7,1,2,56,3,0.053571,4.0,4,4,2,1,1,true,false,14,14
8,2,7,1,3,56,2,0.035714,4.0,4,4,2,1,1,true,false,18,18
8,2,7,3,0,56,13,0.232143,4.0,4,4,2,1,1,true,true,6,6
8,2,7,3,1,56,6,0.107143,4.0,4,4,2,1,1,true,true,10,10
8,2,7,3,2,56,4,0.071429,4.0,4,4,2,1,1,true,true,14,14
8,2,7,3,3,56,1,0.017857,4.0,4,4,2,1,1,true,true,18,18
8,2,7,5,0,56,12,0.214286,4.0,4,4,2,1,1,true,true,6,6
8,2,7,5,1,56,5,0.089286,4.0,4,4,2,1,1,true,true,10,10
8,2,7,5,2,56,3,0.053571,4.0,4,4,2,1,1,true,true,14,14
8,2,7,5,3,56,2,0.035714,4.0,4,4,2,1,1,true,true,18,18
8,3,1,3,0,448,69,0.154018,4.0,4,4,2,1,1,false,true,7,7
8,3,1,3,1,448,50,0.111607,4.0,4,4,2,1,1,false,true,11,11
8,3,1,3,2,448,35,0.078125,4.0,4,4,2,1,1,false,true,15,15
8,3,1,3,3,448,20,0.044643,4.0,4,4,2,1,1,false,true,19,19
8,3,1,5,0,448,71,0.158482,4.0,4,4,2,1,1,false,true,7,7
8,3,1,5,1,448,47,0.104911,4.0,4,4,2,1,1,false,true,11,11
8,3,1,5,2,448,40,0.089286,4.0,4,4,2,1,1,false,true,15,15
8,3,1,5,3,448,21,0.046875,4.0,4,4,2,1,1,false,true,19,19
8,3,1,7,0,448,64,0.142857,4.0,4,4,2,1,1,false,true,7,7
8,3,1,7,1,448,40,0.089286,4.0,4,4,2,1,1,false,true,11,11
8,3,1,7,2,448,38,0.084821,4.0,4,4,2,1,1,false,true,15,15
8,3,1,7,3,448,23,0.051339,4.0,4,4,2,1,1,false,true,19,19
8,3,3,1,0,448,65,0.145089,4.0,4,4,2,1,1,true,false,7,7
8,3,3,1,1,448,44,0.098214,4.0,4,4,2,1,1,true,false,11,11
8,3,3,1,2,448,28,0.062500,4.0,4,4,2,1,1,true,false,15,15
8,3,3,1,3,448,21,0.046875,4.0,4,4,2,1,1,true,false,19,19
8,3,3,5,0,448,68,0.151786,4.0,4,4,2,1,1,true,true,7,7
8,3,3,5,1,448,37,0.082589,4.0,4,4,2,1,1,true,true,11,11
8,3,3,5,2,448,28,0.062500,4.0,4,4,2,1,1,true,true,15,15
8,3,3,5,3,448,19,0.042411,4.0,4,4,2,1,1,true,true,19,19
8,3,3,7,0,448,70,0.156250,4.0,4,4,2,1,1,true,true,7,7
8,3,3,7,1,448,32,0.071429,4.0,4,4,2,1,1,true,true,11,11
8,3,3,7,2,448,33,0.073661,4.0,4,4,2,1,1,true,true,15,15
8,3,3,7,3,448,20,0.044643,4.0,4,4,2,1,1,true,true,19,19
8,3,5,1,0,448,67,0.149554,4.0,4,4,2,1,1,true,false,7,7
8,3,5,1,1,448,42,0.093750,4.0,4,4,2,1,1,true,false,11,11
8,3,5,1,2,448,26,0.058036,4.0,4,4,2,1,1,true,false,15,15
8,3,5,1,3,448,25,0.055804,4.0,4,4,2,1,1,true,false,19,19
8,3,5,3,0,448,59,0.131696,4.0,4,4,2,1,1,true,true,7,7
8,3,5,3,1,448,38,0.084821,4.0,4,4,2,1,1,true,true,11,11
8,3,5,3,2,448,32,0.071429,4.0,4,4,2,1,1,true,true,15,15
8,3,5,3,3,448,17,0.037946,4.0,4,4,2,1,1,true,true,19,19
8,3,5,7,0,448,60,0.133929,4.0,4,4,2,1,1,true,true,7,7
8,3,5,7,1,448,38,0.084821,4.0,4,4,2,1,1,true,true,11,11
8,3,5,7,2,448,29,0.064732,4.0,4,4,2,1,1,true,true,15,15
8,3,5,7,3,448,21,0.046875,4.0,4,4,2,1,1,true,true,19,19
8,3,7,1,0,448,67,0.149554,4.0,4,4,2,1,1,true,false,7,7
8,3,7,1,1,448,47,0.104911,4.0,4,4,2,1,1,true,false,11,11
8,3,7,1,2,448,26,0.058036,4.0,4,4,2,1,1,true,false,15,15
8,3,7,1,3,448,26,0.058036,4.0,4,4,2,1,1,true,false,19,19
8,3,7,3,0,448,67,0.149554,4.0,4,4,2,1,1,true,true,7,7
8,3,7,3,1,448,33,0.073661,4.0,4,4,2,1,1,true,true,11,11
8,3,7,3,2,448,31,0.069196,4.0,4,4,2,1,1,true,true,15,15
8,3,7,3,3,448,16,0.035714,4.0,4,4,2,1,1,true,true,19,19
8,3,7,5,0,448,68,0.151786,4.0,4,4,2,1,1,true,true,7,7
8,3,7,5,1,448,48,0.107143,4.0,4,4,2,1,1,true,true,11,11
8,3,7,5,2,448,31,0.069196,4.0,4,4,2,1,1,true,true,15,15
8,3,7,5,3,448,17,0.037946,4.0,4,4,2,1,1,true,true,19,19
10,1,1,3,0,9,3,0.333333,5.0,4,4,10,1,1,false,true,5,5
10,1,1,3,1,9,1,0.111111,5.0,4,4,10,1,1,false,true,9,9
10,1,1,3,2,9,0,0.000000,5.0,4,4,10,1,1,false,true,13,13
10,1,1,3,3,9,2,0.222222,5.0,4,4,10,1,1,false,true,17,17
10,1,1,7,0,9,2,0.222222,5.0,4,4,10,1,1,false,true,5,5
10,1,1,7,1,9,1,0.111111,5.0,4,4,10,1,1,false,true,9,9
10,1,1,7,2,9,1,0.111111,5.0,4,4,10,1,1,false,true,13,13
10,1,1,7,3,9,0,0.000000,5.0,4,4,10,1,1,false,true,17,17
10,1,1,9,0,9,3,0.333333,5.0,4,4,10,1,1,false,false,5,5
10,1,1,9,1,9,0,0.000000,5.0,4,4,10,1,1,false,false,9,9
10,1,1,9,2,9,1,0.111111,5.0,4,4,10,1,1,false,false,13,13
10,1,1,9,3,9,0,0.000000,5.0,4,4,10,1,1,false,false,17,17
10,1,3,1,0,9,1,0.111111,5.0,4,4,10,1,1,true,false,5,5
10,1,3,1,1,9,1,0.111111,5.0,4,4,10,1,1,true,false,9,9
10,1,3,1,2,9,0,0.000000,5.0,4,4,10,1,1,true,false,13,13
10,1,3,1,3,9,0,0.000000,5.0,4,4,10,1,1,true,false,17,17
10,1,3,7,0,9,2,0.222222,5.0,4,4,10,1,1,true,true,5,5
10,1,3,7,1,9,1,0.111111,5.0,4,4,10,1,1,true,true,9,9
10,1,3,7,2,9,1,0.111111,5.0,4,4,10,1,1,true,true,13,13
10,1,3,7,3,9,0,0.000000,5.0,4,4,10,1,1,true,true,17,17
10,1,3,9,0,9,1,0.111111,5.0,4,4,10,1,1,true,false,5,5
10,1,3,9,1,9,3,0.333333,5.0,4,4,10,1,1,true,false,9,9
10,1,3,9,2,9,0,0.000000,5.0,4,4,10,1,1,true,false,13,13
10,1,3,9,3,9,1,0.111111,5.0,4,4,10,1,1,true,false,17,17
10,1,7,1,0,9,2,0.222222,5.0,4,4,10,1,1,true,false,5,5
10,1,7,1,1,9,0,0.000000,5.0,4,4,10,1,1,true,false,9,9
10,1,7,1,2,9,1,0.111111,5.0,4,4,10,1,1,true,false,13,13
10,1,7,1,3,9,1,0.111111,5.0,4,4,10,1,1,true,false,17,17
10,1,7,3,0,9,2,0.222222,5.0,4,4,10,1,1,true,true,5,5
10,1,7,3,1,9,1,0.111111,5.0,4,4,10,1,1,true,true,9,9
10,1,7,3,2,9,0,0.000000,5.0,4,4,10,1,1,true,true,13,13
10,1,7,3,3,9,1,0.111111,5.0,4,4,10,1,1,true,true,17,17
10,1,7,9,0,9,3,0.333333,5.0,4,4,10,1,1,true,false,5,5
10,1,7,9,1,9,2,0.222222,5.0,4,4,10,1,1,true,false,9,9
10,1,7,9,2,9,0,0.000000,5.0,4,4,10,1,1,true,false,13,13
10,1,7,9,3,9,0,0.000000,5.0,4,4,10,1,1,true,false,17,17
10,1,9,1,0,9,0,0.000000,5.0,4,4,10,1,1,false,false,5,5
10,1,9,1,1,9,1,0.111111,5.0,4,4,10,1,1,false,false,9,9
10,1,9,1,2,9,0,0.000000,5.0,4,4,10,1,1,false,false,13,13
10,1,9,1,3,9,0,0.000000,5.0,4,4,10,1,1,false,false,17,17
10,1,9,3,0,9,3,0.333333,5.0,4,4,10,1,1,false,true,5,5
10,1,9,3,1,9,1,0.111111,5.0,4,4,10,1,1,false,true,9,9
10,1,9,3,2,9,2,0.222222,5.0,4,4,10,1,1,false,true,13,13
10,1,9,3,3,9,1,0.111111,5.0,4,4,10,1,1,false,true,17,17
10,1,9,7,0,9,3,0.333333,5.0,4,4,10,1,1,false,true,5,5
10,1,9,7,1,9,0,0.000000,5.0,4,4,10,1,1,false,true,9,9
10,1,9,7,2,9,0,0.000000,5.0,4,4,10,1,1,false,true,13,13
10,1,9,7,3,9,0,0.000000,5.0,4,4,10,1,1,false,true,17,17
10,2,1,3,0,90,16,0.177778,5.0,4,4,10,1,1,false,true,6,6
10,2,1,3,1,90,11,0.122222,5.0,4,4,10,1,1,false,true,10,10
10,2,1,3,2,90,8,0.088889,5.0,4,4,10,1,1,false,true,14,14
10,2,1,3,3,90,7,0.077778,5.0,4,4,10,1,1,false,true,18,18
10,2,1,7,0,90,11,0.122222,5.0,4,4,10,1,1,false,true,6,6
10,2,1,7,1,90,11,0.122222,5.0,4,4,10,1,1,false,true,10,10
10,2,1,7,2,90,5,0.055556,5.0,4,4,10,1,1,false,true,14,14
10,2,1,7,3,90,3,0.033333,5.0,4,4,10,1,1,false,true,18,18
10,2,1,9,0,90,19,0.211111,5.0,4,4,10,1,1,false,false,6,6
10,2,1,9,1,90,8,0.088889,5.0,4,4,10,1,1,false,false,10,10
10,2,1,9,2,90,8,0.088889,5.0,4,4,10,1,1,false,false,14,14
10,2,1,9,3,90,6,0.066667,5.0,4,4,10,1,1,false,false,18,18
10,2,3,1,0,90,15,0.166667,5.0,4,4,10,1,1,true,false,6,6
10,2,3,1,1,90,7,0.077778,5.0,4,4,10,1,1,true,false,10,10
10,2,3,1,2,90,7,0.077778,5.0,4,4,10,1,1,true,false,14,14
10,2,3,1,3,90,3,0.033333,5.0,4,4,10,1,1,true,false,18,18
10,2,3,7,0,90,19,0.211111,5.0,4,4,10,1,1,true,true,6,6
10,2,3,7,1,90,9,0.100000,5.0,4,4,10,1,1,true,true,10,10
10,2,3,7,2,90,8,0.088889,5.0,4,4,10,1,1,true,true,14,14
10,2,3,7,3,90,5,0.055556,5.0,4,4,10,1,1,true,true,18,18
10,2,3,9,0,90,16,0.177778,5.0,4,4,10,1,1,true,false,6,6
10,2,3,9,1,90,9,0.100000,5.0,4,4,10,1,1,true,false,10,10
10,2,3,9,2,90,9,0.100000,5.0,4,4,10,1,1,true,false,14,14
10,2,3,9,3,90,3,0.033333,5.0,4,4,10,1,1,true,false,18,18
10,2,7,1,0,90,20,0.222222,5.0,4,4,10,1,1,true,false,6,6
10,2,7,1,1,90,11,0.122222,5.0,4,4,10,1,1,true,false,10,10
10,2,7,1,2,90,4,0.044444,5.0,4,4,10,1,1,true,false,14,14
10,2,7,1,3,90,7,0.077778,5.0,4,4,10,1,1,true,false,18,18
10,2,7,3,0,90,14,0.155556,5.0,4,4,10,1,1,true,true,6,6
10,2,7,3,1,90,7,0.077778,5.0,4,4,10,1,1,true,true,10,10
10,2,7,3,2,90,7,0.077778,5.0,4,4,10,1,1,true,true,14,14
10,2,7,3,3,90,4,0.044444,5.0,4,4,10,1,1,true,true,18,18
10,2,7,9,0,90,15,0.166667,5.0,4,4,10,1,1,true,false,6,6
10,2,7,9,1,90,11,0.122222,5.0,4,4,10,1,1,true,false,10,10
10,2,7,9,2,90,9,0.100000,5.0,4,4,10,1,1,true,false,14,14
10,2,7,9,3,90,6,0.066667,5.0,4,4,10,1,1,true,false,18,18
10,2,9,1,0,90,17,0.188889,5.0,4,4,10,1,1,false,false,6,6
10,2,9,1,1,90,10,0.111111,5.0,4,4,10,1,1,false,false,10,10
10,2,9,1,2,90,11,0.122222,5.0,4,4,10,1,1,false,false,14,14
10,2,9,1,3,90,5,0.055556,5.0,4,4,10,1,1,false,false,18,18
10,2,9,3,0,90,19,0.211111,5.0,4,4,10,1,1,false,true,6,6
10,2,9,3,1,90,9,0.100000,5.0,4,4,10,1,1,false,true,10,10
10,2,9,3,2,90,9,0.100000,5.0,4,4,10,1,1,false,true,14,14
10,2,9,3,3,90,10,0.111111,5.0,4,4,10,1,1,false,true,18,18
10,2,9,7,0,90,14,0.155556,5.0,4,4,10,1,1,false,true,6,6
10,2,9,7,1,90,9,0.100000,5.0,4,4,10,1,1,false,true,10,10
10,2,9,7,2,90,7,0.077778,5.0,4,4,10,1,1,false,true,14,14
10,2,9,7,3,90,5,0.055556,5.0,4,4,10,1,1,false,true,18,18
10,3,1,3,0,900,145,0.161111,5.0,4,4,10,1,1,false,true,7,7
10,3,1,3,1,900,107,0.118889,5.0,4,4,10,1,1,false,true,11,11
10,3,1,3,2,900,75,0.083333,5.0,4,4,10,1,1,false,true,15,15
10,3,1,3,3,900,50,0.055556,5.0,4,4,10,1,1,false,true,19,19
10,3,1,7,0,900,163,0.181111,5.0,4,4,10,1,1,false,true,7,7
10,3,1,7,1,900,117,0.130000,5.0,4,4,10,1,1,false,true,11,11
10,3,1,7,2,900,62,0.068889,5.0,4,4,10,1,1,false,true,15,15
10,3,1,7,3,900,60,0.066667,5.0,4,4,10,1,1,false,true,19,19
10,3,1,9,0,900,160,0.177778,5.0,4,4,10,1,1,false,false,7,7
10,3,1,9,1,900,96,0.106667,5.0,4,4,10,1,1,false,false,11,11
10,3,1,9,2,900,74,0.082222,5.0,4,4,10,1,1,false,false,15,15
10,3,1,9,3,900,42,0.046667,5.0,4,4,10,1,1,false,false,19,19
10,3,3,1,0,900,156,0.173333,5.0,4,4,10,1,1,true,false,7,7
10,3,3,1,1,900,99,0.110000,5.0,4,4,10,1,1,true,false,11,11
10,3,3,1,2,900,79,0.087778,5.0,4,4,10,1,1,true,false,15,15
10,3,3,1,3,900,44,0.048889,5.0,4,4,10,1,1,true,false,19,19
10,3,3,7,0,900,157,0.174444,5.0,4,4,10,1,1,true,true,7,7
10,3,3,7,1,900,89,0.098889,5.0,4,4,10,1,1,true,true,11,11
10,3,3,7,2,900,66,0.073333,5.0,4,4,10,1,1,true,true,15,15
10,3,3,7,3,900,61,0.067778,5.0,4,4,10,1,1,true,true,19,19
10,3,3,9,0,900,156,0.173333,5.0,4,4,10,1,1,true,false,7,7
10,3,3,9,1,900,92,0.102222,5.0,4,4,10,1,1,true,false,11,11
10,3,3,9,2,900,72,0.080000,5.0,4,4,10,1,1,true,false,15,15
10,3,3,9,3,900,54,0.060000,5.0,4,4,10,1,1,true,false,19,19
10,3,7,1,0,900,142,0.157778,5.0,4,4,10,1,1,true,false,7,7
10,3,7,1,1,900,104,0.115556,5.0,4,4,10,1,1,true,false,11,11
10,3,7,1,2,900,59,0.065556,5.0,4,4,10,1,1,true,false,15,15
10,3,7,1,3,900,51,0.056667,5.0,4,4,10,1,1,true,false,19,19
10,3,7,3,0,900,129,0.143333,5.0,4,4,10,1,1,true,true,7,7
10,3,7,3,1,900,91,0.101111,5.0,4,4,10,1,1,true,true,11,11
10,3,7,3,2,900,65,0.072222,5.0,4,4,10,1,1,true,true,15,15
10,3,7,3,3,900,39,0.043333,5.0,4,4,10,1,1,true,true,19,19
10,3,7,9,0,900,135,0.150000,5.0,4,4,10,1,1,true,false,7,7
10,3,7,9,1,900,93,0.103333,5.0,4,4,10,1,1,true,false,11,11
10,3,7,9,2,900,69,0.076667,5.0,4,4,10,1,1,true,false,15,15
10,3,7,9,3,900,45,0.050000,5.0,4,4,10,1,1,true,false,19,19
10,3,9,1,0,900,136,0.151111,5.0,4,4,10,1,1,false,false,7,7
10,3,9,1,1,900,91,0.101111,5.0,4,4,10,1,1,false,false,11,11
10,3,9,1,2,900,80,0.088889,5.0,4,4,10,1,1,false,false,15,15
10,3,9,1,3,900,62,0.068889,5.0,4,4,10,1,1,false,false,19,19
10,3,9,3,0,900,133,0.147778,5.0,4,4,10,1,1,false,true,7,7
10,3,9,3,1,900,80,0.088889,5.0,4,4,10,1,1,false,true,11,11
10,3,9,3,2,900,76,0.084444,5.0,4,4,10,1,1,false,true,15,15
10,3,9,3,3,900,55,0.061111,5.0,4,4,10,1,1,false,true,19,19
10,3,9,7,0,900,145,0.161111,5.0,4,4,10,1,1,false,true,7,7
10,3,9,7,1,900,86,0.095556,5.0,4,4,10,1,1,false,true,11,11
10,3,9,7,2,900,64,0.071111,5.0,4,4,10,1,1,false,true,15,15
10,3,9,7,3,900,66,0.073333,5.0,4,4,10,1,1,false,true,19,19
12,1,1,5,0,11,2,0.181818,6.0,4,6,6,1,1,false,true,5,5
12,1,1,5,1,11,1,0.090909,6.0,4,6,6,1,1,false,true,9,9
12,1,1,5,2,11,0,0.000000,6.0,4,6,6,1,1,false,true,13,13
12,1,1,5,3,11,0,0.000000,6.0,4,6,6,1,1,false,true,17,17
12,1,1,7,0,11,5,0.454545,6.0,4,6,6,1,1,false,true,5,5
12,1,1,7,1,11,2,0.181818,6.0,4,6,6,1,1,false,true,9,9
12,1,1,7,2,11,1,0.090909,6.0,4,6,6,1,1,false,true,13,13
12,1,1,7,3,11,0,0.000000,6.0,4,6,6,1,1,false,true,17,17
12,1,1,11,0,11,1,0.090909,6.0,4,6,6,1,1,false,true,5,5
12,1,1,11,1,11,3,0.272727,6.0,4,6,6,1,1,false,true,9,9
12,1,1,11,2,11,1,0.090909,6.0,4,6,6,1,1,false,true,13,13
12,1,1,11,3,11,0,0.000000,6.0,4,6,6,1,1,false,true,17,17
12,1,5,1,0,11,2,0.181818,6.0,4,6,6,1,1,true,false,5,5
12,1,5,1,1,11,3,0.272727,6.0,4,6,6,1,1,true,false,9,9
12,1,5,1,2,11,1,0.090909,6.0,4,6,6,1,1,true,false,13,13
12,1,5,1,3,11,1,0.090909,6.0,4,6,6,1,1,true,false,17,17
12,1,5,7,0,11,2,0.181818,6.0,4,6,6,1,1,true,true,5,5
12,1,5,7,1,11,2,0.181818,6.0,4,6,6,1,1,true,true,9,9
12,1,5,7,2,11,0,0.000000,6.0,4,6,6,1,1,true,true,13,13
12,1,5,7,3,11,1,0.090909,6.0,4,6,6,1,1,true,true,17,17
12,1,5,11,0,11,4,0.363636,6.0,4,6,6,1,1,true,true,5,5
12,1,5,11,1,11,2,0.181818,6.0,4,6,6,1,1,true,true,9,9
12,1,5,11,2,11,2,0.181818,6.0,4,6,6,1,1,true,true,13,13
12,1,5,11,3,11,0,0.000000,6.0,4,6,6,1,1,true,true,17,17
12,1,7,1,0,11,3,0.272727,6.0,4,6,6,1,1,true,false,5,5
12,1,7,1,1,11,0,0.000000,6.0,4,6,6,1,1,true,false,9,9
12,1,7,1,2,11,0,0.000000,6.0,4,6,6,1,1,true,false,13,13
12,1,7,1,3,11,2,0.181818,6.0,4,6,6,1,1,true,false,17,17
12,1,7,5,0,11,5,0.454545,6.0,4,6,6,1,1,true,true,5,5
12,1,7,5,1,11,1,0.090909,6.0,4,6,6,1,1,true,true,9,9
12,1,7,5,2,11,1,0.090909,6.0,4,6,6,1,1,true,true,13,13
12,1,7,5,3,11,1,0.090909,6.0,4,6,6,1,1,true,true,17,17
12,1,7,11,0,11,3,0.272727,6.0,4,6,6,1,1,true,true,5,5
12,1,7,11,1,11,2,0.181818,6.0,4,6,6,1,1,true,true,9,9
12,1,7,11,2,11,0,0.000000,6.0,4,6,6,1,1,true,true,13,13
12,1,7,11,3,11,1,0.090909,6.0,4,6,6,1,1,true,true,17,17
12,1,11,1,0,11,3,0.272727,6.0,4,6,6,1,1,true,false,5,5
12,1,11,1,1,11,1,0.090909,6.0,4,6,6,1,1,true,false,9,9
12,1,11,1,2,11,0,0.000000,6.0,4,6,6,1,1,true,false,13,13
12,1,11,1,3,11,2,0.181818,6.0,4,6,6,1,1,true,false,17,17
12,1,11,5,0,11,3,0.272727,6.0,4,6,6,1,1,true,true,5,5
12,1,11,5,1,11,1,0.090909,6.0,4,6,6,1,1,true,true,9,9
12,1,11,5,2,11,0,0.000000,6.0,4,6,6,1,1,true,true,13,13
12,1,11,5,3,11,0,0.000000,6.0,4,6,6,1,1,true,true,17,17
12,1,11,7,0,11,2,0.181818,6.0,4,6,6,1,1,true,true,5,5
12,1,11,7,1,11,1,0.090909,6.0,4,6,6,1,1,true,true,9,9
12,1,11,7,2,11,0,0.000000,6.0,4,6,6,1,1,true,true,13,13
12,1,11,7,3,11,1,0.090909,6.0,4,6,6,1,1,true,true,17,17
12,2,1,5,0,132,29,0.219697,6.0,4,6,6,1,1,false,true,6,6
12,2,1,5,1,132,18,0.136364,6.0,4,6,6,1,1,false,true,10,10
12,2,1,5,2,132,12,0.090909,6.0,4,6,6,1,1,false,true,14,14
12,2,1,5,3,132,7,0.053030,6.0,4,6,6,1,1,false,true,18,18
12,2,1,7,0,132,25,0.189394,6.0,4,6,6,1,1,false,true,6,6
12,2,1,7,1,132,14,0.106061,6.0,4,6,6,1,1,false,true,10,10
12,2,1,7,2,132,13,0.098485,6.0,4,6,6,1,1,false,true,14,14
12,2,1,7,3,132,12,0.090909,6.0,4,6,6,1,1,false,true,18,18
12,2,1,11,0,132,33,0.250000,6.0,4,6,6,1,1,false,true,6,6
12,2,1,11,1,132,20,0.151515,6.0,4,6,6,1,1,false,true,10,10
12,2,1,11,2,132,11,0.083333,6.0,4,6,6,1,1,false,true,14,14
12,2,1,11,3,132,7,0.053030,6.0,4,6,6,1,1,false,true,18,18
12,2,5,1,0,132,27,0.204545,6.0,4,6,6,1,1,true,false,6,6
12,2,5,1,1,132,15,0.113636,6.0,4,6,6,1,1,true,false,10,10
12,2,5,1,2,132,15,0.113636,6.0,4,6,6,1,1,true,false,14,14
12,2,5,1,3,132,1,0.007576,6.0,4,6,6,1,1,true,false,18,18
12,2,5,7,0,132,27,0.204545,6.0,4,6,6,1,1,true,true,6,6
12,2,5,7,1,132,19,0.143939,6.0,4,6,6,1,1,true,true,10,10
12,2,5,7,2,132,9,0.068182,6.0,4,6,6,1,1,true,true,14,14
12,2,5,7,3,132,9,0.068182,6.0,4,6,6,1,1,true,true,18,18
12,2,5,11,0,132,29,0.219697,6.0,4,6,6,1,1,true,true,6,6
12,2,5,11,1,132,14,0.106061,6.0,4,6,6,1,1,true,true,10,10
12,2,5,11,2,132,7,0.053030,6.0,4,6,6,1,1,true,true,14,14
12,2,5,11,3,132,8,0.060606,6.0,4,6,6,1,1,true,true,18,18
12,2,7,1,0,132,24,0.181818,6.0,4,6,6,1,1,true,false,6,6
12,2,7,1,1,132,20,0.151515,6.0,4,6,6,1,1,true,false,10,10
12,2,7,1,2,132,11,0.083333,6.0,4,6,6,1,1,true,false,14,14
12,2,7,1,3,132,12,0.090909,6.0,4,6,6,1,1,true,false,18,18
12,2,7,5,0,132,27,0.204545,6.0,4,6,6,1,1,true,true,6,6
12,2,7,5,1,132,24,0.181818,6.0,4,6,6,1,1,true,true,10,10
12,2,7,5,2,132,11,0.083333,6.0,4,6,6,1,1,true,true,14,14
12,2,7,5,3,132,12,0.090909,6.0,4,6,6,1,1,true,true,18,18
12,2,7,11,0,132,30,0.227273,6.0,4,6,6,1,1,true,true,6,6
12,2,7,11,1,132,13,0.098485,6.0,4,6,6,1,1,true,true,10,10
12,2,7,11,2,132,14,0.106061,6.0,4,6,6,1,1,true,true,14,14
12,2,7,11,3,132,7,0.053030,6.0,4,6,6,1,1,true,true,18,18
12,2,11,1,0,132,22,0.166667,6.0,4,6,6,1,1,true,false,6,6
12,2,11,1,1,132,20,0.151515,6.0,4,6,6,1,1,true,false,10,10
12,2,11,1,2,132,7,0.053030,6.0,4,6,6,1,1,true,false,14,14
12,2,11,1,3,132,11,0.083333,6.0,4,6,6,1,1,true,false,18,18
12,2,11,5,0,132,22,0.166667,6.0,4,6,6,1,1,true,true,6,6
12,2,11,5,1,132,18,0.136364,6.0,4,6,6,1,1,true,true,10,10
12,2,11,5,2,132,7,0.053030,6.0,4,6,6,1,1,true,true,14,14
12,2,11,5,3,132,7,0.053030,6.0,4,6,6,1,1,true,true,18,18
12,2,11,7,0,132,32,0.242424,6.0,4,6,6,1,1,true,true,6,6
12,2,11,7,1,132,16,0.121212,6.0,4,6,6,1,1,true,true,10,10
12,2,11,7,2,132,13,0.098485,6.0,4,6,6,1,1,true,true,14,14
12,2,11,7,3,132,9,0.068182,6.0,4,6,6,1,1,true,true,18,18
12,3,1,5,0,1584,323,0.203914,6.0,4,6,6,1,1,false,true,7,7
12,3,1,5,1,1584,202,0.127525,6.0,4,6,6,1,1,false,true,11,11
12,3,1,5,2,1584,141,0.089015,6.0,4,6,6,1,1,false,true,15,15
12,3,1,5,3,1584,122,0.077020,6.0,4,6,6,1,1,false,true,19,19
12,3,1,7,0,1584,307,0.193813,6.0,4,6,6,1,1,false,true,7,7
12,3,1,7,1,1584,185,0.116793,6.0,4,6,6,1,1,false,true,11,11
12,3,1,7,2,1584,126,0.079545,6.0,4,6,6,1,1,false,true,15,15
12,3,1,7,3,1584,97,0.061237,6.0,4,6,6,1,1,false,true,19,19
12,3,1,11,0,1584,288,0.181818,6.0,4,6,6,1,1,false,true,7,7
12,3,1,11,1,1584,186,0.117424,6.0,4,6,6,1,1,false,true,11,11
12,3,1,11,2,1584,111,0.070076,6.0,4,6,6,1,1,false,true,15,15
12,3,1,11,3,1584,101,0.063763,6.0,4,6,6,1,1,false,true,19,19
12,3,5,1,0,1584,301,0.190025,6.0,4,6,6,1,1,true,false,7,7
12,3,5,1,1,1584,178,0.112374,6.0,4,6,6,1,1,true,false,11,11
12,3,5,1,2,1584,132,0.083333,6.0,4,6,6,1,1,true,false,15,15
12,3,5,1,3,1584,109,0.068813,6.0,4,6,6,1,1,true,false,19,19
12,3,5,7,0,1584,274,0.172980,6.0,4,6,6,1,1,true,true,7,7
12,3,5,7,1,1584,177,0.111742,6.0,4,6,6,1,1,true,true,11,11
12,3,5,7,2,1584,138,0.087121,6.0,4,6,6,1,1,true,true,15,15
12,3,5,7,3,1584,112,0.070707,6.0,4,6,6,1,1,true,true,19,19
12,3,5,11,0,1584,274,0.172980,6.0,4,6,6,1,1,true,true,7,7
12,3,5,11,1,1584,181,0.114268,6.0,4,6,6,1,1,true,true,11,11
12,3,5,11,2,1584,138,0.087121,6.0,4,6,6,1,1,true,true,15,15
12,3,5,11,3,1584,95,0.059975,6.0,4,6,6,1,1,true,true,19,19
12,3,7,1,0,1584,275,0.173611,6.0,4,6,6,1,1,true,false,7,7
12,3,7,1,1,1584,158,0.099747,6.0,4,6,6,1,1,true,false,11,11
12,3,7,1,2,1584,122,0.077020,6.0,4,6,6,1,1,true,false,15,15
12,3,7,1,3,1584,116,0.073232,6.0,4,6,6,1,1,true,false,19,19
12,3,7,5,0,1584,270,0.170455,6.0,4,6,6,1,1,true,true,7,7
12,3,7,5,1,1584,149,0.094066,6.0,4,6,6,1,1,true,true,11,11
12,3,7,5,2,1584,128,0.080808,6.0,4,6,6,1,1,true,true,15,15
12,3,7,5,3,1584,118,0.074495,6.0,4,6,6,1,1,true,true,19,19
12,3,7,11,0,1584,284,0.179293,6.0,4,6,6,1,1,true,true,7,7
12,3,7,11,1,1584,180,0.113636,6.0,4,6,6,1,1,true,true,11,11
12,3,7,11,2,1584,130,0.082071,6.0,4,6,6,1,1,true,true,15,15
12,3,7,11,3,1584,103,0.065025,6.0,4,6,6,1,1,true,true,19,19
12,3,11,1,0,1584,278,0.175505,6.0,4,6,6,1,1,true,false,7,7
12,3,11,1,1,1584,164,0.103535,6.0,4,6,6,1,1,true,false,11,11
12,3,11,1,2,1584,131,0.082702,6.0,4,6,6,1,1,true,false,15,15
12,3,11,1,3,1584,105,0.066288,6.0,4,6,6,1,1,true,false,19,19
12,3,11,5,0,1584,282,0.178030,6.0,4,6,6,1,1,true,true,7,7
12,3,11,5,1,1584,186,0.117424,6.0,4,6,6,1,1,true,true,11,11
12,3,11,5,2,1584,132,0.083333,6.0,4,6,6,1,1,true,true,15,15
12,3,11,5,3,1584,100,0.063131,6.0,4,6,6,1,1,true,true,19,19
12,3,11,7,0,1584,277,0.174874,6.0,4,6,6,1,1,true,true,7,7
12,3,11,7,1,1584,162,0.102273,6.0,4,6,6,1,1,true,true,11,11
12,3,11,7,2,1584,116,0.073232,6.0,4,6,6,1,1,true,true,15,15
12,3,11,7,3,1584,113,0.071338,6.0,4,6,6,1,1,true,true,19,19
14,1,1,3,0,13,4,0.307692,7.0,6,4,14,1,1,false,true,5,5
14,1,1,3,1,13,2,0.153846,7.0,6,4,14,1,1,false,true,9,9
14,1,1,3,2,13,0,0.000000,7.0,6,4,14,1,1,false,true,13,13
14,1,1,3,3,13,2,0.153846,7.0,6,4,14,1,1,false,true,17,17
14,1,1,5,0,13,2,0.153846,7.0,6,4,14,1,1,false,true,5,5
14,1,1,5,1,13,1,0.076923,7.0,6,4,14,1,1,false,true,9,9
14,1,1,5,2,13,1,0.076923,7.0,6,4,14,1,1,false,true,13,13
14,1,1,5,3,13,1,0.076923,7.0,6,4,14,1,1,false,true,17,17
14,1,1,9,0,13,1,0.076923,7.0,6,4,14,1,1,false,false,5,5
14,1,1,9,1,13,1,0.076923,7.0,6,4,14,1,1,false,false,9,9
14,1,1,9,2,13,0,0.000000,7.0,6,4,14,1,1,false,false,13,13
14,1,1,9,3,13,2,0.153846,7.0,6,4,14,1,1,false,false,17,17
14,1,1,11,0,13,2,0.153846,7.0,6,4,14,1,1,false,true,5,5
14,1,1,11,1,13,4,0.307692,7.0,6,4,14,1,1,false,true,9,9
14,1,1,11,2,13,2,0.153846,7.0,6,4,14,1,1,false,true,13,13
14,1,1,11,3,13,0,0.000000,7.0,6,4,14,1,1,false,true,17,17
14,1,1,13,0,13,2,0.153846,7.0,6,4,14,1,1,false,true,5,5
14,1,1,13,1,13,0,0.000000,7.0,6,4,14,1,1,false,true,9,9
14,1,1,13,2,13,2,0.153846,7.0,6,4,14,1,1,false,true,13,13
14,1,1,13,3,13,1,0.076923,7.0,6,4,14,1,1,false,true,17,17
14,1,3,1,0,13,2,0.153846,7.0,6,4,14,1,1,true,false,5,5
14,1,3,1,1,13,0,0.000000,7.0,6,4,14,1,1,true,false,9,9
14,1,3,1,2,13,1,0.076923,7.0,6,4,14,1,1,true,false,13,13
14,1,3,1,3,13,1,0.076923,7.0,6,4,14,1,1,true,false,17,17
14,1,3,5,0,13,2,0.153846,7.0,6,4,14,1,1,true,true,5,5
14,1,3,5,1,13,3,0.230769,7.0,6,4,14,1,1,true,true,9,9
14,1,3,5,2,13,1,0.076923,7.0,6,4,14,1,1,true,true,13,13
14,1,3,5,3,13,1,0.076923,7.0,6,4,14,1,1,true,true,17,17
14,1,3,9,0,13,1,0.076923,7.0,6,4,14,1,1,true,false,5,5
14,1,3,9,1,13,1,0.076923,7.0,6,4,14,1,1,true,false,9,9
14,1,3,9,2,13,0,0.000000,7.0,6,4,14,1,1,true,false,13,13
14,1,3,9,3,13,1,0.076923,7.0,6,4,14,1,1,true,false,17,17
14,1,3,11,0,13,1,0.076923,7.0,6,4,14,1,1,true,true,5,5
14,1,3,11,1,13,2,0.153846,7.0,6,4,14,1,1,true,true,9,9
14,1,3,11,2,13,0,0.000000,7.0,6,4,14,1,1,true,true,13,13
14,1,3,11,3,13,0,0.000000,7.0,6,4,14,1,1,true,true,17,17
14,1,3,13,0,13,2,0.153846,7.0,6,4,14,1,1,true,true,5,5
14,1,3,13,1,13,1,0.076923,7.0,6,4,14,1,1,true,true,9,9
14,1,3,13,2,13,2,0.153846,7.0,6,4,14,1,1,true,true,13,13
14,1,3,13,3,13,1,0.076923,7.0,6,4,14,1,1,true,true,17,17
14,1,5,1,0,13,0,0.000000,7.0,6,4,14,1,1,true,false,5,5
14,1,5,1,1,13,1,0.076923,7.0,6,4,14,1,1,true,false,9,9
14,1,5,1,2,13,0,0.000000,7.0,6,4,14,1,1,true,false,13,13
14,1,5,1,3,13,1,0.076923,7.0,6,4,14,1,1,true,false,17,17
14,1,5,3,0,13,2,0.153846,7.0,6,4,14,1,1,true,true,5,5
14,1,5,3,1,13,2,0.153846,7.0,6,4,14,1,1,true,true,9,9
14,1,5,3,2,13,1,0.076923,7.0,6,4,14,1,1,true,true,13,13
14,1,5,3,3,13,2,0.153846,7.0,6,4,14,1,1,true,true,17,17
14,1,5,9,0,13,3,0.230769,7.0,6,4,14,1,1,true,false,5,5
14,1,5,9,1,13,1,0.076923,7.0,6,4,14,1,1,true,false,9,9
14,1,5,9,2,13,1,0.076923,7.0,6,4,14,1,1,true,false,13,13
14,1,5,9,3,13,2,0.153846,7.0,6,4,14,1,1,true,false,17,17
14,1,5,11,0,13,4,0.307692,7.0,6,4,14,1,1,true,true,5,5
14,1,5,11,1,13,2,0.153846,7.0,6,4,14,1,1,true,true,9,9
14,1,5,11,2,13,1,0.076923,7.0,6,4,14,1,1,true,true,13,13
14,1,5,11,3,13,0,0.000000,7.0,6,4,14,1,1,true,true,17,17
14,1,5,13,0,13,4,0.307692,7.0,6,4,14,1,1,true,true,5,5
14,1,5,13,1,13,1,0.076923,7.0,6,4,14,1,1,true,true,9,9
14,1,5,13,2,13,1,0.076923,7.0,6,4,14,1,1,true,true,13,13
14,1,5,13,3,13,2,0.153846,7.0,6,4,14,1,1,true,true,17,17
14,1,9,1,0,13,2,0.153846,7.0,6,4,14,1,1,false,false,5,5
14,1,9,1,1,13,2,0.153846,7.0,6,4,14,1,1,false,false,9,9
14,1,9,1,2,13,1,0.076923,7.0,6,4,14,1,1,false,false,13,13
14,1,9,1,3,13,1,0.076923,7.0,6,4,14,1,1,false,false,17,17
14,1,9,3,0,13,1,0.076923,7.0,6,4,14,1,1,false,true,5,5
14,1,9,3,1,13,1,0.076923,7.0,6,4,14,1,1,false,true,9,9
14,1,9,3,2,13,1,0.076923,7.0,6,4,14,1,1,false,true,13,13
14,1,9,3,3,13,0,0.000000,7.0,6,4,14,1,1,false,true,17,17
14,1,9,5,0,13,1,0.076923,7.0,6,4,14,1,1,false,true,5,5
14,1,9,5,1,13,2,0.153846,7.0,6,4,14,1,1,false,true,9,9
14,1,9,5,2,13,0,0.000000,7.0,6,4,14,1,1,false,true,13,13
14,1,9,5,3,13,1,0.076923,7.0,6,4,14,1,1,false,true,17,17
14,1,9,11,0,13,3,0.230769,7.0,6,4,14,1,1,false,true,5,5
14,1,9,11,1,13,1,0.076923,7.0,6,4,14,1,1,false,true,9,9
14,1,9,11,2,13,2,0.153846,7.0,6,4,14,1,1,false,true,13,13
14,1,9,11,3,13,0,0.000000,7.0,6,4,14,1,1,false,true,17,17
14,1,9,13,0,13,3,0.230769,7.0,6,4,14,1,1,false,true,5,5
14,1,9,13,1,13,2,0.153846,7.0,6,4,14,1,1,false,true,9,9
14,1,9,13,2,13,0,0.000000,7.0,6,4,14,1,1,false,true,13,13
14,1,9,13,3,13,2,0.153846,7.0,6,4,14,1,1,false,true,17,17
14,1,11,1,0,13,1,0.076923,7.0,6,4,14,1,1,true,false,5,5
14,1,11,1,1,13,1,0.076923,7.0,6,4,14,1,1,true,false,9,9
14,1,11,1,2,13,1,0.076923,7.0,6,4,14,1,1,true,false,13,13
14,1,11,1,3,13,0,0.000000,7.0,6,4,14,1,1,true,false,17,17
14,1,11,3,0,13,2,0.153846,7.0,6,4,14,1,1,true,true,5,5
14,1,11,3,1,13,3,0.230769,7.0,6,4,14,1,1,true,true,9,9
14,1,11,3,2,13,0,0.000000,7.0,6,4,14,1,1,true,true,13,13
14,1,11,3,3,13,1,0.076923,7.0,6,4,14,1,1,true,true,17,17
14,1,11,5,0,13,2,0.153846,7.0,6,4,14,1,1,true,true,5,5
14,1,11,5,1,13,2,0.153846,7.0,6,4,14,1,1,true,true,9,9
14,1,11,5,2,13,0,0.000000,7.0,6,4,14,1,1,true,true,13,13
14,1,11,5,3,13,0,0.000000,7.0,6,4,14,1,1,true,true,17,17
14,1,11,9,0,13,2,0.153846,7.0,6,4,14,1,1,true,false,5,5
14,1,11,9,1,13,2,0.153846,7.0,6,4,14,1,1,true,false,9,9
14,1,11,9,2,13,2,0.153846,7.0,6,4,14,1,1,true,false,13,13
14,1,11,9,3,13,2,0.153846,7.0,6,4,14,1,1,true,false,17,17
14,1,11,13,0,13,3,0.230769,7.0,6,4,14,1,1,true,true,5,5
14,1,11,13,1,13,2,0.153846,7.0,6,4,14,1,1,true,true,9,9
14,1,11,13,2,13,0,0.000000,7.0,6,4,14,1,1,true,true,13,13
14,1,11,13,3,13,1,0.076923,7.0,6,4,14,1,1,true,true,17,17
14,1,13,1,0,13,4,0.307692,7.0,6,4,14,1,1,true,false,5,5
14,1,13,1,1,13,2,0.153846,7.0,6,4,14,1,1,true,false,9,9
14,1,13,1,2,13,3,0.230769,7.0,6,4,14,1,1,true,false,13,13
14,1,13,1,3,13,1,0.076923,7.0,6,4,14,1,1,true,false,17,17
14,1,13,3,0,13,3,0.230769,7.0,6,4,14,1,1,true,true,5,5
14,1,13,3,1,13,0,0.000000,7.0,6,4,14,1,1,true,true,9,9
14,1,13,3,2,13,1,0.076923,7.0,6,4,14,1,1,true,true,13,13
14,1,13,3,3,13,1,0.076923,7.0,6,4,14,1,1,true,true,17,17
14,1,13,5,0,13,2,0.153846,7.0,6,4,14,1,1,true,true,5,5
14,1,13,5,1,13,1,0.076923,7.0,6,4,14,1,1,true,true,9,9
14,1,13,5,2,13,0,0.000000,7.0,6,4,14,1,1,true,true,13,13
14,1,13,5,3,13,1,0.076923,7.0,6,4,14,1,1,true,true,17,17
14,1,13,9,0,13,1,0.076923,7.0,6,4,14,1,1,true,false,5,5
14,1,13,9,1,13,0,0.000000,7.0,6,4,14,1,1,true,false,9,9
14,1,13,9,2,13,0,0.000000,7.0,6,4,14,1,1,true,false,13,13
14,1,13,9,3,13,1,0.076923,7.0,6,4,14,1,1,true,false,17,17
14,1,13,11,0,13,1,0.076923,7.0,6,4,14,1,1,true,true,5,5
14,1,13,11,1,13,3,0.230769,7.0,6,4,14,1,1,true,true,9,9
14,1,13,11,2,13,1,0.076923,7.0,6,4,14,1,1,true,true,13,13
14,1,13,11,3,13,3,0.230769,7.0,6,4,14,1,1,true,true,17,17
14,2,1,3,0,182,33,0.181319,7.0,6,4,14,1,1,false,true,6,6
14,2,1,3,1,182,23,0.126374,7.0,6,4,14,1,1,false,true,10,10
14,2,1,3,2,182,14,0.076923,7.0,6,4,14,1,1,false,true,14,14
14,2,1,3,3,182,4,0.021978,7.0,6,4,14,1,1,false,true,18,18
14,2,1,5,0,182,38,0.208791,7.0,6,4,14,1,1,false,true,6,6
14,2,1,5,1,182,19,0.104396,7.0,6,4,14,1,1,false,true,10,10
14,2,1,5,2,182,12,0.065934,7.0,6,4,14,1,1,false,true,14,14
14,2,1,5,3,182,8,0.043956,7.0,6,4,14,1,1,false,true,18,18
14,2,1,9,0,182,31,0.170330,7.0,6,4,14,1,1,false,false,6,6
14,2,1,9,1,182,17,0.093407,7.0,6,4,14,1,1,false,false,10,10
14,2,1,9,2,182,12,0.065934,7.0,6,4,14,1,1,false,false,14,14
14,2,1,9,3,182,7,0.038462,7.0,6,4,14,1,1,false,false,18,18
14,2,1,11,0,182,34,0.186813,7.0,6,4,14,1,1,false,true,6,6
14,2,1,11,1,182,16,0.087912,7.0,6,4,14,1,1,false,true,10,10
14,2,1,11,2,182,16,0.087912,7.0,6,4,14,1,1,false,true,14,14
14,2,1,11,3,182,6,0.032967,7.0,6,4,14,1,1,false,true,18,18
14,2,1,13,0,182,28,0.153846,7.0,6,4,14,1,1,false,true,6,6
14,2,1,13,1,182,11,0.060440,7.0,6,4,14,1,1,false,true,10,10
14,2,1,13,2,182,11,0.060440,7.0,6,4,14,1,1,false,true,14,14
14,2,1,13,3,182,10,0.054945,7.0,6,4,14,1,1,false,true,18,18
14,2,3,1,0,182,23,0.126374,7.0,6,4,14,1,1,true,false,6,6
14,2,3,1,1,182,17,0.093407,7.0,6,4,14,1,1,true,false,10,10
14,2,3,1,2,182,10,0.054945,7.0,6,4,14,1,1,true,false,14,14
14,2,3,1,3,182,7,0.038462,7.0,6,4,14,1,1,true,false,18,18
14,2,3,5,0,182,25,0.137363,7.0,6,4,14,1,1,true,true,6,6
14,2,3,5,1,182,20,0.109890,7.0,6,4,14,1,1,true,true,10,10
14,2,3,5,2,182,6,0.032967,7.0,6,4,14,1,1,true,true,14,14
14,2,3,5,3,182,8,0.043956,7.0,6,4,14,1,1,true,true,18,18
14,2,3,9,0,182,32,0.175824,7.0,6,4,14,1,1,true,false,6,6
14,2,3,9,1,182,13,0.071429,7.0,6,4,14,1,1,true,false,10,10
14,2,3,9,2,182,11,0.060440,7.0,6,4,14,1,1,true,false,14,14
14,2,3,9,3,182,11,0.060440,7.0,6,4,14,1,1,true,false,18,18
14,2,3,11,0,182,30,0.164835,7.0,6,4,14,1,1,true,true,6,6
14,2,3,11,1,182,21,0.115385,7.0,6,4,14,1,1,true,true,10,10
14,2,3,11,2,182,12,0.065934,7.0,6,4,14,1,1,true,true,14,14
14,2,3,11,3,182,6,0.032967,7.0,6,4,14,1,1,true,true,18,18
14,2,3,13,0,182,29,0.159341,7.0,6,4,14,1,1,true,true,6,6
14,2,3,13,1,182,16,0.087912,7.0,6,4,14,1,1,true,true,10,10
14,2,3,13,2,182,17,0.093407,7.0,6,4,14,1,1,true,true,14,14
14,2,3,13,3,182,7,0.038462,7.0,6,4,14,1,1,true,true,18,18
14,2,5,1,0,182,33,0.181319,7.0,6,4,14,1,1,true,false,6,6
14,2,5,1,1,182,24,0.131868,7.0,6,4,14,1,1,true,false,10,10
14,2,5,1,2,182,14,0.076923,7.0,6,4,14,1,1,true,false,14,14
14,2,5,1,3,182,10,0.054945,7.0,6,4,14,1,1,true,false,18,18
14,2,5,3,0,182,32,0.175824,7.0,6,4,14,1,1,true,true,6,6
14,2,5,3,1,182,17,0.093407,7.0,6,4,14,1,1,true,true,10,10
14,2,5,3,2,182,11,0.060440,7.0,6,4,14,1,1,true,true,14,14
14,2,5,3,3,182,13,0.071429,7.0,6,4,14,1,1,true,true,18,18
14,2,5,9,0,182,23,0.126374,7.0,6,4,14,1,1,true,false,6,6
14,2,5,9,1,182,18,0.098901,7.0,6,4,14,1,1,true,false,10,10
14,2,5,9,2,182,12,0.065934,7.0,6,4,14,1,1,true,false,14,14
14,2,5,9,3,182,18,0.098901,7.0,6,4,14,1,1,true,false,18,18
14,2,5,11,0,182,26,0.142857,7.0,6,4,14,1,1,true,true,6,6
14,2,5,11,1,182,21,0.115385,7.0,6,4,14,1,1,true,true,10,10
14,2,5,11,2,182,8,0.043956,7.0,6,4,14,1,1,true,true,14,14
14,2,5,11,3,182,9,0.049451,7.0,6,4,14,1,1,true,true,18,18
14,2,5,13,0,182,31,0.170330,7.0,6,4,14,1,1,true,true,6,6
14,2,5,13,1,182,15,0.082418,7.0,6,4,14,1,1,true,true,10,10
14,2,5,13,2,182,8,0.043956,7.0,6,4,14,1,1,true,true,14,14
14,2,5,13,3,182,9,0.049451,7.0,6,4,14,1,1,true,true,18,18
14,2,9,1,0,182,26,0.142857,7.0,6,4,14,1,1,false,false,6,6
14,2,9,1,1,182,15,0.082418,7.0,6,4,14,1,1,false,false,10,10
14,2,9,1,2,182,14,0.076923,7.0,6,4,14,1,1,false,false,14,14
14,2,9,1,3,182,9,0.049451,7.0,6,4,14,1,1,false,false,18,18
14,2,9,3,0,182,26,0.142857,7.0,6,4,14,1,1,false,true,6,6
14,2,9,3,1,182,17,0.093407,7.0,6,4,14,1,1,false,true,10,10
14,2,9,3,2,182,10,0.054945,7.0,6,4,14,1,1,false,true,14,14
14,2,9,3,3,182,10,0.054945,7.0,6,4,14,1,1,false,true,18,18
14,2,9,5,0,182,33,0.181319,7.0,6,4,14,1,1,false,true,6,6
14,2,9,5,1,182,16,0.087912,7.0,6,4,14,1,1,false,true,10,10
14,2,9,5,2,182,10,0.054945,7.0,6,4,14,1,1,false,true,14,14
14,2,9,5,3,182,9,0.049451,7.0,6,4,14,1,1,false,true,18,18
14,2,9,11,0,182,22,0.120879,7.0,6,4,14,1,1,false,true,6,6
14,2,9,11,1,182,21,0.115385,7.0,6,4,14,1,1,false,true,10,10
14,2,9,11,2,182,12,0.065934,7.0,6,4,14,1,1,false,true,14,14
14,2,9,11,3,182,12,0.065934,7.0,6,4,14,1,1,false,true,18,18
14,2,9,13,0,182,30,0.164835,7.0,6,4,14,1,1,false,true,6,6
14,2,9,13,1,182,16,0.087912,7.0,6,4,14,1,1,false,true,10,10
14,2,9,13,2,182,14,0.076923,7.0,6,4,14,1,1,false,true,14,14
14,2,9,13,3,182,13,0.071429,7.0,6,4,14,1,1,false,true,18,18
14,2,11,1,0,182,32,0.175824,7.0,6,4,14,1,1,true,false,6,6
14,2,11,1,1,182,18,0.098901,7.0,6,4,14,1,1,true,false,10,10
14,2,11,1,2,182,16,0.087912,7.0,6,4,14,1,1,true,false,14,14
14,2,11,1,3,182,7,0.038462,7.0,6,4,14,1,1,true,false,18,18
14,2,11,3,0,182,27,0.148352,7.0,6,4,14,1,1,true,true,6,6
14,2,11,3,1,182,24,0.131868,7.0,6,4,14,1,1,true,true,10,10
14,2,11,3,2,182,13,0.071429,7.0,6,4,14,1,1,true,true,14,14
14,2,11,3,3,182,8,0.043956,7.0,6,4,14,1,1,true,true,18,18
14,2,11,5,0,182,28,0.153846,7.0,6,4,14,1,1,true,true,6,6
14,2,11,5,1,182,16,0.087912,7.0,6,4,14,1,1,true,true,10,10
14,2,11,5,2,182,17,0.093407,7.0,6,4,14,1,1,true,true,14,14
14,2,11,5,3,182,9,0.049451,7.0,6,4,14,1,1,true,true,18,18
14,2,11,9,0,182,34,0.186813,7.0,6,4,14,1,1,true,false,6,6
14,2,11,9,1,182,21,0.115385,7.0,6,4,14,1,1,true,false,10,10
14,2,11,9,2,182,17,0.093407,7.0,6,4,14,1,1,true,false,14,14
14,2,11,9,3,182,8,0.043956,7.0,6,4,14,1,1,true,false,18,18
14,2,11,13,0,182,21,0.115385,7.0,6,4,14,1,1,true,true,6,6
14,2,11,13,1,182,15,0.082418,7.0,6,4,14,1,1,true,true,10,10
14,2,11,13,2,182,11,0.060440,7.0,6,4,14,1,1,true,true,14,14
14,2,11,13,3,182,4,0.021978,7.0,6,4,14,1,1,true,true,18,18
14,2,13,1,0,182,29,0.159341,7.0,6,4,14,1,1,true,false,6,6
14,2,13,1,1,182,10,0.054945,7.0,6,4,14,1,1,true,false,10,10
14,2,13,1,2,182,10,0.054945,7.0,6,4,14,1,1,true,false,14,14
14,2,13,1,3,182,7,0.038462,7.0,6,4,14,1,1,true,false,18,18
14,2,13,3,0,182,25,0.137363,7.0,6,4,14,1,1,true,true,6,6
14,2,13,3,1,182,18,0.098901,7.0,6,4,14,1,1,true,true,10,10
14,2,13,3,2,182,10,0.054945,7.0,6,4,14,1,1,true,true,14,14
14,2,13,3,3,182,8,0.043956,7.0,6,4,14,1,1,true,true,18,18
14,2,13,5,0,182,22,0.120879,7.0,6,4,14,1,1,true,true,6,6
14,2,13,5,1,182,12,0.065934,7.0,6,4,14,1,1,true,true,10,10
14,2,13,5,2,182,8,0.043956,7.0,6,4,14,1,1,true,true,14,14
14,2,13,5,3,182,5,0.027473,7.0,6,4,14,1,1,true,true,18,18
14,2,13,9,0,182,29,0.159341,7.0,6,4,14,1,1,true,false,6,6
14,2,13,9,1,182,16,0.087912,7.0,6,4,14,1,1,true,false,10,10
14,2,13,9,2,182,11,0.060440,7.0,6,4,14,1,1,true,false,14,14
14,2,13,9,3,182,6,0.032967,7.0,6,4,14,1,1,true,false,18,18
14,2,13,11,0,182,21,0.115385,7.0,6,4,14,1,1,true,true,6,6
14,2,13,11,1,182,12,0.065934,7.0,6,4,14,1,1,true,true,10,10
14,2,13,11,2,182,6,0.032967,7.0,6,4,14,1,1,true,true,14,14
14,2,13,11,3,182,5,0.027473,7.0,6,4,14,1,1,true,true,18,18
14,3,1,3,0,2548,359,0.140895,7.0,6,4,14,1,1,false,true,7,7
14,3,1,3,1,2548,223,0.087520,7.0,6,4,14,1,1,false,true,11,11
14,3,1,3,2,2548,166,0.065149,7.0,6,4,14,1,1,false,true,15,15
14,3,1,3,3,2548,134,0.052590,7.0,6,4,14,1,1,false,true,19,19
14,3,1,5,0,2548,357,0.140110,7.0,6,4,14,1,1,false,true,7,7
14,3,1,5,1,2548,213,0.083595,7.0,6,4,14,1,1,false,true,11,11
14,3,1,5,2,2548,153,0.060047,7.0,6,4,14,1,1,false,true,15,15
14,3,1,5,3,2548,126,0.049451,7.0,6,4,14,1,1,false,true,19,19
14,3,1,9,0,2548,375,0.147174,7.0,6,4,14,1,1,false,false,7,7
14,3,1,9,1,2548,219,0.085950,7.0,6,4,14,1,1,false,false,11,11
14,3,1,9,2,2548,165,0.064757,7.0,6,4,14,1,1,false,false,15,15
14,3,1,9,3,2548,120,0.047096,7.0,6,4,14,1,1,false,false,19,19
14,3,1,11,0,2548,357,0.140110,7.0,6,4,14,1,1,false,true,7,7
14,3,1,11,1,2548,225,0.088305,7.0,6,4,14,1,1,false,true,11,11
14,3,1,11,2,2548,150,0.058870,7.0,6,4,14,1,1,false,true,15,15
14,3,1,11,3,2548,110,0.043171,7.0,6,4,14,1,1,false,true,19,19
14,3,1,13,0,2548,365,0.143250,7.0,6,4,14,1,1,false,true,7,7
14,3,1,13,1,2548,236,0.092622,7.0,6,4,14,1,1,false,true,11,11
14,3,1,13,2,2548,140,0.054945,7.0,6,4,14,1,1,false,true,15,15
14,3,1,13,3,2548,140,0.054945,7.0,6,4,14,1,1,false,true,19,19
14,3,3,1,0,2548,366,0.143642,7.0,6,4,14,1,1,true,false,7,7
14,3,3,1,1,2548,216,0.084772,7.0,6,4,14,1,1,true,false,11,11
14,3,3,1,2,2548,155,0.060832,7.0,6,4,14,1,1,true,false,15,15
14,3,3,1,3,2548,95,0.037284,7.0,6,4,14,1,1,true,false,19,19
14,3,3,5,0,2548,347,0.136185,7.0,6,4,14,1,1,true,true,7,7
14,3,3,5,1,2548,207,0.081240,7.0,6,4,14,1,1,true,true,11,11
14,3,3,5,2,2548,171,0.067111,7.0,6,4,14,1,1,true,true,15,15
14,3,3,5,3,2548,113,0.044349,7.0,6,4,14,1,1,true,true,19,19
14,3,3,9,0,2548,338,0.132653,7.0,6,4,14,1,1,true,false,7,7
14,3,3,9,1,2548,209,0.082025,7.0,6,4,14,1,1,true,false,11,11
14,3,3,9,2,2548,151,0.059262,7.0,6,4,14,1,1,true,false,15,15
14,3,3,9,3,2548,109,0.042779,7.0,6,4,14,1,1,true,false,19,19
14,3,3,11,0,2548,334,0.131083,7.0,6,4,14,1,1,true,true,7,7
14,3,3,11,1,2548,203,0.079670,7.0,6,4,14,1,1,true,true,11,11
14,3,3,11,2,2548,145,0.056907,7.0,6,4,14,1,1,true,true,15,15
14,3,3,11,3,2548,122,0.047881,7.0,6,4,14,1,1,true,true,19,19
14,3,3,13,0,2548,341,0.133830,7.0,6,4,14,1,1,true,true,7,7
14,3,3,13,1,2548,235,0.092229,7.0,6,4,14,1,1,true,true,11,11
14,3,3,13,2,2548,162,0.063579,7.0,6,4,14,1,1,true,true,15,15
14,3,3,13,3,2548,105,0.041209,7.0,6,4,14,1,1,true,true,19,19
14,3,5,1,0,2548,330,0.129513,7.0,6,4,14,1,1,true,false,7,7
14,3,5,1,1,2548,241,0.094584,7.0,6,4,14,1,1,true,false,11,11
14,3,5,1,2,2548,151,0.059262,7.0,6,4,14,1,1,true,false,15,15
14,3,5,1,3,2548,108,0.042386,7.0,6,4,14,1,1,true,false,19,19
14,3,5,3,0,2548,359,0.140895,7.0,6,4,14,1,1,true,true,7,7
14,3,5,3,1,2548,212,0.083203,7.0,6,4,14,1,1,true,true,11,11
14,3,5,3,2,2548,165,0.064757,7.0,6,4,14,1,1,true,true,15,15
14,3,5,3,3,2548,109,0.042779,7.0,6,4,14,1,1,true,true,19,19
14,3,5,9,0,2548,329,0.129121,7.0,6,4,14,1,1,true,false,7,7
14,3,5,9,1,2548,203,0.079670,7.0,6,4,14,1,1,true,false,11,11
14,3,5,9,2,2548,148,0.058085,7.0,6,4,14,1,1,true,false,15,15
14,3,5,9,3,2548,121,0.047488,7.0,6,4,14,1,1,true,false,19,19
14,3,5,11,0,2548,350,0.137363,7.0,6,4,14,1,1,true,true,7,7
14,3,5,11,1,2548,233,0.091444,7.0,6,4,14,1,1,true,true,11,11
14,3,5,11,2,2548,152,0.059655,7.0,6,4,14,1,1,true,true,15,15
14,3,5,11,3,2548,134,0.052590,7.0,6,4,14,1,1,true,true,19,19
14,3,5,13,0,2548,354,0.138932,7.0,6,4,14,1,1,true,true,7,7
14,3,5,13,1,2548,210,0.082418,7.0,6,4,14,1,1,true,true,11,11
14,3,5,13,2,2548,176,0.069074,7.0,6,4,14,1,1,true,true,15,15
14,3,5,13,3,2548,125,0.049058,7.0,6,4,14,1,1,true,true,19,19
14,3,9,1,0,2548,326,0.127943,7.0,6,4,14,1,1,false,false,7,7
14,3,9,1,1,2548,204,0.080063,7.0,6,4,14,1,1,false,false,11,11
14,3,9,1,2,2548,148,0.058085,7.0,6,4,14,1,1,false,false,15,15
14,3,9,1,3,2548,128,0.050235,7.0,6,4,14,1,1,false,false,19,19
14,3,9,3,0,2548,343,0.134615,7.0,6,4,14,1,1,false,true,7,7
14,3,9,3,1,2548,217,0.085165,7.0,6,4,14,1,1,false,true,11,11
14,3,9,3,2,2548,131,0.051413,7.0,6,4,14,1,1,false,true,15,15
14,3,9,3,3,2548,117,0.045918,7.0,6,4,14,1,1,false,true,19,19
14,3,9,5,0,2548,322,0.126374,7.0,6,4,14,1,1,false,true,7,7
14,3,9,5,1,2548,190,0.074568,7.0,6,4,14,1,1,false,true,11,11
14,3,9,5,2,2548,153,0.060047,7.0,6,4,14,1,1,false,true,15,15
14,3,9,5,3,2548,137,0.053768,7.0,6,4,14,1,1,false,true,19,19
14,3,9,11,0,2548,328,0.128728,7.0,6,4,14,1,1,false,true,7,7
14,3,9,11,1,2548,185,0.072606,7.0,6,4,14,1,1,false,true,11,11
14,3,9,11,2,2548,158,0.062009,7.0,6,4,14,1,1,false,true,15,15
14,3,9,11,3,2548,130,0.051020,7.0,6,4,14,1,1,false,true,19,19
14,3,9,13,0,2548,332,0.130298,7.0,6,4,14,1,1,false,true,7,7
14,3,9,13,1,2548,204,0.080063,7.0,6,4,14,1,1,false,true,11,11
14,3,9,13,2,2548,136,0.053375,7.0,6,4,14,1,1,false,true,15,15
14,3,9,13,3,2548,121,0.047488,7.0,6,4,14,1,1,false,true,19,19
14,3,11,1,0,2548,335,0.131476,7.0,6,4,14,1,1,true,false,7,7
14,3,11,1,1,2548,224,0.087912,7.0,6,4,14,1,1,true,false,11,11
14,3,11,1,2,2548,140,0.054945,7.0,6,4,14,1,1,true,false,15,15
14,3,11,1,3,2548,130,0.051020,7.0,6,4,14,1,1,true,false,19,19
14,3,11,3,0,2548,315,0.123626,7.0,6,4,14,1,1,true,true,7,7
14,3,11,3,1,2548,206,0.080848,7.0,6,4,14,1,1,true,true,11,11
14,3,11,3,2,2548,145,0.056907,7.0,6,4,14,1,1,true,true,15,15
14,3,11,3,3,2548,117,0.045918,7.0,6,4,14,1,1,true,true,19,19
14,3,11,5,0,2548,326,0.127943,7.0,6,4,14,1,1,true,true,7,7
14,3,11,5,1,2548,207,0.081240,7.0,6,4,14,1,1,true,true,11,11
14,3,11,5,2,2548,148,0.058085,7.0,6,4,14,1,1,true,true,15,15
14,3,11,5,3,2548,122,0.047881,7.0,6,4,14,1,1,true,true,19,19
14,3,11,9,0,2548,338,0.132653,7.0,6,4,14,1,1,true,false,7,7
14,3,11,9,1,2548,203,0.079670,7.0,6,4,14,1,1,true,false,11,11
14,3,11,9,2,2548,175,0.068681,7.0,6,4,14,1,1,true,false,15,15
14,3,11,9,3,2548,126,0.049451,7.0,6,4,14,1,1,true,false,19,19
14,3,11,13,0,2548,333,0.130691,7.0,6,4,14,1,1,true,true,7,7
14,3,11,13,1,2548,199,0.078100,7.0,6,4,14,1,1,true,true,11,11
14,3,11,13,2,2548,155,0.060832,7.0,6,4,14,1,1,true,true,15,15
14,3,11,13,3,2548,107,0.041994,7.0,6,4,14,1,1,true,true,19,19
14,3,13,1,0,2548,333,0.130691,7.0,6,4,14,1,1,true,false,7,7
14,3,13,1,1,2548,202,0.079278,7.0,6,4,14,1,1,true,false,11,11
14,3,13,1,2,2548,162,0.063579,7.0,6,4,14,1,1,true,false,15,15
14,3,13,1,3,2548,105,0.041209,7.0,6,4,14,1,1,true,false,19,19
14,3,13,3,0,2548,338,0.132653,7.0,6,4,14,1,1,true,true,7,7
14,3,13,3,1,2548,210,0.082418,7.0,6,4,14,1,1,true,true,11,11
14,3,13,3,2,2548,138,0.054160,7.0,6,4,14,1,1,true,true,15,15
14,3,13,3,3,2548,116,0.045526,7.0,6,4,14,1,1,true,true,19,19
14,3,13,5,0,2548,313,0.122841,7.0,6,4,14,1,1,true,true,7,7
14,3,13,5,1,2548,208,0.081633,7.0,6,4,14,1,1,true,true,11,11
14,3,13,5,2,2548,144,0.056515,7.0,6,4,14,1,1,true,true,15,15
14,3,13,5,3,2548,121,0.047488,7.0,6,4,14,1,1,true,true,19,19
14,3,13,9,0,2548,314,0.123234,7.0,6,4,14,1,1,true,false,7,7
14,3,13,9,1,2548,189,0.074176,7.0,6,4,14,1,1,true,false,11,11
14,3,13,9,2,2548,149,0.058477,7.0,6,4,14,1,1,true,false,15,15
14,3,13,9,3,2548,115,0.045133,7.0,6,4,14,1,1,true,false,19,19
14,3,13,11,0,2548,332,0.130298,7.0,6,4,14,1,1,true,true,7,7
14,3,13,11,1,2548,214,0.083987,7.0,6,4,14,1,1,true,true,11,11
14,3,13,11,2,2548,150,0.058870,7.0,6,4,14,1,1,true,true,15,15
14,3,13,11,3,2548,130,0.051020,7.0,6,4,14,1,1,true,true,19,19
15,1,1,2,0,14,1,0.071429,7.5,8,4,15,1,1,false,true,5,5
15,1,1,2,1,14,0,0.000000,7.5,8,4,15,1,1,false,true,9,9
15,1,1,2,2,14,2,0.142857,7.5,8,4,15,1,1,false,true,13,13
15,1,1,2,3,14,3,0.214286,7.5,8,4,15,1,1,false,true,17,17
15,1,1,4,0,14,1,0.071429,7.5,8,4,15,1,1,false,false,5,5
15,1,1,4,1,14,2,0.142857,7.5,8,4,15,1,1,false,false,9,9
15,1,1,4,2,14,0,0.000000,7.5,8,4,15,1,1,false,false,13,13
15,1,1,4,3,14,0,0.000000,7.5,8,4,15,1,1,false,false,17,17
15,1,1,7,0,14,2,0.142857,7.5,8,4,15,1,1,false,true,5,5
15,1,1,7,1,14,2,0.142857,7.5,8,4,15,1,1,false,true,9,9
15,1,1,7,2,14,1,0.071429,7.5,8,4,15,1,1,false,true,13,13
15,1,1,7,3,14,0,0.000000,7.5,8,4,15,1,1,false,true,17,17
15,1,1,8,0,14,2,0.142857,7.5,8,4,15,1,1,false,false,5,5
15,1,1,8,1,14,1,0.071429,7.5,8,4,15,1,1,false,false,9,9
15,1,1,8,2,14,1,0.071429,7.5,8,4,15,1,1,false,false,13,13
15,1,1,8,3,14,1,0.071429,7.5,8,4,15,1,1,false,false,17,17
15,1,1,11,0,14,4,0.285714,7.5,8,4,15,1,1,false,true,5,5
15,1,1,11,1,14,2,0.142857,7.5,8,4,15,1,1,false,true,9,9
15,1,1,11,2,14,0,0.000000,7.5,8,4,15,1,1,false,true,13,13
15,1,1,11,3,14,1,0.071429,7.5,8,4,15,1,1,false,true,17,17
15,1,1,13,0,14,1,0.071429,7.5,8,4,15,1,1,false,true,5,5
15,1,1,13,1,14,0,0.000000,7.5,8,4,15,1,1,false,true,9,9
15,1,1,13,2,14,2,0.142857,7.5,8,4,15,1,1,false,true,13,13
15,1,1,13,3,14,0,0.000000,7.5,8,4,15,1,1,false,true,17,17
15,1,1,14,0,14,1,0.071429,7.5,8,4,15,1,1,false,false,5,5
15,1,1,14,1,14,2,0.142857,7.5,8,4,15,1,1,false,false,9,9
15,1,1,14,2,14,2,0.142857,7.5,8,4,15,1,1,false,false,13,13
15,1,1,14,3,14,0,0.000000,7.5,8,4,15,1,1,false,false,17,17
15,1,2,1,0,14,2,0.142857,7.5,8,4,15,1,1,true,false,5,5
15,1,2,1,1,14,0,0.000000,7.5,8,4,15,1,1,true,false,9,9
15,1,2,1,2,14,1,0.071429,7.5,8,4,15,1,1,true,false,13,13
15,1,2,1,3,14,2,0.142857,7.5,8,4,15,1,1,true,false,17,17
15,1,2,4,0,14,1,0.071429,7.5,8,4,15,1,1,true,false,5,5
15,1,2,4,1,14,1,0.071429,7.5,8,4,15,1,1,true,false,9,9
15,1,2,4,2,14,1,0.071429,7.5,8,4,15,1,1,true,false,13,13
15,1,2,4,3,14,0,0.000000,7.5,8,4,15,1,1,true,false,17,17
15,1,2,7,0,14,2,0.142857,7.5,8,4,15,1,1,true,true,5,5
15,1,2,7,1,14,0,0.000000,7.5,8,4,15,1,1,true,true,9,9
15,1,2,7,2,14,2,0.142857,7.5,8,4,15,1,1,true,true,13,13
15,1,2,7,3,14,0,0.000000,7.5,8,4,15,1,1,true,true,17,17
15,1,2,8,0,14,2,0.142857,7.5,8,4,15,1,1,true,false,5,5
15,1,2,8,1,14,1,0.071429,7.5,8,4,15,1,1,true,false,9,9
15,1,2,8,2,14,1,0.071429,7.5,8,4,15,1,1,true,false,13,13
15,1,2,8,3,14,0,0.000000,7.5,8,4,15,1,1,true,false,17,17
15,1,2,11,0,14,0,0.000000,7.5,8,4,15,1,1,true,true,5,5
15,1,2,11,1,14,2,0.142857,7.5,8,4,15,1,1,true,true,9,9
15,1,2,11,2,14,1,0.071429,7.5,8,4,15,1,1,true,true,13,13
15,1,2,11,3,14,0,0.000000,7.5,8,4,15,1,1,true,true,17,17
15,1,2,13,0,14,2,0.142857,7.5,8,4,15,1,1,true,true,5,5
15,1,2,13,1,14,2,0.142857,7.5,8,4,15,1,1,true,true,9,9
15,1,2,13,2,14,0,0.000000,7.5,8,4,15,1,1,true,true,13,13
15,1,2,13,3,14,1,0.071429,7.5,8,4,15,1,1,true,true,17,17
15,1,2,14,0,14,3,0.214286,7.5,8,4,15,1,1,true,false,5,5
15,1,2,14,1,14,1,0.071429,7.5,8,4,15,1,1,true,false,9,9
15,1,2,14,2,14,2,0.142857,7.5,8,4,15,1,1,true,false,13,13
15,1,2,14,3,14,0,0.000000,7.5,8,4,15,1,1,true,false,17,17
15,1,4,1,0,14,1,0.071429,7.5,8,4,15,1,1,false,false,5,5
15,1,4,1,1,14,0,0.000000,7.5,8,4,15,1,1,false,false,9,9
15,1,4,1,2,14,1,0.071429,7.5,8,4,15,1,1,false,false,13,13
15,1,4,1,3,14,1,0.071429,7.5,8,4,15,1,1,false,false,17,17
15,1,4,2,0,14,2,0.142857,7.5,8,4,15,1,1,false,true,5,5
15,1,4,2,1,14,0,0.000000,7.5,8,4,15,1,1,false,true,9,9
15,1,4,2,2,14,2,0.142857,7.5,8,4,15,1,1,false,true,13,13
15,1,4,2,3,14,1,0.071429,7.5,8,4,15,1,1,false,true,17,17
15,1,4,7,0,14,0,0.000000,7.5,8,4,15,1,1,false,true,5,5
15,1,4,7,1,14,1,0.071429,7.5,8,4,15,1,1,false,true,9,9
15,1,4,7,2,14,0,0.000000,7.5,8,4,15,1,1,false,true,13,13
15,1,4,7,3,14,0,0.000000,7.5,8,4,15,1,1,false,true,17,17
15,1,4,8,0,14,2,0.142857,7.5,8,4,15,1,1,false,false,5,5
15,1,4,8,1,14,2,0.142857,7.5,8,4,15,1,1,false,false,9,9
15,1,4,8,2,14,0,0.000000,7.5,8,4,15,1,1,false,false,13,13
15,1,4,8,3,14,0,0.000000,7.5,8,4,15,1,1,false,false,17,17
15,1,4,11,0,14,0,0.000000,7.5,8,4,15,1,1,false,true,5,5
15,1,4,11,1,14,2,0.142857,7.5,8,4,15,1,1,false,true,9,9
15,1,4,11,2,14,1,0.071429,7.5,8,4,15,1,1,false,true,13,13
15,1,4,11,3,14,1,0.071429,7.5,8,4,15,1,1,false,true,17,17
15,1,4,13,0,14,2,0.142857,7.5,8,4,15,1,1,false,true,5,5
15,1,4,13,1,14,0,0.000000,7.5,8,4,15,1,1,false,true,9,9
15,1,4,13,2,14,1,0.071429,7.5,8,4,15,1,1,false,true,13,13
15,1,4,13,3,14,1,0.071429,7.5,8,4,15,1,1,false,true,17,17
15,1,4,14,0,14,1,0.071429,7.5,8,4,15,1,1,false,false,5,5
15,1,4,14,1,14,2,0.142857,7.5,8,4,15,1,1,false,false,9,9
15,1,4,14,2,14,1,0.071429,7.5,8,4,15,1,1,false,false,13,13
15,1,4,14,3,14,0,0.000000,7.5,8,4,15,1,1,false,false,17,17
15,1,7,1,0,14,2,0.142857,7.5,8,4,15,1,1,true,false,5,5
15,1,7,1,1,14,0,0.000000,7.5,8,4,15,1,1,true,false,9,9
15,1,7,1,2,14,2,0.142857,7.5,8,4,15,1,1,true,false,13,13
15,1,7,1,3,14,0,0.000000,7.5,8,4,15,1,1,true,false,17,17
15,1,7,2,0,14,0,0.000000,7.5,8,4,15,1,1,true,true,5,5
15,1,7,2,1,14,2,0.142857,7.5,8,4,15,1,1,true,true,9,9
15,1,7,2,2,14,1,0.071429,7.5,8,4,15,1,1,true,true,13,13
15,1,7,2,3,14,1,0.071429,7.5,8,4,15,1,1,true,true,17,17
15,1,7,4,0,14,1,0.071429,7.5,8,4,15,1,1,true,false,5,5
15,1,7,4,1,14,1,0.071429,7.5,8,4,15,1,1,true,false,9,9
15,1,7,4,2,14,1,0.071429,7.5,8,4,15,1,1,true,false,13,13
15,1,7,4,3,14,1,0.071429,7.5,8,4,15,1,1,true,false,17,17
15,1,7,8,0,14,2,0.142857,7.5,8,4,15,1,1,true,false,5,5
15,1,7,8,1,14,3,0.214286,7.5,8,4,15,1,1,true,false,9,9
15,1,7,8,2,14,0,0.000000,7.5,8,4,15,1,1,true,false,13,13
15,1,7,8,3,14,0,0.000000,7.5,8,4,15,1,1,true,false,17,17
15,1,7,11,0,14,3,0.214286,7.5,8,4,15,1,1,true,true,5,5
15,1,7,11,1,14,0,0.000000,7.5,8,4,15,1,1,true,true,9,9
15,1,7,11,2,14,0,0.000000,7.5,8,4,15,1,1,true,true,13,13
15,1,7,11,3,14,0,0.000000,7.5,8,4,15,1,1,true,true,17,17
15,1,7,13,0,14,2,0.142857,7.5,8,4,15,1,1,true,true,5,5
15,1,7,13,1,14,2,0.142857,7.5,8,4,15,1,1,true,true,9,9
15,1,7,13,2,14,0,0.000000,7.5,8,4,15,1,1,true,true,13,13
15,1,7,13,3,14,0,0.000000,7.5,8,4,15,1,1,true,true,17,17
15,1,7,14,0,14,2,0.142857,7.5,8,4,15,1,1,true,false,5,5
15,1,7,14,1,14,3,0.214286,7.5,8,4,15,1,1,true,false,9,9
15,1,7,14,2,14,0,0.000000,7.5,8,4,15,1,1,true,false,13,13
15,1,7,14,3,14,0,0.000000,7.5,8,4,15,1,1,true,false,17,17
15,1,8,1,0,14,2,0.142857,7.5,8,4,15,1,1,false,false,5,5
15,1,8,1,1,14,0,0.000000,7.5,8,4,15,1,1,false,false,9,9
15,1,8,1,2,14,2,0.142857,7.5,8,4,15,1,1,false,false,13,13
15,1,8,1,3,14,0,0.000000,7.5,8,4,15,1,1,false,false,17,17
15,1,8,2,0,14,1,0.071429,7.5,8,4,15,1,1,false,true,5,5
15,1,8,2,1,14,1,0.071429,7.5,8,4,15,1,1,false,true,9,9
15,1,8,2,2,14,1,0.071429,7.5,8,4,15,1,1,false,true,13,13
15,1,8,2,3,14,0,0.000000,7.5,8,4,15,1,1,false,true,17,17
15,1,8,4,0,14,4,0.285714,7.5,8,4,15,1,1,false,false,5,5
15,1,8,4,1,14,1,0.071429,7.5,8,4,15,1,1,false,false,9,9
15,1,8,4,2,14,0,0.000000,7.5,8,4,15,1,1,false,false,13,13
15,1,8,4,3,14,0,0.000000,7.5,8,4,15,1,1,false,false,17,17
15,1,8,7,0,14,3,0.214286,7.5,8,4,15,1,1,false,true,5,5
15,1,8,7,1,14,1,0.071429,7.5,8,4,15,1,1,false,true,9,9
15,1,8,7,2,14,0,0.000000,7.5,8,4,15,1,1,false,true,13,13
15,1,8,7,3,14,0,0.000000,7.5,8,4,15,1,1,false,true,17,17
15,1,8,11,0,14,3,0.214286,7.5,8,4,15,1,1,false,true,5,5
15,1,8,11,1,14,0,0.000000,7.5,8,4,15,1,1,false,true,9,9
15,1,8,11,2,14,0,0.000000,7.5,8,4,15,1,1,false,true,13,13
15,1,8,11,3,14,0,0.000000,7.5,8,4,15,1,1,false,true,17,17
15,1,8,13,0,14,3,0.214286,7.5,8,4,15,1,1,false,true,5,5
15,1,8,13,1,14,1,0.071429,7.5,8,4,15,1,1,false,true,9,9
15,1,8,13,2,14,0,0.000000,7.5,8,4,15,1,1,false,true,13,13
15,1,8,13,3,14,2,0.142857,7.5,8,4,15,1,1,false,true,17,17
15,1,8,14,0,14,3,0.214286,7.5,8,4,15,1,1,false,false,5,5
15,1,8,14,1,14,1,0.071429,7.5,8,4,15,1,1,false,false,9,9
15,1,8,14,2,14,1,0.071429,7.5,8,4,15,1,1,false,false,13,13
15,1,8,14,3,14,2,0.142857,7.5,8,4,15,1,1,false,false,17,17
15,1,11,1,0,14,2,0.142857,7.5,8,4,15,1,1,true,false,5,5
15,1,11,1,1,14,0,0.000000,7.5,8,4,15,1,1,true,false,9,9
15,1,11,1,2,14,1,0.071429,7.5,8,4,15,1,1,true,false,13,13
15,1,11,1,3,14,0,0.000000,7.5,8,4,15,1,1,true,false,17,17
15,1,11,2,0,14,1,0.071429,7.5,8,4,15,1,1,true,true,5,5
15,1,11,2,1,14,2,0.142857,7.5,8,4,15,1,1,true,true,9,9
15,1,11,2,2,14,1,0.071429,7.5,8,4,15,1,1,true,true,13,13
15,1,11,2,3,14,1,0.071429,7.5,8,4,15,1,1,true,true,17,17
15,1,11,4,0,14,3,0.214286,7.5,8,4,15,1,1,true,false,5,5
15,1,11,4,1,14,3,0.214286,7.5,8,4,15,1,1,true,false,9,9
15,1,11,4,2,14,1,0.071429,7.5,8,4,15,1,1,true,false,13,13
15,1,11,4,3,14,0,0.000000,7.5,8,4,15,1,1,true,false,17,17
15,1,11,7,0,14,0,0.000000,7.5,8,4,15,1,1,true,true,5,5
15,1,11,7,1,14,2,0.142857,7.5,8,4,15,1,1,true,true,9,9
15,1,11,7,2,14,1,0.071429,7.5,8,4,15,1,1,true,true,13,13
15,1,11,7,3,14,0,0.000000,7.5,8,4,15,1,1,true,true,17,17
15,1,11,8,0,14,2,0.142857,7.5,8,4,15,1,1,true,false,5,5
15,1,11,8,1,14,0,0.000000,7.5,8,4,15,1,1,true,false,9,9
15,1,11,8,2,14,2,0.142857,7.5,8,4,15,1,1,true,false,13,13
15,1,11,8,3,14,1,0.071429,7.5,8,4,15,1,1,true,false,17,17
15,1,11,13,0,14,4,0.285714,7.5,8,4,15,1,1,true,true,5,5
15,1,11,13,1,14,1,0.071429,7.5,8,4,15,1,1,true,true,9,9
15,1,11,13,2,14,0,0.000000,7.5,8,4,15,1,1,true,true,13,13
15,1,11,13,3,14,0,0.000000,7.5,8,4,15,1,1,true,true,17,17
15,1,11,14,0,14,3,0.214286,7.5,8,4,15,1,1,true,false,5,5
15,1,11,14,1,14,1,0.071429,7.5,8,4,15,1,1,true,false,9,9
15,1,11,14,2,14,0,0.000000,7.5,8,4,15,1,1,true,false,13,13
15,1,11,14,3,14,1,0.071429,7.5,8,4,15,1,1,true,false,17,17
15,1,13,1,0,14,1,0.071429,7.5,8,4,15,1,1,true,false,5,5
15,1,13,1,1,14,1,0.071429,7.5,8,4,15,1,1,true,false,9,9
15,1,13,1,2,14,1,0.071429,7.5,8,4,15,1,1,true,false,13,13
15,1,13,1,3,14,0,0.000000,7.5,8,4,15,1,1,true,false,17,17
15,1,13,2,0,14,1,0.071429,7.5,8,4,15,1,1,true,true,5,5
15,1,13,2,1,14,0,0.000000,7.5,8,4,15,1,1,true,true,9,9
15,1,13,2,2,14,2,0.142857,7.5,8,4,15,1,1,true,true,13,13
15,1,13,2,3,14,0,0.000000,7.5,8,4,15,1,1,true,true,17,17
15,1,13,4,0,14,3,0.214286,7.5,8,4,15,1,1,true,false,5,5
15,1,13,4,1,14,0,0.000000,7.5,8,4,15,1,1,true,false,9,9
15,1,13,4,2,14,0,0.000000,7.5,8,4,15,1,1,true,false,13,13
15,1,13,4,3,14,0,0.000000,7.5,8,4,15,1,1,true,false,17,17
15,1,13,7,0,14,1,0.071429,7.5,8,4,15,1,1,true,true,5,5
15,1,13,7,1,14,3,0.214286,7.5,8,4,15,1,1,true,true,9,9
15,1,13,7,2,14,2,0.142857,7.5,8,4,15,1,1,true,true,13,13
15,1,13,7,3,14,0,0.000000,7.5,8,4,15,1,1,true,true,17,17
15,1,13,8,0,14,0,0.000000,7.5,8,4,15,1,1,true,false,5,5
15,1,13,8,1,14,1,0.071429,7.5,8,4,15,1,1,true,false,9,9
15,1,13,8,2,14,0,0.000000,7.5,8,4,15,1,1,true,false,13,13
15,1,13,8,3,14,2,0.142857,7.5,8,4,15,1,1,true,false,17,17
15,1,13,11,0,14,1,0.071429,7.5,8,4,15,1,1,true,true,5,5
15,1,13,11,1,14,4,0.285714,7.5,8,4,15,1,1,true,true,9,9
15,1,13,11,2,14,0,0.000000,7.5,8,4,15,1,1,true,true,13,13
15,1,13,11,3,14,0,0.000000,7.5,8,4,15,1,1,true,true,17,17
15,1,13,14,0,14,0,0.000000,7.5,8,4,15,1,1,true,false,5,5
15,1,13,14,1,14,1,0.071429,7.5,8,4,15,1,1,true,false,9,9
15,1,13,14,2,14,1,0.071429,7.5,8,4,15,1,1,true,false,13,13
15,1,13,14,3,14,0,0.000000,7.5,8,4,15,1,1,true,false,17,17
15,1,14,1,0,14,0,0.000000,7.5,8,4,15,1,1,false,false,5,5
15,1,14,1,1,14,0,0.000000,7.5,8,4,15,1,1,false,false,9,9
15,1,14,1,2,14,1,0.071429,7.5,8,4,15,1,1,false,false,13,13
15,1,14,1,3,14,1,0.071429,7.5,8,4,15,1,1,false,false,17,17
15,1,14,2,0,14,0,0.000000,7.5,8,4,15,1,1,false,true,5,5
15,1,14,2,1,14,0,0.000000,7.5,8,4,15,1,1,false,true,9,9
15,1,14,2,2,14,2,0.142857,7.5,8,4,15,1,1,false,true,13,13
15,1,14,2,3,14,1,0.071429,7.5,8,4,15,1,1,false,true,17,17
15,1,14,4,0,14,0,0.000000,7.5,8,4,15,1,1,false,false,5,5
15,1,14,4,1,14,0,0.000000,7.5,8,4,15,1,1,false,false,9,9
15,1,14,4,2,14,0,0.000000,7.5,8,4,15,1,1,false,false,13,13
15,1,14,4,3,14,0,0.000000,7.5,8,4,15,1,1,false,false,17,17
15,1,14,7,0,14,3,0.214286,7.5,8,4,15,1,1,false,true,5,5
15,1,14,7,1,14,0,0.000000,7.5,8,4,15,1,1,false,true,9,9
15,1,14,7,2,14,0,0.000000,7.5,8,4,15,1,1,false,true,13,13
15,1,14,7,3,14,1,0.071429,7.5,8,4,15,1,1,false,true,17,17
15,1,14,8,0,14,0,0.000000,7.5,8,4,15,1,1,false,false,5,5
15,1,14,8,1,14,1,0.071429,7.5,8,4,15,1,1,false,false,9,9
15,1,14,8,2,14,1,0.071429,7.5,8,4,15,1,1,false,false,13,13
15,1,14,8,3,14,1,0.071429,7.5,8,4,15,1,1,false,false,17,17
15,1,14,11,0,14,0,0.000000,7.5,8,4,15,1,1,false,true,5,5
15,1,14,11,1,14,1,0.071429,7.5,8,4,15,1,1,false,true,9,9
15,1,14,11,2,14,2,0.142857,7.5,8,4,15,1,1,false,true,13,13
15,1,14,11,3,14,0,0.000000,7.5,8,4,15,1,1,false,true,17,17
15,1,14,13,0,14,3,0.214286,7.5,8,4,15,1,1,false,true,5,5
15,1,14,13,1,14,0,0.000000,7.5,8,4,15,1,1,false,true,9,9
15,1,14,13,2,14,1,0.071429,7.5,8,4,15,1,1,false,true,13,13
15,1,14,13,3,14,0,0.000000,7.5,8,4,15,1,1,false,true,17,17
15,2,1,2,0,210,28,0.133333,7.5,8,4,15,1,1,false,true,6,6
15,2,1,2,1,210,18,0.085714,7.5,8,4,15,1,1,false,true,10,10
15,2,1,2,2,210,11,0.052381,7.5,8,4,15,1,1,false,true,14,14
15,2,1,2,3,210,8,0.038095,7.5,8,4,15,1,1,false,true,18,18
15,2,1,4,0,210,31,0.147619,7.5,8,4,15,1,1,false,false,6,6
15,2,1,4,1,210,18,0.085714,7.5,8,4,15,1,1,false,false,10,10
15,2,1,4,2,210,12,0.057143,7.5,8,4,15,1,1,false,false,14,14
15,2,1,4,3,210,11,0.052381,7.5,8,4,15,1,1,false,false,18,18
15,2,1,7,0,210,32,0.152381,7.5,8,4,15,1,1,false,true,6,6
15,2,1,7,1,210,14,0.066667,7.5,8,4,15,1,1,false,true,10,10
15,2,1,7,2,210,13,0.061905,7.5,8,4,15,1,1,false,true,14,14
15,2,1,7,3,210,10,0.047619,7.5,8,4,15,1,1,false,true,18,18
15,2,1,8,0,210,26,0.123810,7.5,8,4,15,1,1,false,false,6,6
15,2,1,8,1,210,17,0.080952,7.5,8,4,15,1,1,false,false,10,10
15,2,1,8,2,210,14,0.066667,7.5,8,4,15,1,1,false,false,14,14
15,2,1,8,3,210,10,0.047619,7.5,8,4,15,1,1,false,false,18,18
15,2,1,11,0,210,25,0.119048,7.5,8,4,15,1,1,false,true,6,6
15,2,1,11,1,210,15,0.071429,7.5,8,4,15,1,1,false,true,10,10
15,2,1,11,2,210,14,0.066667,7.5,8,4,15,1,1,false,true,14,14
15,2,1,11,3,210,11,0.052381,7.5,8,4,15,1,1,false,true,18,18
15,2,1,13,0,210,26,0.123810,7.5,8,4,15,1,1,false,true,6,6
15,2,1,13,1,210,14,0.066667,7.5,8,4,15,1,1,false,true,10,10
15,2,1,13,2,210,12,0.057143,7.5,8,4,15,1,1,false,true,14,14
15,2,1,13,3,210,9,0.042857,7.5,8,4,15,1,1,false,true,18,18
15,2,1,14,0,210,34,0.161905,7.5,8,4,15,1,1,false,false,6,6
15,2,1,14,1,210,20,0.095238,7.5,8,4,15,1,1,false,false,10,10
15,2,1,14,2,210,13,0.061905,7.5,8,4,15,1,1,false,false,14,14
15,2,1,14,3,210,8,0.038095,7.5,8,4,15,1,1,false,false,18,18
15,2,2,1,0,210,25,0.119048,7.5,8,4,15,1,1,true,false,6,6
15,2,2,1,1,210,12,0.057143,7.5,8,4,15,1,1,true,false,10,10
15,2,2,1,2,210,7,0.033333,7.5,8,4,15,1,1,true,false,14,14
15,2,2,1,3,210,6,0.028571,7.5,8,4,15,1,1,true,false,18,18
15,2,2,4,0,210,25,0.119048,7.5,8,4,15,1,1,true,false,6,6
15,2,2,4,1,210,15,0.071429,7.5,8,4,15,1,1,true,false,10,10
15,2,2,4,2,210,9,0.042857,7.5,8,4,15,1,1,true,false,14,14
15,2,2,4,3,210,9,0.042857,7.5,8,4,15,1,1,true,false,18,18
15,2,2,7,0,210,27,0.128571,7.5,8,4,15,1,1,true,true,6,6
15,2,2,7,1,210,10,0.047619,7.5,8,4,15,1,1,true,true,10,10
15,2,2,7,2,210,13,0.061905,7.5,8,4,15,1,1,true,true,14,14
15,2,2,7,3,210,7,0.033333,7.5,8,4,15,1,1,true,true,18,18
15,2,2,8,0,210,30,0.142857,7.5,8,4,15,1,1,true,false,6,6
15,2,2,8,1,210,20,0.095238,7.5,8,4,15,1,1,true,false,10,10
15,2,2,8,2,210,8,0.038095,7.5,8,4,15,1,1,true,false,14,14
15,2,2,8,3,210,6,0.028571,7.5,8,4,15,1,1,true,false,18,18
15,2,2,11,0,210,25,0.119048,7.5,8,4,15,1,1,true,true,6,6
15,2,2,11,1,210,20,0.095238,7.5,8,4,15,1,1,true,true,10,10
15,2,2,11,2,210,5,0.023810,7.5,8,4,15,1,1,true,true,14,14
15,2,2,11,3,210,11,0.052381,7.5,8,4,15,1,1,true,true,18,18
15,2,2,13,0,210,24,0.114286,7.5,8,4,15,1,1,true,true,6,6
15,2,2,13,1,210,14,0.066667,7.5,8,4,15,1,1,true,true,10,10
15,2,2,13,2,210,12,0.057143,7.5,8,4,15,1,1,true,true,14,14
15,2,2,13,3,210,6,0.028571,7.5,8,4,15,1,1,true,true,18,18
15,2,2,14,0,210,33,0.157143,7.5,8,4,15,1,1,true,false,6,6
15,2,2,14,1,210,21,0.100000,7.5,8,4,15,1,1,true,false,10,10
15,2,2,14,2,210,8,0.038095,7.5,8,4,15,1,1,true,false,14,14
15,2,2,14,3,210,11,0.052381,7.5,8,4,15,1,1,true,false,18,18
15,2,4,1,0,210,22,0.104762,7.5,8,4,15,1,1,false,false,6,6
15,2,4,1,1,210,17,0.080952,7.5,8,4,15,1,1,false,false,10,10
15,2,4,1,2,210,5,0.023810,7.5,8,4,15,1,1,false,false,14,14
15,2,4,1,3,210,6,0.028571,7.5,8,4,15,1,1,false,false,18,18
15,2,4,2,0,210,30,0.142857,7.5,8,4,15,1,1,false,true,6,6
15,2,4,2,1,210,17,0.080952,7.5,8,4,15,1,1,false,true,10,10
15,2,4,2,2,210,10,0.047619,7.5,8,4,15,1,1,false,true,14,14
15,2,4,2,3,210,7,0.033333,7.5,8,4,15,1,1,false,true,18,18
15,2,4,7,0,210,29,0.138095,7.5,8,4,15,1,1,false,true,6,6
15,2,4,7,1,210,14,0.066667,7.5,8,4,15,1,1,false,true,10,10
15,2,4,7,2,210,6,0.028571,7.5,8,4,15,1,1,false,true,14,14
15,2,4,7,3,210,10,0.047619,7.5,8,4,15,1,1,false,true,18,18
15,2,4,8,0,210,23,0.109524,7.5,8,4,15,1,1,false,false,6,6
15,2,4,8,1,210,14,0.066667,7.5,8,4,15,1,1,false,false,10,10
15,2,4,8,2,210,11,0.052381,7.5,8,4,15,1,1,false,false,14,14
15,2,4,8,3,210,8,0.038095,7.5,8,4,15,1,1,false,false,18,18
15,2,4,11,0,210,28,0.133333,7.5,8,4,15,1,1,false,true,6,6
15,2,4,11,1,210,14,0.066667,7.5,8,4,15,1,1,false,true,10,10
15,2,4,11,2,210,8,0.038095,7.5,8,4,15,1,1,false,true,14,14
15,2,4,11,3,210,13,0.061905,7.5,8,4,15,1,1,false,true,18,18
15,2,4,13,0,210,25,0.119048,7.5,8,4,15,1,1,false,true,6,6
15,2,4,13,1,210,11,0.052381,7.5,8,4,15,1,1,false,true,10,10
15,2,4,13,2,210,10,0.047619,7.5,8,4,15,1,1,false,true,14,14
15,2,4,13,3,210,9,0.042857,7.5,8,4,15,1,1,false,true,18,18
15,2,4,14,0,210,26,0.123810,7.5,8,4,15,1,1,false,false,6,6
15,2,4,14,1,210,20,0.095238,7.5,8,4,15,1,1,false,false,10,10
15,2,4,14,2,210,15,0.071429,7.5,8,4,15,1,1,false,false,14,14
15,2,4,14,3,210,8,0.038095,7.5,8,4,15,1,1,false,false,18,18
15,2,7,1,0,210,29,0.138095,7.5,8,4,15,1,1,true,false,6,6
15,2,7,1,1,210,23,0.109524,7.5,8,4,15,1,1,true,false,10,10
15,2,7,1,2,210,8,0.038095,7.5,8,4,15,1,1,true,false,14,14
15,2,7,1,3,210,6,0.028571,7.5,8,4,15,1,1,true,false,18,18
15,2,7,2,0,210,17,0.080952,7.5,8,4,15,1,1,true,true,6,6
15,2,7,2,1,210,19,0.090476,7.5,8,4,15,1,1,true,true,10,10
15,2,7,2,2,210,10,0.047619,7.5,8,4,15,1,1,true,true,14,14
15,2,7,2,3,210,6,0.028571,7.5,8,4,15,1,1,true,true,18,18
15,2,7,4,0,210,25,0.119048,7.5,8,4,15,1,1,true,false,6,6
15,2,7,4,1,210,16,0.076190,7.5,8,4,15,1,1,true,false,10,10
15,2,7,4,2,210,13,0.061905,7.5,8,4,15,1,1,true,false,14,14
15,2,7,4,3,210,5,0.023810,7.5,8,4,15,1,1,true,false,18,18
15,2,7,8,0,210,26,0.123810,7.5,8,4,15,1,1,true,false,6,6
15,2,7,8,1,210,21,0.100000,7.5,8,4,15,1,1,true,false,10,10
15,2,7,8,2,210,11,0.052381,7.5,8,4,15,1,1,true,false,14,14
15,2,7,8,3,210,10,0.047619,7.5,8,4,15,1,1,true,false,18,18
15,2,7,11,0,210,21,0.100000,7.5,8,4,15,1,1,true,true,6,6
15,2,7,11,1,210,17,0.080952,7.5,8,4,15,1,1,true,true,10,10
15,2,7,11,2,210,8,0.038095,7.5,8,4,15,1,1,true,true,14,14
15,2,7,11,3,210,11,0.052381,7.5,8,4,15,1,1,true,true,18,18
15,2,7,13,0,210,28,0.133333,7.5,8,4,15,1,1,true,true,6,6
15,2,7,13,1,210,17,0.080952,7.5,8,4,15,1,1,true,true,10,10
15,2,7,13,2,210,13,0.061905,7.5,8,4,15,1,1,true,true,14,14
15,2,7,13,3,210,9,0.042857,7.5,8,4,15,1,1,true,true,18,18
15,2,7,14,0,210,27,0.128571,7.5,8,4,15,1,1,true,false,6,6
15,2,7,14,1,210,13,0.061905,7.5,8,4,15,1,1,true,false,10,10
15,2,7,14,2,210,13,0.061905,7.5,8,4,15,1,1,true,false,14,14
15,2,7,14,3,210,7,0.033333,7.5,8,4,15,1,1,true,false,18,18
15,2,8,1,0,210,27,0.128571,7.5,8,4,15,1,1,false,false,6,6
15,2,8,1,1,210,14,0.066667,7.5,8,4,15,1,1,false,false,10,10
15,2,8,1,2,210,11,0.052381,7.5,8,4,15,1,1,false,false,14,14
15,2,8,1,3,210,7,0.033333,7.5,8,4,15,1,1,false,false,18,18
15,2,8,2,0,210,19,0.090476,7.5,8,4,15,1,1,false,true,6,6
15,2,8,2,1,210,16,0.076190,7.5,8,4,15,1,1,false,true,10,10
15,2,8,2,2,210,9,0.042857,7.5,8,4,15,1,1,false,true,14,14
15,2,8,2,3,210,5,0.023810,7.5,8,4,15,1,1,false,true,18,18
15,2,8,4,0,210,19,0.090476,7.5,8,4,15,1,1,false,false,6,6
15,2,8,4,1,210,16,0.076190,7.5,8,4,15,1,1,false,false,10,10
15,2,8,4,2,210,10,0.047619,7.5,8,4,15,1,1,false,false,14,14
15,2,8,4,3,210,5,0.023810,7.5,8,4,15,1,1,false,false,18,18
15,2,8,7,0,210,27,0.128571,7.5,8,4,15,1,1,false,true,6,6
15,2,8,7,1,210,10,0.047619,7.5,8,4,15,1,1,false,true,10,10
15,2,8,7,2,210,9,0.042857,7.5,8,4,15,1,1,false,true,14,14
15,2,8,7,3,210,8,0.038095,7.5,8,4,15,1,1,false,true,18,18
15,2,8,11,0,210,32,0.152381,7.5,8,4,15,1,1,false,true,6,6
15,2,8,11,1,210,14,0.066667,7.5,8,4,15,1,1,false,true,10,10
15,2,8,11,2,210,10,0.047619,7.5,8,4,15,1,1,false,true,14,14
15,2,8,11,3,210,7,0.033333,7.5,8,4,15,1,1,false,true,18,18
15,2,8,13,0,210,27,0.128571,7.5,8,4,15,1,1,false,true,6,6
15,2,8,13,1,210,16,0.076190,7.5,8,4,15,1,1,false,true,10,10
15,2,8,13,2,210,13,0.061905,7.5,8,4,15,1,1,false,true,14,14
15,2,8,13,3,210,11,0.052381,7.5,8,4,15,1,1,false,true,18,18
15,2,8,14,0,210,22,0.104762,7.5,8,4,15,1,1,false,false,6,6
15,2,8,14,1,210,10,0.047619,7.5,8,4,15,1,1,false,false,10,10
15,2,8,14,2,210,12,0.057143,7.5,8,4,15,1,1,false,false,14,14
15,2,8,14,3,210,14,0.066667,7.5,8,4,15,1,1,false,false,18,18
15,2,11,1,0,210,27,0.128571,7.5,8,4,15,1,1,true,false,6,6
15,2,11,1,1,210,11,0.052381,7.5,8,4,15,1,1,true,false,10,10
15,2,11,1,2,210,11,0.052381,7.5,8,4,15,1,1,true,false,14,14
15,2,11,1,3,210,7,0.033333,7.5,8,4,15,1,1,true,false,18,18
15,2,11,2,0,210,26,0.123810,7.5,8,4,15,1,1,true,true,6,6
15,2,11,2,1,210,13,0.061905,7.5,8,4,15,1,1,true,true,10,10
15,2,11,2,2,210,10,0.047619,7.5,8,4,15,1,1,true,true,14,14
15,2,11,2,3,210,9,0.042857,7.5,8,4,15,1,1,true,true,18,18
15,2,11,4,0,210,20,0.095238,7.5,8,4,15,1,1,true,false,6,6
15,2,11,4,1,210,18,0.085714,7.5,8,4,15,1,1,true,false,10,10
15,2,11,4,2,210,15,0.071429,7.5,8,4,15,1,1,true,false,14,14
15,2,11,4,3,210,14,0.066667,7.5,8,4,15,1,1,true,false,18,18
15,2,11,7,0,210,22,0.104762,7.5,8,4,15,1,1,true,true,6,6
15,2,11,7,1,210,16,0.076190,7.5,8,4,15,1,1,true,true,10,10
15,2,11,7,2,210,13,0.061905,7.5,8,4,15,1,1,true,true,14,14
15,2,11,7,3,210,17,0.080952,7.5,8,4,15,1,1,true,true,18,18
15,2,11,8,0,210,22,0.104762,7.5,8,4,15,1,1,true,false,6,6
15,2,11,8,1,210,13,0.061905,7.5,8,4,15,1,1,true,false,10,10
15,2,11,8,2,210,15,0.071429,7.5,8,4,15,1,1,true,false,14,14
15,2,11,8,3,210,6,0.028571,7.5,8,4,15,1,1,true,false,18,18
15,2,11,13,0,210,27,0.128571,7.5,8,4,15,1,1,true,true,6,6
15,2,11,13,1,210,14,0.066667,7.5,8,4,15,1,1,true,true,10,10
15,2,11,13,2,210,11,0.052381,7.5,8,4,15,1,1,true,true,14,14
15,2,11,13,3,210,6,0.028571,7.5,8,4,15,1,1,true,true,18,18
15,2,11,14,0,210,19,0.090476,7.5,8,4,15,1,1,true,false,6,6
15,2,11,14,1,210,13,0.061905,7.5,8,4,15,1,1,true,false,10,10
15,2,11,14,2,210,12,0.057143,7.5,8,4,15,1,1,true,false,14,14
15,2,11,14,3,210,9,0.042857,7.5,8,4,15,1,1,true,false,18,18
15,2,13,1,0,210,18,0.085714,7.5,8,4,15,1,1,true,false,6,6
15,2,13,1,1,210,24,0.114286,7.5,8,4,15,1,1,true,false,10,10
15,2,13,1,2,210,6,0.028571,7.5,8,4,15,1,1,true,false,14,14
15,2,13,1,3,210,8,0.038095,7.5,8,4,15,1,1,true,false,18,18
15,2,13,2,0,210,23,0.109524,7.5,8,4,15,1,1,true,true,6,6
15,2,13,2,1,210,9,0.042857,7.5,8,4,15,1,1,true,true,10,10
15,2,13,2,2,210,12,0.057143,7.5,8,4,15,1,1,true,true,14,14
15,2,13,2,3,210,10,0.047619,7.5,8,4,15,1,1,true,true,18,18
15,2,13,4,0,210,27,0.128571,7.5,8,4,15,1,1,true,false,6,6
15,2,13,4,1,210,15,0.071429,7.5,8,4,15,1,1,true,false,10,10
15,2,13,4,2,210,7,0.033333,7.5,8,4,15,1,1,true,false,14,14
15,2,13,4,3,210,11,0.052381,7.5,8,4,15,1,1,true,false,18,18
15,2,13,7,0,210,21,0.100000,7.5,8,4,15,1,1,true,true,6,6
15,2,13,7,1,210,16,0.076190,7.5,8,4,15,1,1,true,true,10,10
15,2,13,7,2,210,13,0.061905,7.5,8,4,15,1,1,true,true,14,14
15,2,13,7,3,210,7,0.033333,7.5,8,4,15,1,1,true,true,18,18
15,2,13,8,0,210,25,0.119048,7.5,8,4,15,1,1,true,false,6,6
15,2,13,8,1,210,13,0.061905,7.5,8,4,15,1,1,true,false,10,10
15,2,13,8,2,210,4,0.019048,7.5,8,4,15,1,1,true,false,14,14
15,2,13,8,3,210,10,0.047619,7.5,8,4,15,1,1,true,false,18,18
15,2,13,11,0,210,30,0.142857,7.5,8,4,15,1,1,true,true,6,6
15,2,13,11,1,210,17,0.080952,7.5,8,4,15,1,1,true,true,10,10
15,2,13,11,2,210,7,0.033333,7.5,8,4,15,1,1,true,true,14,14
15,2,13,11,3,210,7,0.033333,7.5,8,4,15,1,1,true,true,18,18
15,2,13,14,0,210,25,0.119048,7.5,8,4,15,1,1,true,false,6,6
15,2,13,14,1,210,14,0.066667,7.5,8,4,15,1,1,true,false,10,10
15,2,13,14,2,210,7,0.033333,7.5,8,4,15,1,1,true,false,14,14
15,2,13,14,3,210,10,0.047619,7.5,8,4,15,1,1,true,false,18,18
15,2,14,1,0,210,29,0.138095,7.5,8,4,15,1,1,false,false,6,6
15,2,14,1,1,210,14,0.066667,7.5,8,4,15,1,1,false,false,10,10
15,2,14,1,2,210,15,0.071429,7.5,8,4,15,1,1,false,false,14,14
15,2,14,1,3,210,9,0.042857,7.5,8,4,15,1,1,false,false,18,18
15,2,14,2,0,210,22,0.104762,7.5,8,4,15,1,1,false,true,6,6
15,2,14,2,1,210,17,0.080952,7.5,8,4,15,1,1,false,true,10,10
15,2,14,2,2,210,17,0.080952,7.5,8,4,15,1,1,false,true,14,14
15,2,14,2,3,210,8,0.038095,7.5,8,4,15,1,1,false,true,18,18
15,2,14,4,0,210,22,0.104762,7.5,8,4,15,1,1,false,false,6,6
15,2,14,4,1,210,14,0.066667,7.5,8,4,15,1,1,false,false,10,10
15,2,14,4,2,210,11,0.052381,7.5,8,4,15,1,1,false,false,14,14
15,2,14,4,3,210,5,0.023810,7.5,8,4,15,1,1,false,false,18,18
15,2,14,7,0,210,25,0.119048,7.5,8,4,15,1,1,false,true,6,6
15,2,14,7,1,210,18,0.085714,7.5,8,4,15,1,1,false,true,10,10
15,2,14,7,2,210,7,0.033333,7.5,8,4,15,1,1,false,true,14,14
15,2,14,7,3,210,13,0.061905,7.5,8,4,15,1,1,false,true,18,18
15,2,14,8,0,210,27,0.128571,7.5,8,4,15,1,1,false,false,6,6
15,2,14,8,1,210,23,0.109524,7.5,8,4,15,1,1,false,false,10,10
15,2,14,8,2,210,12,0.057143,7.5,8,4,15,1,1,false,false,14,14
15,2,14,8,3,210,10,0.047619,7.5,8,4,15,1,1,false,false,18,18
15,2,14,11,0,210,25,0.119048,7.5,8,4,15,1,1,false,true,6,6
15,2,14,11,1,210,11,0.052381,7.5,8,4,15,1,1,false,true,10,10
15,2,14,11,2,210,9,0.042857,7.5,8,4,15,1,1,false,true,14,14
15,2,14,11,3,210,11,0.052381,7.5,8,4,15,1,1,false,true,18,18
15,2,14,13,0,210,24,0.114286,7.5,8,4,15,1,1,false,true,6,6
15,2,14,13,1,210,18,0.085714,7.5,8,4,15,1,1,false,true,10,10
15,2,14,13,2,210,10,0.047619,7.5,8,4,15,1,1,false,true,14,14
15,2,14,13,3,210,7,0.033333,7.5,8,4,15,1,1,false,true,18,18
15,3,1,2,0,3150,375,0.119048,7.5,8,4,15,1,1,false,true,7,7
15,3,1,2,1,3150,225,0.071429,7.5,8,4,15,1,1,false,true,11,11
15,3,1,2,2,3150,137,0.043492,7.5,8,4,15,1,1,false,true,15,15
15,3,1,2,3,3150,136,0.043175,7.5,8,4,15,1,1,false,true,19,19
15,3,1,4,0,3150,343,0.108889,7.5,8,4,15,1,1,false,false,7,7
15,3,1,4,1,3150,224,0.071111,7.5,8,4,15,1,1,false,false,11,11
15,3,1,4,2,3150,141,0.044762,7.5,8,4,15,1,1,false,false,15,15
15,3,1,4,3,3150,113,0.035873,7.5,8,4,15,1,1,false,false,19,19
15,3,1,7,0,3150,359,0.113968,7.5,8,4,15,1,1,false,true,7,7
15,3,1,7,1,3150,206,0.065397,7.5,8,4,15,1,1,false,true,11,11
15,3,1,7,2,3150,174,0.055238,7.5,8,4,15,1,1,false,true,15,15
15,3,1,7,3,3150,131,0.041587,7.5,8,4,15,1,1,false,true,19,19
15,3,1,8,0,3150,368,0.116825,7.5,8,4,15,1,1,false,false,7,7
15,3,1,8,1,3150,228,0.072381,7.5,8,4,15,1,1,false,false,11,11
15,3,1,8,2,3150,172,0.054603,7.5,8,4,15,1,1,false,false,15,15
15,3,1,8,3,3150,117,0.037143,7.5,8,4,15,1,1,false,false,19,19
15,3,1,11,0,3150,350,0.111111,7.5,8,4,15,1,1,false,true,7,7
15,3,1,11,1,3150,207,0.065714,7.5,8,4,15,1,1,false,true,11,11
15,3,1,11,2,3150,168,0.053333,7.5,8,4,15,1,1,false,true,15,15
15,3,1,11,3,3150,129,0.040952,7.5,8,4,15,1,1,false,true,19,19
15,3,1,13,0,3150,333,0.105714,7.5,8,4,15,1,1,false,true,7,7
15,3,1,13,1,3150,225,0.071429,7.5,8,4,15,1,1,false,true,11,11
15,3,1,13,2,3150,189,0.060000,7.5,8,4,15,1,1,false,true,15,15
15,3,1,13,3,3150,121,0.038413,7.5,8,4,15,1,1,false,true,19,19
15,3,1,14,0,3150,339,0.107619,7.5,8,4,15,1,1,false,false,7,7
15,3,1,14,1,3150,215,0.068254,7.5,8,4,15,1,1,false,false,11,11
15,3,1,14,2,3150,146,0.046349,7.5,8,4,15,1,1,false,false,15,15
15,3,1,14,3,3150,101,0.032063,7.5,8,4,15,1,1,false,false,19,19
15,3,2,1,0,3150,354,0.112381,7.5,8,4,15,1,1,true,false,7,7
15,3,2,1,1,3150,197,0.062540,7.5,8,4,15,1,1,true,false,11,11
15,3,2,1,2,3150,141,0.044762,7.5,8,4,15,1,1,true,false,15,15
15,3,2,1,3,3150,136,0.043175,7.5,8,4,15,1,1,true,false,19,19
15,3,2,4,0,3150,367,0.116508,7.5,8,4,15,1,1,true,false,7,7
15,3,2,4,1,3150,208,0.066032,7.5,8,4,15,1,1,true,false,11,11
15,3,2,4,2,3150,154,0.048889,7.5,8,4,15,1,1,true,false,15,15
15,3,2,4,3,3150,122,0.038730,7.5,8,4,15,1,1,true,false,19,19
15,3,2,7,0,3150,345,0.109524,7.5,8,4,15,1,1,true,true,7,7
15,3,2,7,1,3150,199,0.063175,7.5,8,4,15,1,1,true,true,11,11
15,3,2,7,2,3150,156,0.049524,7.5,8,4,15,1,1,true,true,15,15
15,3,2,7,3,3150,123,0.039048,7.5,8,4,15,1,1,true,true,19,19
15,3,2,8,0,3150,335,0.106349,7.5,8,4,15,1,1,true,false,7,7
15,3,2,8,1,3150,212,0.067302,7.5,8,4,15,1,1,true,false,11,11
15,3,2,8,2,3150,145,0.046032,7.5,8,4,15,1,1,true,false,15,15
15,3,2,8,3,3150,106,0.033651,7.5,8,4,15,1,1,true,false,19,19
15,3,2,11,0,3150,342,0.108571,7.5,8,4,15,1,1,true,true,7,7
15,3,2,11,1,3150,240,0.076190,7.5,8,4,15,1,1,true,true,11,11
15,3,2,11,2,3150,154,0.048889,7.5,8,4,15,1,1,true,true,15,15
15,3,2,11,3,3150,119,0.037778,7.5,8,4,15,1,1,true,true,19,19
15,3,2,13,0,3150,347,0.110159,7.5,8,4,15,1,1,true,true,7,7
15,3,2,13,1,3150,224,0.071111,7.5,8,4,15,1,1,true,true,11,11
15,3,2,13,2,3150,151,0.047937,7.5,8,4,15,1,1,true,true,15,15
15,3,2,13,3,3150,130,0.041270,7.5,8,4,15,1,1,true,true,19,19
15,3,2,14,0,3150,348,0.110476,7.5,8,4,15,1,1,true,false,7,7
15,3,2,14,1,3150,191,0.060635,7.5,8,4,15,1,1,true,false,11,11
15,3,2,14,2,3150,156,0.049524,7.5,8,4,15,1,1,true,false,15,15
15,3,2,14,3,3150,123,0.039048,7.5,8,4,15,1,1,true,false,19,19
15,3,4,1,0,3150,337,0.106984,7.5,8,4,15,1,1,false,false,7,7
15,3,4,1,1,3150,216,0.068571,7.5,8,4,15,1,1,false,false,11,11
15,3,4,1,2,3150,155,0.049206,7.5,8,4,15,1,1,false,false,15,15
15,3,4,1,3,3150,120,0.038095,7.5,8,4,15,1,1,false,false,19,19
15,3,4,2,0,3150,351,0.111429,7.5,8,4,15,1,1,false,true,7,7
15,3,4,2,1,3150,209,0.066349,7.5,8,4,15,1,1,false,true,11,11
15,3,4,2,2,3150,146,0.046349,7.5,8,4,15,1,1,false,true,15,15
15,3,4,2,3,3150,138,0.043810,7.5,8,4,15,1,1,false,true,19,19
15,3,4,7,0,3150,342,0.108571,7.5,8,4,15,1,1,false,true,7,7
15,3,4,7,1,3150,212,0.067302,7.5,8,4,15,1,1,false,true,11,11
15,3,4,7,2,3150,147,0.046667,7.5,8,4,15,1,1,false,true,15,15
15,3,4,7,3,3150,119,0.037778,7.5,8,4,15,1,1,false,true,19,19
15,3,4,8,0,3150,328,0.104127,7.5,8,4,15,1,1,false,false,7,7
15,3,4,8,1,3150,187,0.059365,7.5,8,4,15,1,1,false,false,11,11
15,3,4,8,2,3150,137,0.043492,7.5,8,4,15,1,1,false,false,15,15
15,3,4,8,3,3150,133,0.042222,7.5,8,4,15,1,1,false,false,19,19
15,3,4,11,0,3150,336,0.106667,7.5,8,4,15,1,1,false,true,7,7
15,3,4,11,1,3150,200,0.063492,7.5,8,4,15,1,1,false,true,11,11
15,3,4,11,2,3150,151,0.047937,7.5,8,4,15,1,1,false,true,15,15
15,3,4,11,3,3150,106,0.033651,7.5,8,4,15,1,1,false,true,19,19
15,3,4,13,0,3150,340,0.107937,7.5,8,4,15,1,1,false,true,7,7
15,3,4,13,1,3150,201,0.063810,7.5,8,4,15,1,1,false,true,11,11
15,3,4,13,2,3150,153,0.048571,7.5,8,4,15,1,1,false,true,15,15
15,3,4,13,3,3150,123,0.039048,7.5,8,4,15,1,1,false,true,19,19
15,3,4,14,0,3150,346,0.109841,7.5,8,4,15,1,1,false,false,7,7
15,3,4,14,1,3150,219,0.069524,7.5,8,4,15,1,1,false,false,11,11
15,3,4,14,2,3150,139,0.044127,7.5,8,4,15,1,1,false,false,15,15
15,3,4,14,3,3150,127,0.040317,7.5,8,4,15,1,1,false,false,19,19
15,3,7,1,0,3150,321,0.101905,7.5,8,4,15,1,1,true,false,7,7
15,3,7,1,1,3150,214,0.067937,7.5,8,4,15,1,1,true,false,11,11
15,3,7,1,2,3150,146,0.046349,7.5,8,4,15,1,1,true,false,15,15
15,3,7,1,3,3150,110,0.034921,7.5,8,4,15,1,1,true,false,19,19
15,3,7,2,0,3150,306,0.097143,7.5,8,4,15,1,1,true,true,7,7
15,3,7,2,1,3150,222,0.070476,7.5,8,4,15,1,1,true,true,11,11
15,3,7,2,2,3150,167,0.053016,7.5,8,4,15,1,1,true,true,15,15
15,3,7,2,3,3150,114,0.036190,7.5,8,4,15,1,1,true,true,19,19
15,3,7,4,0,3150,329,0.104444,7.5,8,4,15,1,1,true,false,7,7
15,3,7,4,1,3150,188,0.059683,7.5,8,4,15,1,1,true,false,11,11
15,3,7,4,2,3150,158,0.050159,7.5,8,4,15,1,1,true,false,15,15
15,3,7,4,3,3150,108,0.034286,7.5,8,4,15,1,1,true,false,19,19
15,3,7,8,0,3150,321,0.101905,7.5,8,4,15,1,1,true,false,7,7
15,3,7,8,1,3150,215,0.068254,7.5,8,4,15,1,1,true,false,11,11
15,3,7,8,2,3150,147,0.046667,7.5,8,4,15,1,1,true,false,15,15
15,3,7,8,3,3150,112,0.035556,7.5,8,4,15,1,1,true,false,19,19
15,3,7,11,0,3150,333,0.105714,7.5,8,4,15,1,1,true,true,7,7
15,3,7,11,1,3150,209,0.066349,7.5,8,4,15,1,1,true,true,11,11
15,3,7,11,2,3150,147,0.046667,7.5,8,4,15,1,1,true,true,15,15
15,3,7,11,3,3150,119,0.037778,7.5,8,4,15,1,1,true,true,19,19
15,3,7,13,0,3150,330,0.104762,7.5,8,4,15,1,1,true,true,7,7
15,3,7,13,1,3150,188,0.059683,7.5,8,4,15,1,1,true,true,11,11
15,3,7,13,2,3150,158,0.050159,7.5,8,4,15,1,1,true,true,15,15
15,3,7,13,3,3150,128,0.040635,7.5,8,4,15,1,1,true,true,19,19
15,3,7,14,0,3150,311,0.098730,7.5,8,4,15,1,1,true,false,7,7
15,3,7,14,1,3150,197,0.062540,7.5,8,4,15,1,1,true,false,11,11
15,3,7,14,2,3150,155,0.049206,7.5,8,4,15,1,1,true,false,15,15
15,3,7,14,3,3150,122,0.038730,7.5,8,4,15,1,1,true,false,19,19
15,3,8,1,0,3150,323,0.102540,7.5,8,4,15,1,1,false,false,7,7
15,3,8,1,1,3150,219,0.069524,7.5,8,4,15,1,1,false,false,11,11
15,3,8,1,2,3150,157,0.049841,7.5,8,4,15,1,1,false,false,15,15
15,3,8,1,3,3150,112,0.035556,7.5,8,4,15,1,1,false,false,19,19
15,3,8,2,0,3150,327,0.103810,7.5,8,4,15,1,1,false,true,7,7
15,3,8,2,1,3150,182,0.057778,7.5,8,4,15,1,1,false,true,11,11
15,3,8,2,2,3150,152,0.048254,7.5,8,4,15,1,1,false,true,15,15
15,3,8,2,3,3150,87,0.027619,7.5,8,4,15,1,1,false,true,19,19
15,3,8,4,0,3150,326,0.103492,7.5,8,4,15,1,1,false,false,7,7
15,3,8,4,1,3150,203,0.064444,7.5,8,4,15,1,1,false,false,11,11
15,3,8,4,2,3150,141,0.044762,7.5,8,4,15,1,1,false,false,15,15
15,3,8,4,3,3150,113,0.035873,7.5,8,4,15,1,1,false,false,19,19
15,3,8,7,0,3150,310,0.098413,7.5,8,4,15,1,1,false,true,7,7
15,3,8,7,1,3150,190,0.060317,7.5,8,4,15,1,1,false,true,11,11
15,3,8,7,2,3150,134,0.042540,7.5,8,4,15,1,1,false,true,15,15
15,3,8,7,3,3150,117,0.037143,7.5,8,4,15,1,1,false,true,19,19
15,3,8,11,0,3150,344,0.109206,7.5,8,4,15,1,1,false,true,7,7
15,3,8,11,1,3150,205,0.065079,7.5,8,4,15,1,1,false,true,11,11
15,3,8,11,2,3150,165,0.052381,7.5,8,4,15,1,1,false,true,15,15
15,3,8,11,3,3150,114,0.036190,7.5,8,4,15,1,1,false,true,19,19
15,3,8,13,0,3150,309,0.098095,7.5,8,4,15,1,1,false,true,7,7
15,3,8,13,1,3150,193,0.061270,7.5,8,4,15,1,1,false,true,11,11
15,3,8,13,2,3150,148,0.046984,7.5,8,4,15,1,1,false,true,15,15
15,3,8,13,3,3150,124,0.039365,7.5,8,4,15,1,1,false,true,19,19
15,3,8,14,0,3150,316,0.100317,7.5,8,4,15,1,1,false,false,7,7
15,3,8,14,1,3150,219,0.069524,7.5,8,4,15,1,1,false,false,11,11
15,3,8,14,2,3150,142,0.045079,7.5,8,4,15,1,1,false,false,15,15
15,3,8,14,3,3150,98,0.031111,7.5,8,4,15,1,1,false,false,19,19
15,3,11,1,0,3150,322,0.102222,7.5,8,4,15,1,1,true,false,7,7
15,3,11,1,1,3150,186,0.059048,7.5,8,4,15,1,1,true,false,11,11
15,3,11,1,2,3150,149,0.047302,7.5,8,4,15,1,1,true,false,15,15
15,3,11,1,3,3150,106,0.033651,7.5,8,4,15,1,1,true,false,19,19
15,3,11,2,0,3150,308,0.097778,7.5,8,4,15,1,1,true,true,7,7
15,3,11,2,1,3150,184,0.058413,7.5,8,4,15,1,1,true,true,11,11
15,3,11,2,2,3150,162,0.051429,7.5,8,4,15,1,1,true,true,15,15
15,3,11,2,3,3150,118,0.037460,7.5,8,4,15,1,1,true,true,19,19
15,3,11,4,0,3150,313,0.099365,7.5,8,4,15,1,1,true,false,7,7
15,3,11,4,1,3150,201,0.063810,7.5,8,4,15,1,1,true,false,11,11
15,3,11,4,2,3150,150,0.047619,7.5,8,4,15,1,1,true,false,15,15
15,3,11,4,3,3150,105,0.033333,7.5,8,4,15,1,1,true,false,19,19
15,3,11,7,0,3150,331,0.105079,7.5,8,4,15,1,1,true,true,7,7
15,3,11,7,1,3150,195,0.061905,7.5,8,4,15,1,1,true,true,11,11
15,3,11,7,2,3150,154,0.048889,7.5,8,4,15,1,1,true,true,15,15
15,3,11,7,3,3150,121,0.038413,7.5,8,4,15,1,1,true,true,19,19
15,3,11,8,0,3150,321,0.101905,7.5,8,4,15,1,1,true,false,7,7
15,3,11,8,1,3150,195,0.061905,7.5,8,4,15,1,1,true,false,11,11
15,3,11,8,2,3150,144,0.045714,7.5,8,4,15,1,1,true,false,15,15
15,3,11,8,3,3150,122,0.038730,7.5,8,4,15,1,1,true,false,19,19
15,3,11,13,0,3150,312,0.099048,7.5,8,4,15,1,1,true,true,7,7
15,3,11,13,1,3150,207,0.065714,7.5,8,4,15,1,1,true,true,11,11
15,3,11,13,2,3150,165,0.052381,7.5,8,4,15,1,1,true,true,15,15
15,3,11,13,3,3150,129,0.040952,7.5,8,4,15,1,1,true,true,19,19
15,3,11,14,0,3150,312,0.099048,7.5,8,4,15,1,1,true,false,7,7
15,3,11,14,1,3150,204,0.064762,7.5,8,4,15,1,1,true,false,11,11
15,3,11,14,2,3150,150,0.047619,7.5,8,4,15,1,1,true,false,15,15
15,3,11,14,3,3150,115,0.036508,7.5,8,4,15,1,1,true,false,19,19
15,3,13,1,0,3150,313,0.099365,7.5,8,4,15,1,1,true,false,7,7
15,3,13,1,1,3150,215,0.068254,7.5,8,4,15,1,1,true,false,11,11
15,3,13,1,2,3150,131,0.041587,7.5,8,4,15,1,1,true,false,15,15
15,3,13,1,3,3150,115,0.036508,7.5,8,4,15,1,1,true,false,19,19
15,3,13,2,0,3150,300,0.095238,7.5,8,4,15,1,1,true,true,7,7
15,3,13,2,1,3150,201,0.063810,7.5,8,4,15,1,1,true,true,11,11
15,3,13,2,2,3150,133,0.042222,7.5,8,4,15,1,1,true,true,15,15
15,3,13,2,3,3150,94,0.029841,7.5,8,4,15,1,1,true,true,19,19
15,3,13,4,0,3150,316,0.100317,7.5,8,4,15,1,1,true,false,7,7
15,3,13,4,1,3150,193,0.061270,7.5,8,4,15,1,1,true,false,11,11
15,3,13,4,2,3150,144,0.045714,7.5,8,4,15,1,1,true,false,15,15
15,3,13,4,3,3150,107,0.033968,7.5,8,4,15,1,1,true,false,19,19
15,3,13,7,0,3150,316,0.100317,7.5,8,4,15,1,1,true,true,7,7
15,3,13,7,1,3150,194,0.061587,7.5,8,4,15,1,1,true,true,11,11
15,3,13,7,2,3150,164,0.052063,7.5,8,4,15,1,1,true,true,15,15
15,3,13,7,3,3150,116,0.036825,7.5,8,4,15,1,1,true,true,19,19
15,3,13,8,0,3150,330,0.104762,7.5,8,4,15,1,1,true,false,7,7
15,3,13,8,1,3150,196,0.062222,7.5,8,4,15,1,1,true,false,11,11
15,3,13,8,2,3150,133,0.042222,7.5,8,4,15,1,1,true,false,15,15
15,3,13,8,3,3150,124,0.039365,7.5,8,4,15,1,1,true,false,19,19
15,3,13,11,0,3150,319,0.101270,7.5,8,4,15,1,1,true,true,7,7
15,3,13,11,1,3150,194,0.061587,7.5,8,4,15,1,1,true,true,11,11
15,3,13,11,2,3150,147,0.046667,7.5,8,4,15,1,1,true,true,15,15
15,3,13,11,3,3150,133,0.042222,7.5,8,4,15,1,1,true,true,19,19
15,3,13,14,0,3150,315,0.100000,7.5,8,4,15,1,1,true,false,7,7
15,3,13,14,1,3150,203,0.064444,7.5,8,4,15,1,1,true,false,11,11
15,3,13,14,2,3150,152,0.048254,7.5,8,4,15,1,1,true,false,15,15
15,3,13,14,3,3150,119,0.037778,7.5,8,4,15,1,1,true,false,19,19
15,3,14,1,0,3150,286,0.090794,7.5,8,4,15,1,1,false,false,7,7
15,3,14,1,1,3150,196,0.062222,7.5,8,4,15,1,1,false,false,11,11
15,3,14,1,2,3150,130,0.041270,7.5,8,4,15,1,1,false,false,15,15
15,3,14,1,3,3150,126,0.040000,7.5,8,4,15,1,1,false,false,19,19
15,3,14,2,0,3150,327,0.103810,7.5,8,4,15,1,1,false,true,7,7
15,3,14,2,1,3150,213,0.067619,7.5,8,4,15,1,1,false,true,11,11
15,3,14,2,2,3150,156,0.049524,7.5,8,4,15,1,1,false,true,15,15
15,3,14,2,3,3150,114,0.036190,7.5,8,4,15,1,1,false,true,19,19
15,3,14,4,0,3150,306,0.097143,7.5,8,4,15,1,1,false,false,7,7
15,3,14,4,1,3150,209,0.066349,7.5,8,4,15,1,1,false,false,11,11
15,3,14,4,2,3150,147,0.046667,7.5,8,4,15,1,1,false,false,15,15
15,3,14,4,3,3150,130,0.041270,7.5,8,4,15,1,1,false,false,19,19
15,3,14,7,0,3150,322,0.102222,7.5,8,4,15,1,1,false,true,7,7
15,3,14,7,1,3150,193,0.061270,7.5,8,4,15,1,1,false,true,11,11
15,3,14,7,2,3150,153,0.048571,7.5,8,4,15,1,1,false,true,15,15
15,3,14,7,3,3150,110,0.034921,7.5,8,4,15,1,1,false,true,19,19
15,3,14,8,0,3150,313,0.099365,7.5,8,4,15,1,1,false,false,7,7
15,3,14,8,1,3150,192,0.060952,7.5,8,4,15,1,1,false,false,11,11
15,3,14,8,2,3150,150,0.047619,7.5,8,4,15,1,1,false,false,15,15
15,3,14,8,3,3150,105,0.033333,7.5,8,4,15,1,1,false,false,19,19
15,3,14,11,0,3150,325,0.103175,7.5,8,4,15,1,1,false,true,7,7
15,3,14,11,1,3150,189,0.060000,7.5,8,4,15,1,1,false,true,11,11
15,3,14,11,2,3150,154,0.048889,7.5,8,4,15,1,1,false,true,15,15
15,3,14,11,3,3150,124,0.039365,7.5,8,4,15,1,1,false,true,19,19
15,3,14,13,0,3150,317,0.100635,7.5,8,4,15,1,1,false,true,7,7
15,3,14,13,1,3150,202,0.064127,7.5,8,4,15,1,1,false,true,11,11
15,3,14,13,2,3150,138,0.043810,7.5,8,4,15,1,1,false,true,15,15
15,3,14,13,3,3150,119,0.037778,7.5,8,4,15,1,1,false,true,19,19
16,1,1,3,0,15,3,0.200000,8.0,8,5,2,1,1,false,true,5,5
16,1,1,3,1,15,0,0.000000,8.0,8,5,2,1,1,false,true,9,9
16,1,1,3,2,15,0,0.000000,8.0,8,5,2,1,1,false,true,13,13
16,1,1,3,3,15,1,0.066667,8.0,8,5,2,1,1,false,true,17,17
16,1,1,5,0,15,4,0.266667,8.0,8,5,2,1,1,false,true,5,5
16,1,1,5,1,15,1,0.066667,8.0,8,5,2,1,1,false,true,9,9
16,1,1,5,2,15,0,0.000000,8.0,8,5,2,1,1,false,true,13,13
16,1,1,5,3,15,2,0.133333,8.0,8,5,2,1,1,false,true,17,17
16,1,1,7,0,15,3,0.200000,8.0,8,5,2,1,1,false,true,5,5
16,1,1,7,1,15,2,0.133333,8.0,8,5,2,1,1,false,true,9,9
16,1,1,7,2,15,0,0.000000,8.0,8,5,2,1,1,false,true,13,13
16,1,1,7,3,15,1,0.066667,8.0,8,5,2,1,1,false,true,17,17
16,1,1,9,0,15,4,0.266667,8.0,8,5,2,1,1,false,false,5,5
16,1,1,9,1,15,1,0.066667,8.0,8,5,2,1,1,false,false,9,9
16,1,1,9,2,15,1,0.066667,8.0,8,5,2,1,1,false,false,13,13
16,1,1,9,3,15,1,0.066667,8.0,8,5,2,1,1,false,false,17,17
16,1,1,11,0,15,1,0.066667,8.0,8,5,2,1,1,false,true,5,5
16,1,1,11,1,15,1,0.066667,8.0,8,5,2,1,1,false,true,9,9
16,1,1,11,2,15,1,0.066667,8.0,8,5,2,1,1,false,true,13,13
16,1,1,11,3,15,1,0.066667,8.0,8,5,2,1,1,false,true,17,17
16,1,1,13,0,15,4,0.266667,8.0,8,5,2,1,1,false,true,5,5
16,1,1,13,1,15,2,0.133333,8.0,8,5,2,1,1,false,true,9,9
16,1,1,13,2,15,2,0.133333,8.0,8,5,2,1,1,false,true,13,13
16,1,1,13,3,15,0,0.000000,8.0,8,5,2,1,1,false,true,17,17
16,1,1,15,0,15,0,0.000000,8.0,8,5,2,1,1,false,false,5,5
16,1,1,15,1,15,4,0.266667,8.0,8,5,2,1,1,false,false,9,9
16,1,1,15,2,15,1,0.066667,8.0,8,5,2,1,1,false,false,13,13
16,1,1,15,3,15,1,0.066667,8.0,8,5,2,1,1,false,false,17,17
16,1,3,1,0,15,2,0.133333,8.0,8,5,2,1,1,true,false,5,5
16,1,3,1,1,15,1,0.066667,8.0,8,5,2,1,1,true,false,9,9
16,1,3,1,2,15,1,0.066667,8.0,8,5,2,1,1,true,false,13,13
16,1,3,1,3,15,0,0.000000,8.0,8,5,2,1,1,true,false,17,17
16,1,3,5,0,15,3,0.200000,8.0,8,5,2,1,1,true,true,5,5
16,1,3,5,1,15,0,0.000000,8.0,8,5,2,1,1,true,true,9,9
16,1,3,5,2,15,1,0.066667,8.0,8,5,2,1,1,true,true,13,13
16,1,3,5,3,15,0,0.000000,8.0,8,5,2,1,1,true,true,17,17
16,1,3,7,0,15,2,0.133333,8.0,8,5,2,1,1,true,true,5,5
16,1,3,7,1,15,2,0.133333,8.0,8,5,2,1,1,true,true,9,9
16,1,3,7,2,15,2,0.133333,8.0,8,5,2,1,1,true,true,13,13
16,1,3,7,3,15,0,0.000000,8.0,8,5,2,1,1,true,true,17,17
16,1,3,9,0,15,3,0.200000,8.0,8,5,2,1,1,true,false,5,5
16,1,3,9,1,15,1,0.066667,8.0,8,5,2,1,1,true,false,9,9
16,1,3,9,2,15,0,0.000000,8.0,8,5,2,1,1,true,false,13,13
16,1,3,9,3,15,1,0.066667,8.0,8,5,2,1,1,true,false,17,17
16,1,3,11,0,15,5,0.333333,8.0,8,5,2,1,1,true,true,5,5
16,1,3,11,1,15,0,0.000000,8.0,8,5,2,1,1,true,true,9,9
16,1,3,11,2,15,2,0.133333,8.0,8,5,2,1,1,true,true,13,13
16,1,3,11,3,15,3,0.200000,8.0,8,5,2,1,1,true,true,17,17
16,1,3,13,0,15,3,0.200000,8.0,8,5,2,1,1,true,true,5,5
16,1,3,13,1,15,0,0.000000,8.0,8,5,2,1,1,true,true,9,9
16,1,3,13,2,15,2,0.133333,8.0,8,5,2,1,1,true,true,13,13
16,1,3,13,3,15,0,0.000000,8.0,8,5,2,1,1,true,true,17,17
16,1,3,15,0,15,3,0.200000,8.0,8,5,2,1,1,true,false,5,5
16,1,3,15,1,15,1,0.066667,8.0,8,5,2,1,1,true,false,9,9
16,1,3,15,2,15,0,0.000000,8.0,8,5,2,1,1,true,false,13,13
16,1,3,15,3,15,0,0.000000,8.0,8,5,2,1,1,true,false,17,17
16,1,5,1,0,15,4,0.266667,8.0,8,5,2,1,1,true,false,5,5
16,1,5,1,1,15,2,0.133333,8.0,8,5,2,1,1,true,false,9,9
16,1,5,1,2,15,1,0.066667,8.0,8,5,2,1,1,true,false,13,13
16,1,5,1,3,15,2,0.133333,8.0,8,5,2,1,1,true,false,17,17
16,1,5,3,0,15,3,0.200000,8.0,8,5,2,1,1,true,true,5,5
16,1,5,3,1,15,0,0.000000,8.0,8,5,2,1,1,true,true,9,9
16,1,5,3,2,15,2,0.133333,8.0,8,5,2,1,1,true,true,13,13
16,1,5,3,3,15,1,0.066667,8.0,8,5,2,1,1,true,true,17,17
16,1,5,7,0,15,2,0.133333,8.0,8,5,2,1,1,true,true,5,5
16,1,5,7,1,15,1,0.066667,8.0,8,5,2,1,1,true,true,9,9
16,1,5,7,2,15,0,0.000000,8.0,8,5,2,1,1,true,true,13,13
16,1,5,7,3,15,0,0.000000,8.0,8,5,2,1,1,true,true,17,17
16,1,5,9,0,15,3,0.200000,8.0,8,5,2,1,1,true,false,5,5
16,1,5,9,1,15,1,0.066667,8.0,8,5,2,1,1,true,false,9,9
16,1,5,9,2,15,2,0.133333,8.0,8,5,2,1,1,true,false,13,13
16,1,5,9,3,15,0,0.000000,8.0,8,5,2,1,1,true,false,17,17
16,1,5,11,0,15,2,0.133333,8.0,8,5,2,1,1,true,true,5,5
16,1,5,11,1,15,2,0.133333,8.0,8,5,2,1,1,true,true,9,9
16,1,5,11,2,15,2,0.133333,8.0,8,5,2,1,1,true,true,13,13
16,1,5,11,3,15,1,0.066667,8.0,8,5,2,1,1,true,true,17,17
16,1,5,13,0,15,2,0.133333,8.0,8,5,2,1,1,true,true,5,5
16,1,5,13,1,15,1,0.066667,8.0,8,5,2,1,1,true,true,9,9
16,1,5,13,2,15,0,0.000000,8.0,8,5,2,1,1,true,true,13,13
16,1,5,13,3,15,1,0.066667,8.0,8,5,2,1,1,true,true,17,17
16,1,5,15,0,15,3,0.200000,8.0,8,5,2,1,1,true,false,5,5
16,1,5,15,1,15,1,0.066667,8.0,8,5,2,1,1,true,false,9,9
16,1,5,15,2,15,1,0.066667,8.0,8,5,2,1,1,true,false,13,13
16,1,5,15,3,15,0,0.000000,8.0,8,5,2,1,1,true,false,17,17
16,1,7,1,0,15,1,0.066667,8.0,8,5,2,1,1,true,false,5,5
16,1,7,1,1,15,1,0.066667,8.0,8,5,2,1,1,true,false,9,9
16,1,7,1,2,15,0,0.000000,8.0,8,5,2,1,1,true,false,13,13
16,1,7,1,3,15,1,0.066667,8.0,8,5,2,1,1,true,false,17,17
16,1,7,3,0,15,3,0.200000,8.0,8,5,2,1,1,true,true,5,5
16,1,7,3,1,15,1,0.066667,8.0,8,5,2,1,1,true,true,9,9
16,1,7,3,2,15,0,0.000000,8.0,8,5,2,1,1,true,true,13,13
16,1,7,3,3,15,0,0.000000,8.0,8,5,2,1,1,true,true,17,17
16,1,7,5,0,15,2,0.133333,8.0,8,5,2,1,1,true,true,5,5
16,1,7,5,1,15,2,0.133333,8.0,8,5,2,1,1,true,true,9,9
16,1,7,5,2,15,2,0.133333,8.0,8,5,2,1,1,true,true,13,13
16,1,7,5,3,15,2,0.133333,8.0,8,5,2,1,1,true,true,17,17
16,1,7,9,0,15,4,0.266667,8.0,8,5,2,1,1,true,false,5,5
16,1,7,9,1,15,1,0.066667,8.0,8,5,2,1,1,true,false,9,9
16,1,7,9,2,15,0,0.000000,8.0,8,5,2,1,1,true,false,13,13
16,1,7,9,3,15,0,0.000000,8.0,8,5,2,1,1,true,false,17,17
16,1,7,11,0,15,2,0.133333,8.0,8,5,2,1,1,true,true,5,5
16,1,7,11,1,15,2,0.133333,8.0,8,5,2,1,1,true,true,9,9
16,1,7,11,2,15,0,0.000000,8.0,8,5,2,1,1,true,true,13,13
16,1,7,11,3,15,0,0.000000,8.0,8,5,2,1,1,true,true,17,17
16,1,7,13,0,15,2,0.133333,8.0,8,5,2,1,1,true,true,5,5
16,1,7,13,1,15,1,0.066667,8.0,8,5,2,1,1,true,true,9,9
16,1,7,13,2,15,0,0.000000,8.0,8,5,2,1,1,true,true,13,13
16,1,7,13,3,15,0,0.000000,8.0,8,5,2,1,1,true,true,17,17
16,1,7,15,0,15,1,0.066667,8.0,8,5,2,1,1,true,false,5,5
16,1,7,15,1,15,0,0.000000,8.0,8,5,2,1,1,true,false,9,9
16,1,7,15,2,15,1,0.066667,8.0,8,5,2,1,1,true,false,13,13
16,1,7,15,3,15,0,0.000000,8.0,8,5,2,1,1,true,false,17,17
16,1,9,1,0,15,2,0.133333,8.0,8,5,2,1,1,false,false,5,5
16,1,9,1,1,15,2,0.133333,8.0,8,5,2,1,1,false,false,9,9
16,1,9,1,2,15,0,0.000000,8.0,8,5,2,1,1,false,false,13,13
16,1,9,1,3,15,0,0.000000,8.0,8,5,2,1,1,false,false,17,17
16,1,9,3,0,15,2,0.133333,8.0,8,5,2,1,1,false,true,5,5
16,1,9,3,1,15,1,0.066667,8.0,8,5,2,1,1,false,true,9,9
16,1,9,3,2,15,0,0.000000,8.0,8,5,2,1,1,false,true,13,13
16,1,9,3,3,15,0,0.000000,8.0,8,5,2,1,1,false,true,17,17
16,1,9,5,0,15,0,0.000000,8.0,8,5,2,1,1,false,true,5,5
16,1,9,5,1,15,3,0.200000,8.0,8,5,2,1,1,false,true,9,9
16,1,9,5,2,15,0,0.000000,8.0,8,5,2,1,1,false,true,13,13
16,1,9,5,3,15,0,0.000000,8.0,8,5,2,1,1,false,true,17,17
16,1,9,7,0,15,1,0.066667,8.0,8,5,2,1,1,false,true,5,5
16,1,9,7,1,15,2,0.133333,8.0,8,5,2,1,1,false,true,9,9
16,1,9,7,2,15,2,0.133333,8.0,8,5,2,1,1,false,true,13,13
16,1,9,7,3,15,0,0.000000,8.0,8,5,2,1,1,false,true,17,17
16,1,9,11,0,15,1,0.066667,8.0,8,5,2,1,1,false,true,5,5
16,1,9,11,1,15,2,0.133333,8.0,8,5,2,1,1,false,true,9,9
16,1,9,11,2,15,1,0.066667,8.0,8,5,2,1,1,false,true,13,13
16,1,9,11,3,15,0,0.000000,8.0,8,5,2,1,1,false,true,17,17
16,1,9,13,0,15,3,0.200000,8.0,8,5,2,1,1,false,true,5,5
16,1,9,13,1,15,1,0.066667,8.0,8,5,2,1,1,false,true,9,9
16,1,9,13,2,15,0,0.000000,8.0,8,5,2,1,1,false,true,13,13
16,1,9,13,3,15,0,0.000000,8.0,8,5,2,1,1,false,true,17,17
16,1,9,15,0,15,2,0.133333,8.0,8,5,2,1,1,false,false,5,5
16,1,9,15,1,15,2,0.133333,8.0,8,5,2,1,1,false,false,9,9
16,1,9,15,2,15,0,0.000000,8.0,8,5,2,1,1,false,false,13,13
16,1,9,15,3,15,0,0.000000,8.0,8,5,2,1,1,false,false,17,17
16,1,11,1,0,15,3,0.200000,8.0,8,5,2,1,1,true,false,5,5
16,1,11,1,1,15,1,0.066667,8.0,8,5,2,1,1,true,false,9,9
16,1,11,1,2,15,0,0.000000,8.0,8,5,2,1,1,true,false,13,13
16,1,11,1,3,15,0,0.000000,8.0,8,5,2,1,1,true,false,17,17
16,1,11,3,0,15,2,0.133333,8.0,8,5,2,1,1,true,true,5,5
16,1,11,3,1,15,2,0.133333,8.0,8,5,2,1,1,true,true,9,9
16,1,11,3,2,15,2,0.133333,8.0,8,5,2,1,1,true,true,13,13
16,1,11,3,3,15,0,0.000000,8.0,8,5,2,1,1,true,true,17,17
16,1,11,5,0,15,4,0.266667,8.0,8,5,2,1,1,true,true,5,5
16,1,11,5,1,15,2,0.133333,8.0,8,5,2,1,1,true,true,9,9
16,1,11,5,2,15,0,0.000000,8.0,8,5,2,1,1,true,true,13,13
16,1,11,5,3,15,1,0.066667,8.0,8,5,2,1,1,true,true,17,17
16,1,11,7,0,15,4,0.266667,8.0,8,5,2,1,1,true,true,5,5
16,1,11,7,1,15,3,0.200000,8.0,8,5,2,1,1,true,true,9,9
16,1,11,7,2,15,5,0.333333,8.0,8,5,2,1,1,true,true,13,13
16,1,11,7,3,15,1,0.066667,8.0,8,5,2,1,1,true,true,17,17
16,1,11,9,0,15,0,0.000000,8.0,8,5,2,1,1,true,false,5,5
16,1,11,9,1,15,0,0.000000,8.0,8,5,2,1,1,true,false,9,9
16,1,11,9,2,15,1,0.066667,8.0,8,5,2,1,1,true,false,13,13
16,1,11,9,3,15,0,0.000000,8.0,8,5,2,1,1,true,false,17,17
16,1,11,13,0,15,0,0.000000,8.0,8,5,2,1,1,true,true,5,5
16,1,11,13,1,15,2,0.133333,8.0,8,5,2,1,1,true,true,9,9
16,1,11,13,2,15,0,0.000000,8.0,8,5,2,1,1,true,true,13,13
16,1,11,13,3,15,0,0.000000,8.0,8,5,2,1,1,true,true,17,17
16,1,11,15,0,15,1,0.066667,8.0,8,5,2,1,1,true,false,5,5
16,1,11,15,1,15,1,0.066667,8.0,8,5,2,1,1,true,false,9,9
16,1,11,15,2,15,0,0.000000,8.0,8,5,2,1,1,true,false,13,13
16,1,11,15,3,15,3,0.200000,8.0,8,5,2,1,1,true,false,17,17
16,1,13,1,0,15,3,0.200000,8.0,8,5,2,1,1,true,false,5,5
16,1,13,1,1,15,1,0.066667,8.0,8,5,2,1,1,true,false,9,9
16,1,13,1,2,15,1,0.066667,8.0,8,5,2,1,1,true,false,13,13
16,1,13,1,3,15,1,0.066667,8.0,8,5,2,1,1,true,false,17,17
16,1,13,3,0,15,3,0.200000,8.0,8,5,2,1,1,true,true,5,5
16,1,13,3,1,15,1,0.066667,8.0,8,5,2,1,1,true,true,9,9
16,1,13,3,2,15,0,0.000000,8.0,8,5,2,1,1,true,true,13,13
16,1,13,3,3,15,2,0.133333,8.0,8,5,2,1,1,true,true,17,17
16,1,13,5,0,15,0,0.000000,8.0,8,5,2,1,1,true,true,5,5
16,1,13,5,1,15,0,0.000000,8.0,8,5,2,1,1,true,true,9,9
16,1,13,5,2,15,0,0.000000,8.0,8,5,2,1,1,true,true,13,13
16,1,13,5,3,15,0,0.000000,8.0,8,5,2,1,1,true,true,17,17
16,1,13,7,0,15,1,0.066667,8.0,8,5,2,1,1,true,true,5,5
16,1,13,7,1,15,1,0.066667,8.0,8,5,2,1,1,true,true,9,9
16,1,13,7,2,15,1,0.066667,8.0,8,5,2,1,1,true,true,13,13
16,1,13,7,3,15,1,0.066667,8.0,8,5,2,1,1,true,true,17,17
16,1,13,9,0,15,1,0.066667,8.0,8,5,2,1,1,true,false,5,5
16,1,13,9,1,15,1,0.066667,8.0,8,5,2,1,1,true,false,9,9
16,1,13,9,2,15,1,0.066667,8.0,8,5,2,1,1,true,false,13,13
16,1,13,9,3,15,0,0.000000,8.0,8,5,2,1,1,true,false,17,17
16,1,13,11,0,15,3,0.200000,8.0,8,5,2,1,1,true,true,5,5
16,1,13,11,1,15,1,0.066667,8.0,8,5,2,1,1,true,true,9,9
16,1,13,11,2,15,1,0.066667,8.0,8,5,2,1,1,true,true,13,13
16,1,13,11,3,15,0,0.000000,8.0,8,5,2,1,1,true,true,17,17
16,1,13,15,0,15,5,0.333333,8.0,8,5,2,1,1,true,false,5,5
16,1,13,15,1,15,1,0.066667,8.0,8,5,2,1,1,true,false,9,9
16,1,13,15,2,15,2,0.133333,8.0,8,5,2,1,1,true,false,13,13
16,1,13,15,3,15,0,0.000000,8.0,8,5,2,1,1,true,false,17,17
16,1,15,1,0,15,1,0.066667,8.0,8,5,2,1,1,false,false,5,5
16,1,15,1,1,15,0,0.000000,8.0,8,5,2,1,1,false,false,9,9
16,1,15,1,2,15,0,0.000000,8.0,8,5,2,1,1,false,false,13,13
16,1,15,1,3,15,0,0.000000,8.0,8,5,2,1,1,false,false,17,17
16,1,15,3,0,15,2,0.133333,8.0,8,5,2,1,1,false,true,5,5
16,1,15,3,1,15,2,0.133333,8.0,8,5,2,1,1,false,true,9,9
16,1,15,3,2,15,1,0.066667,8.0,8,5,2,1,1,false,true,13,13
16,1,15,3,3,15,0,0.000000,8.0,8,5,2,1,1,false,true,17,17
16,1,15,5,0,15,0,0.000000,8.0,8,5,2,1,1,false,true,5,5
16,1,15,5,1,15,0,0.000000,8.0,8,5,2,1,1,false,true,9,9
16,1,15,5,2,15,2,0.133333,8.0,8,5,2,1,1,false,true,13,13
16,1,15,5,3,15,0,0.000000,8.0,8,5,2,1,1,false,true,17,17
16,1,15,7,0,15,1,0.066667,8.0,8,5,2,1,1,false,true,5,5
16,1,15,7,1,15,0,0.000000,8.0,8,5,2,1,1,false,true,9,9
16,1,15,7,2,15,2,0.133333,8.0,8,5,2,1,1,false,true,13,13
16,1,15,7,3,15,1,0.066667,8.0,8,5,2,1,1,false,true,17,17
16,1,15,9,0,15,2,0.133333,8.0,8,5,2,1,1,false,false,5,5
16,1,15,9,1,15,2,0.133333,8.0,8,5,2,1,1,false,false,9,9
16,1,15,9,2,15,1,0.066667,8.0,8,5,2,1,1,false,false,13,13
16,1,15,9,3,15,0,0.000000,8.0,8,5,2,1,1,false,false,17,17
16,1,15,11,0,15,2,0.133333,8.0,8,5,2,1,1,false,true,5,5
16,1,15,11,1,15,4,0.266667,8.0,8,5,2,1,1,false,true,9,9
16,1,15,11,2,15,0,0.000000,8.0,8,5,2,1,1,false,true,13,13
16,1,15,11,3,15,1,0.066667,8.0,8,5,2,1,1,false,true,17,17
16,1,15,13,0,15,3,0.200000,8.0,8,5,2,1,1,false,true,5,5
16,1,15,13,1,15,0,0.000000,8.0,8,5,2,1,1,false,true,9,9
16,1,15,13,2,15,1,0.066667,8.0,8,5,2,1,1,false,true,13,13
16,1,15,13,3,15,0,0.000000,8.0,8,5,2,1,1,false,true,17,17
16,2,1,3,0,240,38,0.158333,8.0,8,5,2,1,1,false,true,6,6
16,2,1,3,1,240,20,0.083333,8.0,8,5,2,1,1,false,true,10,10
16,2,1,3,2,240,13,0.054167,8.0,8,5,2,1,1,false,true,14,14
16,2,1,3,3,240,11,0.045833,8.0,8,5,2,1,1,false,true,18,18
16,2,1,5,0,240,30,0.125000,8.0,8,5,2,1,1,false,true,6,6
16,2,1,5,1,240,19,0.079167,8.0,8,5,2,1,1,false,true,10,10
16,2,1,5,2,240,9,0.037500,8.0,8,5,2,1,1,false,true,14,14
16,2,1,5,3,240,13,0.054167,8.0,8,5,2,1,1,false,true,18,18
16,2,1,7,0,240,35,0.145833,8.0,8,5,2,1,1,false,true,6,6
16,2,1,7,1,240,13,0.054167,8.0,8,5,2,1,1,false,true,10,10
16,2,1,7,2,240,11,0.045833,8.0,8,5,2,1,1,false,true,14,14
16,2,1,7,3,240,10,0.041667,8.0,8,5,2,1,1,false,true,18,18
16,2,1,9,0,240,31,0.129167,8.0,8,5,2,1,1,false,false,6,6
16,2,1,9,1,240,22,0.091667,8.0,8,5,2,1,1,false,false,10,10
16,2,1,9,2,240,15,0.062500,8.0,8,5,2,1,1,false,false,14,14
16,2,1,9,3,240,12,0.050000,8.0,8,5,2,1,1,false,false,18,18
16,2,1,11,0,240,35,0.145833,8.0,8,5,2,1,1,false,true,6,6
16,2,1,11,1,240,16,0.066667,8.0,8,5,2,1,1,false,true,10,10
16,2,1,11,2,240,13,0.054167,8.0,8,5,2,1,1,false,true,14,14
16,2,1,11,3,240,12,0.050000,8.0,8,5,2,1,1,false,true,18,18
16,2,1,13,0,240,39,0.162500,8.0,8,5,2,1,1,false,true,6,6
16,2,1,13,1,240,20,0.083333,8.0,8,5,2,1,1,false,true,10,10
16,2,1,13,2,240,10,0.041667,8.0,8,5,2,1,1,false,true,14,14
16,2,1,13,3,240,9,0.037500,8.0,8,5,2,1,1,false,true,18,18
16,2,1,15,0,240,37,0.154167,8.0,8,5,2,1,1,false,false,6,6
16,2,1,15,1,240,22,0.091667,8.0,8,5,2,1,1,false,false,10,10
16,2,1,15,2,240,12,0.050000,8.0,8,5,2,1,1,false,false,14,14
16,2,1,15,3,240,7,0.029167,8.0,8,5,2,1,1,false,false,18,18
16,2,3,1,0,240,26,0.108333,8.0,8,5,2,1,1,true,false,6,6
16,2,3,1,1,240,19,0.079167,8.0,8,5,2,1,1,true,false,10,10
16,2,3,1,2,240,9,0.037500,8.0,8,5,2,1,1,true,false,14,14
16,2,3,1,3,240,10,0.041667,8.0,8,5,2,1,1,true,false,18,18
16,2,3,5,0,240,37,0.154167,8.0,8,5,2,1,1,true,true,6,6
16,2,3,5,1,240,20,0.083333,8.0,8,5,2,1,1,true,true,10,10
16,2,3,5,2,240,15,0.062500,8.0,8,5,2,1,1,true,true,14,14
16,2,3,5,3,240,13,0.054167,8.0,8,5,2,1,1,true,true,18,18
16,2,3,7,0,240,33,0.137500,8.0,8,5,2,1,1,true,true,6,6
16,2,3,7,1,240,26,0.108333,8.0,8,5,2,1,1,true,true,10,10
16,2,3,7,2,240,10,0.041667,8.0,8,5,2,1,1,true,true,14,14
16,2,3,7,3,240,13,0.054167,8.0,8,5,2,1,1,true,true,18,18
16,2,3,9,0,240,31,0.129167,8.0,8,5,2,1,1,true,false,6,6
16,2,3,9,1,240,20,0.083333,8.0,8,5,2,1,1,true,false,10,10
16,2,3,9,2,240,10,0.041667,8.0,8,5,2,1,1,true,false,14,14
16,2,3,9,3,240,10,0.041667,8.0,8,5,2,1,1,true,false,18,18
16,2,3,11,0,240,31,0.129167,8.0,8,5,2,1,1,true,true,6,6
16,2,3,11,1,240,19,0.079167,8.0,8,5,2,1,1,true,true,10,10
16,2,3,11,2,240,12,0.050000,8.0,8,5,2,1,1,true,true,14,14
16,2,3,11,3,240,10,0.041667,8.0,8,5,2,1,1,true,true,18,18
16,2,3,13,0,240,33,0.137500,8.0,8,5,2,1,1,true,true,6,6
16,2,3,13,1,240,22,0.091667,8.0,8,5,2,1,1,true,true,10,10
16,2,3,13,2,240,15,0.062500,8.0,8,5,2,1,1,true,true,14,14
16,2,3,13,3,240,6,0.025000,8.0,8,5,2,1,1,true,true,18,18
16,2,3,15,0,240,30,0.125000,8.0,8,5,2,1,1,true,false,6,6
16,2,3,15,1,240,15,0.062500,8.0,8,5,2,1,1,true,false,10,10
16,2,3,15,2,240,17,0.070833,8.0,8,5,2,1,1,true,false,14,14
16,2,3,15,3,240,10,0.041667,8.0,8,5,2,1,1,true,false,18,18
16,2,5,1,0,240,27,0.112500,8.0,8,5,2,1,1,true,false,6,6
16,2,5,1,1,240,12,0.050000,8.0,8,5,2,1,1,true,false,10,10
16,2,5,1,2,240,15,0.062500,8.0,8,5,2,1,1,true,false,14,14
16,2,5,1,3,240,6,0.025000,8.0,8,5,2,1,1,true,false,18,18
16,2,5,3,0,240,27,0.112500,8.0,8,5,2,1,1,true,true,6,6
16,2,5,3,1,240,22,0.091667,8.0,8,5,2,1,1,true,true,10,10
16,2,5,3,2,240,19,0.079167,8.0,8,5,2,1,1,true,true,14,14
16,2,5,3,3,240,11,0.045833,8.0,8,5,2,1,1,true,true,18,18
16,2,5,7,0,240,29,0.120833,8.0,8,5,2,1,1,true,true,6,6
16,2,5,7,1,240,26,0.108333,8.0,8,5,2,1,1,true,true,10,10
16,2,5,7,2,240,19,0.079167,8.0,8,5,2,1,1,true,true,14,14
16,2,5,7,3,240,8,0.033333,8.0,8,5,2,1,1,true,true,18,18
16,2,5,9,0,240,31,0.129167,8.0,8,5,2,1,1,true,false,6,6
16,2,5,9,1,240,25,0.104167,8.0,8,5,2,1,1,true,false,10,10
16,2,5,9,2,240,17,0.070833,8.0,8,5,2,1,1,true,false,14,14
16,2,5,9,3,240,13,0.054167,8.0,8,5,2,1,1,true,false,18,18
16,2,5,11,0,240,24,0.100000,8.0,8,5,2,1,1,true,true,6,6
16,2,5,11,1,240,25,0.104167,8.0,8,5,2,1,1,true,true,10,10
16,2,5,11,2,240,12,0.050000,8.0,8,5,2,1,1,true,true,14,14
16,2,5,11,3,240,11,0.045833,8.0,8,5,2,1,1,true,true,18,18
16,2,5,13,0,240,33,0.137500,8.0,8,5,2,1,1,true,true,6,6
16,2,5,13,1,240,14,0.058333,8.0,8,5,2,1,1,true,true,10,10
16,2,5,13,2,240,12,0.050000,8.0,8,5,2,1,1,true,true,14,14
16,2,5,13,3,240,3,0.012500,8.0,8,5,2,1,1,true,true,18,18
16,2,5,15,0,240,27,0.112500,8.0,8,5,2,1,1,true,false,6,6
16,2,5,15,1,240,20,0.083333,8.0,8,5,2,1,1,true,false,10,10
16,2,5,15,2,240,15,0.062500,8.0,8,5,2,1,1,true,false,14,14
16,2,5,15,3,240,11,0.045833,8.0,8,5,2,1,1,true,false,18,18
16,2,7,1,0,240,34,0.141667,8.0,8,5,2,1,1,true,false,6,6
16,2,7,1,1,240,14,0.058333,8.0,8,5,2,1,1,true,false,10,10
16,2,7,1,2,240,11,0.045833,8.0,8,5,2,1,1,true,false,14,14
16,2,7,1,3,240,9,0.037500,8.0,8,5,2,1,1,true,false,18,18
16,2,7,3,0,240,27,0.112500,8.0,8,5,2,1,1,true,true,6,6
16,2,7,3,1,240,17,0.070833,8.0,8,5,2,1,1,true,true,10,10
16,2,7,3,2,240,16,0.066667,8.0,8,5,2,1,1,true,true,14,14
16,2,7,3,3,240,15,0.062500,8.0,8,5,2,1,1,true,true,18,18
16,2,7,5,0,240,37,0.154167,8.0,8,5,2,1,1,true,true,6,6
16,2,7,5,1,240,18,0.075000,8.0,8,5,2,1,1,true,true,10,10
16,2,7,5,2,240,15,0.062500,8.0,8,5,2,1,1,true,true,14,14
16,2,7,5,3,240,17,0.070833,8.0,8,5,2,1,1,true,true,18,18
16,2,7,9,0,240,32,0.133333,8.0,8,5,2,1,1,true,false,6,6
16,2,7,9,1,240,16,0.066667,8.0,8,5,2,1,1,true,false,10,10
16,2,7,9,2,240,11,0.045833,8.0,8,5,2,1,1,true,false,14,14
16,2,7,9,3,240,7,0.029167,8.0,8,5,2,1,1,true,false,18,18
16,2,7,11,0,240,25,0.104167,8.0,8,5,2,1,1,true,true,6,6
16,2,7,11,1,240,15,0.062500,8.0,8,5,2,1,1,true,true,10,10
16,2,7,11,2,240,12,0.050000,8.0,8,5,2,1,1,true,true,14,14
16,2,7,11,3,240,8,0.033333,8.0,8,5,2,1,1,true,true,18,18
16,2,7,13,0,240,34,0.141667,8.0,8,5,2,1,1,true,true,6,6
16,2,7,13,1,240,15,0.062500,8.0,8,5,2,1,1,true,true,10,10
16,2,7,13,2,240,12,0.050000,8.0,8,5,2,1,1,true,true,14,14
16,2,7,13,3,240,8,0.033333,8.0,8,5,2,1,1,true,true,18,18
16,2,7,15,0,240,29,0.120833,8.0,8,5,2,1,1,true,false,6,6
16,2,7,15,1,240,21,0.087500,8.0,8,5,2,1,1,true,false,10,10
16,2,7,15,2,240,9,0.037500,8.0,8,5,2,1,1,true,false,14,14
16,2,7,15,3,240,10,0.041667,8.0,8,5,2,1,1,true,false,18,18
16,2,9,1,0,240,35,0.145833,8.0,8,5,2,1,1,false,false,6,6
16,2,9,1,1,240,16,0.066667,8.0,8,5,2,1,1,false,false,10,10
16,2,9,1,2,240,15,0.062500,8.0,8,5,2,1,1,false,false,14,14
16,2,9,1,3,240,9,0.037500,8.0,8,5,2,1,1,false,false,18,18
16,2,9,3,0,240,31,0.129167,8.0,8,5,2,1,1,false,true,6,6
16,2,9,3,1,240,16,0.066667,8.0,8,5,2,1,1,false,true,10,10
16,2,9,3,2,240,9,0.037500,8.0,8,5,2,1,1,false,true,14,14
16,2,9,3,3,240,5,0.020833,8.0,8,5,2,1,1,false,true,18,18
16,2,9,5,0,240,40,0.166667,8.0,8,5,2,1,1,false,true,6,6
16,2,9,5,1,240,14,0.058333,8.0,8,5,2,1,1,false,true,10,10
16,2,9,5,2,240,10,0.041667,8.0,8,5,2,1,1,false,true,14,14
16,2,9,5,3,240,9,0.037500,8.0,8,5,2,1,1,false,true,18,18
16,2,9,7,0,240,27,0.112500,8.0,8,5,2,1,1,false,true,6,6
16,2,9,7,1,240,23,0.095833,8.0,8,5,2,1,1,false,true,10,10
16,2,9,7,2,240,13,0.054167,8.0,8,5,2,1,1,false,true,14,14
16,2,9,7,3,240,11,0.045833,8.0,8,5,2,1,1,false,true,18,18
16,2,9,11,0,240,25,0.104167,8.0,8,5,2,1,1,false,true,6,6
16,2,9,11,1,240,21,0.087500,8.0,8,5,2,1,1,false,true,10,10
16,2,9,11,2,240,14,0.058333,8.0,8,5,2,1,1,false,true,14,14
16,2,9,11,3,240,10,0.041667,8.0,8,5,2,1,1,false,true,18,18
16,2,9,13,0,240,32,0.133333,8.0,8,5,2,1,1,false,true,6,6
16,2,9,13,1,240,21,0.087500,8.0,8,5,2,1,1,false,true,10,10
16,2,9,13,2,240,10,0.041667,8.0,8,5,2,1,1,false,true,14,14
16,2,9,13,3,240,13,0.054167,8.0,8,5,2,1,1,false,true,18,18
16,2,9,15,0,240,34,0.141667,8.0,8,5,2,1,1,false,false,6,6
16,2,9,15,1,240,20,0.083333,8.0,8,5,2,1,1,false,false,10,10
16,2,9,15,2,240,10,0.041667,8.0,8,5,2,1,1,false,false,14,14
16,2,9,15,3,240,5,0.020833,8.0,8,5,2,1,1,false,false,18,18
16,2,11,1,0,240,26,0.108333,8.0,8,5,2,1,1,true,false,6,6
16,2,11,1,1,240,22,0.091667,8.0,8,5,2,1,1,true,false,10,10
16,2,11,1,2,240,11,0.045833,8.0,8,5,2,1,1,true,false,14,14
16,2,11,1,3,240,9,0.037500,8.0,8,5,2,1,1,true,false,18,18
16,2,11,3,0,240,34,0.141667,8.0,8,5,2,1,1,true,true,6,6
16,2,11,3,1,240,16,0.066667,8.0,8,5,2,1,1,true,true,10,10
16,2,11,3,2,240,13,0.054167,8.0,8,5,2,1,1,true,true,14,14
16,2,11,3,3,240,14,0.058333,8.0,8,5,2,1,1,true,true,18,18
16,2,11,5,0,240,33,0.137500,8.0,8,5,2,1,1,true,true,6,6
16,2,11,5,1,240,20,0.083333,8.0,8,5,2,1,1,true,true,10,10
16,2,11,5,2,240,10,0.041667,8.0,8,5,2,1,1,true,true,14,14
16,2,11,5,3,240,9,0.037500,8.0,8,5,2,1,1,true,true,18,18
16,2,11,7,0,240,39,0.162500,8.0,8,5,2,1,1,true,true,6,6
16,2,11,7,1,240,17,0.070833,8.0,8,5,2,1,1,true,true,10,10
16,2,11,7,2,240,14,0.058333,8.0,8,5,2,1,1,true,true,14,14
16,2,11,7,3,240,14,0.058333,8.0,8,5,2,1,1,true,true,18,18
16,2,11,9,0,240,30,0.125000,8.0,8,5,2,1,1,true,false,6,6
16,2,11,9,1,240,16,0.066667,8.0,8,5,2,1,1,true,false,10,10
16,2,11,9,2,240,13,0.054167,8.0,8,5,2,1,1,true,false,14,14
16,2,11,9,3,240,11,0.045833,8.0,8,5,2,1,1,true,false,18,18
16,2,11,13,0,240,32,0.133333,8.0,8,5,2,1,1,true,true,6,6
16,2,11,13,1,240,17,0.070833,8.0,8,5,2,1,1,true,true,10,10
16,2,11,13,2,240,10,0.041667,8.0,8,5,2,1,1,true,true,14,14
16,2,11,13,3,240,9,0.037500,8.0,8,5,2,1,1,true,true,18,18
16,2,11,15,0,240,36,0.150000,8.0,8,5,2,1,1,true,false,6,6
16,2,11,15,1,240,12,0.050000,8.0,8,5,2,1,1,true,false,10,10
16,2,11,15,2,240,11,0.045833,8.0,8,5,2,1,1,true,false,14,14
16,2,11,15,3,240,10,0.041667,8.0,8,5,2,1,1,true,false,18,18
16,2,13,1,0,240,30,0.125000,8.0,8,5,2,1,1,true,false,6,6
16,2,13,1,1,240,17,0.070833,8.0,8,5,2,1,1,true,false,10,10
16,2,13,1,2,240,10,0.041667,8.0,8,5,2,1,1,true,false,14,14
16,2,13,1,3,240,9,0.037500,8.0,8,5,2,1,1,true,false,18,18
16,2,13,3,0,240,24,0.100000,8.0,8,5,2,1,1,true,true,6,6
16,2,13,3,1,240,20,0.083333,8.0,8,5,2,1,1,true,true,10,10
16,2,13,3,2,240,9,0.037500,8.0,8,5,2,1,1,true,true,14,14
16,2,13,3,3,240,9,0.037500,8.0,8,5,2,1,1,true,true,18,18
16,2,13,5,0,240,33,0.137500,8.0,8,5,2,1,1,true,true,6,6
16,2,13,5,1,240,12,0.050000,8.0,8,5,2,1,1,true,true,10,10
16,2,13,5,2,240,12,0.050000,8.0,8,5,2,1,1,true,true,14,14
16,2,13,5,3,240,8,0.033333,8.0,8,5,2,1,1,true,true,18,18
16,2,13,7,0,240,25,0.104167,8.0,8,5,2,1,1,true,true,6,6
16,2,13,7,1,240,24,0.100000,8.0,8,5,2,1,1,true,true,10,10
16,2,13,7,2,240,15,0.062500,8.0,8,5,2,1,1,true,true,14,14
16,2,13,7,3,240,14,0.058333,8.0,8,5,2,1,1,true,true,18,18
16,2,13,9,0,240,27,0.112500,8.0,8,5,2,1,1,true,false,6,6
16,2,13,9,1,240,21,0.087500,8.0,8,5,2,1,1,true,false,10,10
16,2,13,9,2,240,16,0.066667,8.0,8,5,2,1,1,true,false,14,14
16,2,13,9,3,240,12,0.050000,8.0,8,5,2,1,1,true,false,18,18
16,2,13,11,0,240,21,0.087500,8.0,8,5,2,1,1,true,true,6,6
16,2,13,11,1,240,10,0.041667,8.0,8,5,2,1,1,true,true,10,10
16,2,13,11,2,240,17,0.070833,8.0,8,5,2,1,1,true,true,14,14
16,2,13,11,3,240,5,0.020833,8.0,8,5,2,1,1,true,true,18,18
16,2,13,15,0,240,31,0.129167,8.0,8,5,2,1,1,true,false,6,6
16,2,13,15,1,240,15,0.062500,8.0,8,5,2,1,1,true,false,10,10
16,2,13,15,2,240,13,0.054167,8.0,8,5,2,1,1,true,false,14,14
16,2,13,15,3,240,10,0.041667,8.0,8,5,2,1,1,true,false,18,18
16,2,15,1,0,240,31,0.129167,8.0,8,5,2,1,1,false,false,6,6
16,2,15,1,1,240,17,0.070833,8.0,8,5,2,1,1,false,false,10,10
16,2,15,1,2,240,12,0.050000,8.0,8,5,2,1,1,false,false,14,14
16,2,15,1,3,240,9,0.037500,8.0,8,5,2,1,1,false,false,18,18
16,2,15,3,0,240,26,0.108333,8.0,8,5,2,1,1,false,true,6,6
16,2,15,3,1,240,8,0.033333,8.0,8,5,2,1,1,false,true,10,10
16,2,15,3,2,240,11,0.045833,8.0,8,5,2,1,1,false,true,14,14
16,2,15,3,3,240,8,0.033333,8.0,8,5,2,1,1,false,true,18,18
16,2,15,5,0,240,27,0.112500,8.0,8,5,2,1,1,false,true,6,6
16,2,15,5,1,240,22,0.091667,8.0,8,5,2,1,1,false,true,10,10
16,2,15,5,2,240,14,0.058333,8.0,8,5,2,1,1,false,true,14,14
16,2,15,5,3,240,8,0.033333,8.0,8,5,2,1,1,false,true,18,18
16,2,15,7,0,240,33,0.137500,8.0,8,5,2,1,1,false,true,6,6
16,2,15,7,1,240,15,0.062500,8.0,8,5,2,1,1,false,true,10,10
16,2,15,7,2,240,15,0.062500,8.0,8,5,2,1,1,false,true,14,14
16,2,15,7,3,240,7,0.029167,8.0,8,5,2,1,1,false,true,18,18
16,2,15,9,0,240,25,0.104167,8.0,8,5,2,1,1,false,false,6,6
16,2,15,9,1,240,21,0.087500,8.0,8,5,2,1,1,false,false,10,10
16,2,15,9,2,240,21,0.087500,8.0,8,5,2,1,1,false,false,14,14
16,2,15,9,3,240,7,0.029167,8.0,8,5,2,1,1,false,false,18,18
16,2,15,11,0,240,35,0.145833,8.0,8,5,2,1,1,false,true,6,6
16,2,15,11,1,240,18,0.075000,8.0,8,5,2,1,1,false,true,10,10
16,2,15,11,2,240,11,0.045833,8.0,8,5,2,1,1,false,true,14,14
16,2,15,11,3,240,8,0.033333,8.0,8,5,2,1,1,false,true,18,18
16,2,15,13,0,240,31,0.129167,8.0,8,5,2,1,1,false,true,6,6
16,2,15,13,1,240,12,0.050000,8.0,8,5,2,1,1,false,true,10,10
16,2,15,13,2,240,9,0.037500,8.0,8,5,2,1,1,false,true,14,14
16,2,15,13,3,240,10,0.041667,8.0,8,5,2,1,1,false,true,18,18
16,3,1,3,0,3840,467,0.121615,8.0,8,5,2,1,1,false,true,7,7
16,3,1,3,1,3840,265,0.069010,8.0,8,5,2,1,1,false,true,11,11
16,3,1,3,2,3840,199,0.051823,8.0,8,5,2,1,1,false,true,15,15
16,3,1,3,3,3840,161,0.041927,8.0,8,5,2,1,1,false,true,19,19
16,3,1,5,0,3840,457,0.119010,8.0,8,5,2,1,1,false,true,7,7
16,3,1,5,1,3840,279,0.072656,8.0,8,5,2,1,1,false,true,11,11
16,3,1,5,2,3840,205,0.053385,8.0,8,5,2,1,1,false,true,15,15
16,3,1,5,3,3840,145,0.037760,8.0,8,5,2,1,1,false,true,19,19
16,3,1,7,0,3840,462,0.120313,8.0,8,5,2,1,1,false,true,7,7
16,3,1,7,1,3840,279,0.072656,8.0,8,5,2,1,1,false,true,11,11
16,3,1,7,2,3840,179,0.046615,8.0,8,5,2,1,1,false,true,15,15
16,3,1,7,3,3840,153,0.039844,8.0,8,5,2,1,1,false,true,19,19
16,3,1,9,0,3840,451,0.117448,8.0,8,5,2,1,1,false,false,7,7
16,3,1,9,1,3840,280,0.072917,8.0,8,5,2,1,1,false,false,11,11
16,3,1,9,2,3840,208,0.054167,8.0,8,5,2,1,1,false,false,15,15
16,3,1,9,3,3840,166,0.043229,8.0,8,5,2,1,1,false,false,19,19
16,3,1,11,0,3840,456,0.118750,8.0,8,5,2,1,1,false,true,7,7
16,3,1,11,1,3840,273,0.071094,8.0,8,5,2,1,1,false,true,11,11
16,3,1,11,2,3840,209,0.054427,8.0,8,5,2,1,1,false,true,15,15
16,3,1,11,3,3840,123,0.032031,8.0,8,5,2,1,1,false,true,19,19
16,3,1,13,0,3840,423,0.110156,8.0,8,5,2,1,1,false,true,7,7
16,3,1,13,1,3840,283,0.073698,8.0,8,5,2,1,1,false,true,11,11
16,3,1,13,2,3840,169,0.044010,8.0,8,5,2,1,1,false,true,15,15
16,3,1,13,3,3840,143,0.037240,8.0,8,5,2,1,1,false,true,19,19
16,3,1,15,0,3840,451,0.117448,8.0,8,5,2,1,1,false,false,7,7
16,3,1,15,1,3840,268,0.069792,8.0,8,5,2,1,1,false,false,11,11
16,3,1,15,2,3840,179,0.046615,8.0,8,5,2,1,1,false,false,15,15
16,3,1,15,3,3840,137,0.035677,8.0,8,5,2,1,1,false,false,19,19
16,3,3,1,0,3840,432,0.112500,8.0,8,5,2,1,1,true,false,7,7
16,3,3,1,1,3840,261,0.067969,8.0,8,5,2,1,1,true,false,11,11
16,3,3,1,2,3840,193,0.050260,8.0,8,5,2,1,1,true,false,15,15
16,3,3,1,3,3840,143,0.037240,8.0,8,5,2,1,1,true,false,19,19
16,3,3,5,0,3840,415,0.108073,8.0,8,5,2,1,1,true,true,7,7
16,3,3,5,1,3840,264,0.068750,8.0,8,5,2,1,1,true,true,11,11
16,3,3,5,2,3840,181,0.047135,8.0,8,5,2,1,1,true,true,15,15
16,3,3,5,3,3840,148,0.038542,8.0,8,5,2,1,1,true,true,19,19
16,3,3,7,0,3840,427,0.111198,8.0,8,5,2,1,1,true,true,7,7
16,3,3,7,1,3840,257,0.066927,8.0,8,5,2,1,1,true,true,11,11
16,3,3,7,2,3840,172,0.044792,8.0,8,5,2,1,1,true,true,15,15
16,3,3,7,3,3840,137,0.035677,8.0,8,5,2,1,1,true,true,19,19
16,3,3,9,0,3840,430,0.111979,8.0,8,5,2,1,1,true,false,7,7
16,3,3,9,1,3840,267,0.069531,8.0,8,5,2,1,1,true,false,11,11
16,3,3,9,2,3840,183,0.047656,8.0,8,5,2,1,1,true,false,15,15
16,3,3,9,3,3840,135,0.035156,8.0,8,5,2,1,1,true,false,19,19
16,3,3,11,0,3840,425,0.110677,8.0,8,5,2,1,1,true,true,7,7
16,3,3,11,1,3840,280,0.072917,8.0,8,5,2,1,1,true,true,11,11
16,3,3,11,2,3840,190,0.049479,8.0,8,5,2,1,1,true,true,15,15
16,3,3,11,3,3840,153,0.039844,8.0,8,5,2,1,1,true,true,19,19
16,3,3,13,0,3840,415,0.108073,8.0,8,5,2,1,1,true,true,7,7
16,3,3,13,1,3840,277,0.072135,8.0,8,5,2,1,1,true,true,11,11
16,3,3,13,2,3840,209,0.054427,8.0,8,5,2,1,1,true,true,15,15
16,3,3,13,3,3840,156,0.040625,8.0,8,5,2,1,1,true,true,19,19
16,3,3,15,0,3840,401,0.104427,8.0,8,5,2,1,1,true,false,7,7
16,3,3,15,1,3840,243,0.063281,8.0,8,5,2,1,1,true,false,11,11
16,3,3,15,2,3840,182,0.047396,8.0,8,5,2,1,1,true,false,15,15
16,3,3,15,3,3840,149,0.038802,8.0,8,5,2,1,1,true,false,19,19
16,3,5,1,0,3840,424,0.110417,8.0,8,5,2,1,1,true,false,7,7
16,3,5,1,1,3840,282,0.073438,8.0,8,5,2,1,1,true,false,11,11
16,3,5,1,2,3840,183,0.047656,8.0,8,5,2,1,1,true,false,15,15
16,3,5,1,3,3840,154,0.040104,8.0,8,5,2,1,1,true,false,19,19
16,3,5,3,0,3840,418,0.108854,8.0,8,5,2,1,1,true,true,7,7
16,3,5,3,1,3840,251,0.065365,8.0,8,5,2,1,1,true,true,11,11
16,3,5,3,2,3840,191,0.049740,8.0,8,5,2,1,1,true,true,15,15
16,3,5,3,3,3840,140,0.036458,8.0,8,5,2,1,1,true,true,19,19
16,3,5,7,0,3840,408,0.106250,8.0,8,5,2,1,1,true,true,7,7
16,3,5,7,1,3840,269,0.070052,8.0,8,5,2,1,1,true,true,11,11
16,3,5,7,2,3840,199,0.051823,8.0,8,5,2,1,1,true,true,15,15
16,3,5,7,3,3840,144,0.037500,8.0,8,5,2,1,1,true,true,19,19
16,3,5,9,0,3840,397,0.103385,8.0,8,5,2,1,1,true,false,7,7
16,3,5,9,1,3840,273,0.071094,8.0,8,5,2,1,1,true,false,11,11
16,3,5,9,2,3840,194,0.050521,8.0,8,5,2,1,1,true,false,15,15
16,3,5,9,3,3840,157,0.040885,8.0,8,5,2,1,1,true,false,19,19
16,3,5,11,0,3840,424,0.110417,8.0,8,5,2,1,1,true,true,7,7
16,3,5,11,1,3840,248,0.064583,8.0,8,5,2,1,1,true,true,11,11
16,3,5,11,2,3840,188,0.048958,8.0,8,5,2,1,1,true,true,15,15
16,3,5,11,3,3840,156,0.040625,8.0,8,5,2,1,1,true,true,19,19
16,3,5,13,0,3840,408,0.106250,8.0,8,5,2,1,1,true,true,7,7
16,3,5,13,1,3840,282,0.073438,8.0,8,5,2,1,1,true,true,11,11
16,3,5,13,2,3840,178,0.046354,8.0,8,5,2,1,1,true,true,15,15
16,3,5,13,3,3840,149,0.038802,8.0,8,5,2,1,1,true,true,19,19
16,3,5,15,0,3840,397,0.103385,8.0,8,5,2,1,1,true,false,7,7
16,3,5,15,1,3840,283,0.073698,8.0,8,5,2,1,1,true,false,11,11
16,3,5,15,2,3840,184,0.047917,8.0,8,5,2,1,1,true,false,15,15
16,3,5,15,3,3840,149,0.038802,8.0,8,5,2,1,1,true,false,19,19
16,3,7,1,0,3840,402,0.104688,8.0,8,5,2,1,1,true,false,7,7
16,3,7,1,1,3840,226,0.058854,8.0,8,5,2,1,1,true,false,11,11
16,3,7,1,2,3840,199,0.051823,8.0,8,5,2,1,1,true,false,15,15
16,3,7,1,3,3840,162,0.042188,8.0,8,5,2,1,1,true,false,19,19
16,3,7,3,0,3840,399,0.103906,8.0,8,5,2,1,1,true,true,7,7
16,3,7,3,1,3840,243,0.063281,8.0,8,5,2,1,1,true,true,11,11
16,3,7,3,2,3840,186,0.048438,8.0,8,5,2,1,1,true,true,15,15
16,3,7,3,3,3840,142,0.036979,8.0,8,5,2,1,1,true,true,19,19
16,3,7,5,0,3840,393,0.102344,8.0,8,5,2,1,1,true,true,7,7
16,3,7,5,1,3840,257,0.066927,8.0,8,5,2,1,1,true,true,11,11
16,3,7,5,2,3840,192,0.050000,8.0,8,5,2,1,1,true,true,15,15
16,3,7,5,3,3840,156,0.040625,8.0,8,5,2,1,1,true,true,19,19
16,3,7,9,0,3840,412,0.107292,8.0,8,5,2,1,1,true,false,7,7
16,3,7,9,1,3840,266,0.069271,8.0,8,5,2,1,1,true,false,11,11
16,3,7,9,2,3840,173,0.045052,8.0,8,5,2,1,1,true,false,15,15
16,3,7,9,3,3840,152,0.039583,8.0,8,5,2,1,1,true,false,19,19
16,3,7,11,0,3840,403,0.104948,8.0,8,5,2,1,1,true,true,7,7
16,3,7,11,1,3840,243,0.063281,8.0,8,5,2,1,1,true,true,11,11
16,3,7,11,2,3840,189,0.049219,8.0,8,5,2,1,1,true,true,15,15
16,3,7,11,3,3840,177,0.046094,8.0,8,5,2,1,1,true,true,19,19
16,3,7,13,0,3840,391,0.101823,8.0,8,5,2,1,1,true,true,7,7
16,3,7,13,1,3840,261,0.067969,8.0,8,5,2,1,1,true,true,11,11
16,3,7,13,2,3840,206,0.053646,8.0,8,5,2,1,1,true,true,15,15
16,3,7,13,3,3840,130,0.033854,8.0,8,5,2,1,1,true,true,19,19
16,3,7,15,0,3840,424,0.110417,8.0,8,5,2,1,1,true,false,7,7
16,3,7,15,1,3840,247,0.064323,8.0,8,5,2,1,1,true,false,11,11
16,3,7,15,2,3840,200,0.052083,8.0,8,5,2,1,1,true,false,15,15
16,3,7,15,3,3840,134,0.034896,8.0,8,5,2,1,1,true,false,19,19
16,3,9,1,0,3840,420,0.109375,8.0,8,5,2,1,1,false,false,7,7
16,3,9,1,1,3840,271,0.070573,8.0,8,5,2,1,1,false,false,11,11
16,3,9,1,2,3840,196,0.051042,8.0,8,5,2,1,1,false,false,15,15
16,3,9,1,3,3840,146,0.038021,8.0,8,5,2,1,1,false,false,19,19
16,3,9,3,0,3840,406,0.105729,8.0,8,5,2,1,1,false,true,7,7
16,3,9,3,1,3840,261,0.067969,8.0,8,5,2,1,1,false,true,11,11
16,3,9,3,2,3840,213,0.055469,8.0,8,5,2,1,1,false,true,15,15
16,3,9,3,3,3840,137,0.035677,8.0,8,5,2,1,1,false,true,19,19
16,3,9,5,0,3840,383,0.099740,8.0,8,5,2,1,1,false,true,7,7
16,3,9,5,1,3840,254,0.066146,8.0,8,5,2,1,1,false,true,11,11
16,3,9,5,2,3840,183,0.047656,8.0,8,5,2,1,1,false,true,15,15
16,3,9,5,3,3840,145,0.037760,8.0,8,5,2,1,1,false,true,19,19
16,3,9,7,0,3840,401,0.104427,8.0,8,5,2,1,1,false,true,7,7
16,3,9,7,1,3840,265,0.069010,8.0,8,5,2,1,1,false,true,11,11
16,3,9,7,2,3840,194,0.050521,8.0,8,5,2,1,1,false,true,15,15
16,3,9,7,3,3840,147,0.038281,8.0,8,5,2,1,1,false,true,19,19
16,3,9,11,0,3840,414,0.107813,8.0,8,5,2,1,1,false,true,7,7
16,3,9,11,1,3840,246,0.064062,8.0,8,5,2,1,1,false,true,11,11
16,3,9,11,2,3840,179,0.046615,8.0,8,5,2,1,1,false,true,15,15
16,3,9,11,3,3840,134,0.034896,8.0,8,5,2,1,1,false,true,19,19
16,3,9,13,0,3840,404,0.105208,8.0,8,5,2,1,1,false,true,7,7
16,3,9,13,1,3840,270,0.070312,8.0,8,5,2,1,1,false,true,11,11
16,3,9,13,2,3840,171,0.044531,8.0,8,5,2,1,1,false,true,15,15
16,3,9,13,3,3840,135,0.035156,8.0,8,5,2,1,1,false,true,19,19
16,3,9,15,0,3840,410,0.106771,8.0,8,5,2,1,1,false,false,7,7
16,3,9,15,1,3840,271,0.070573,8.0,8,5,2,1,1,false,false,11,11
16,3,9,15,2,3840,190,0.049479,8.0,8,5,2,1,1,false,false,15,15
16,3,9,15,3,3840,127,0.033073,8.0,8,5,2,1,1,false,false,19,19
16,3,11,1,0,3840,412,0.107292,8.0,8,5,2,1,1,true,false,7,7
16,3,11,1,1,3840,246,0.064062,8.0,8,5,2,1,1,true,false,11,11
16,3,11,1,2,3840,184,0.047917,8.0,8,5,2,1,1,true,false,15,15
16,3,11,1,3,3840,127,0.033073,8.0,8,5,2,1,1,true,false,19,19
16,3,11,3,0,3840,397,0.103385,8.0,8,5,2,1,1,true,true,7,7
16,3,11,3,1,3840,246,0.064062,8.0,8,5,2,1,1,true,true,11,11
16,3,11,3,2,3840,191,0.049740,8.0,8,5,2,1,1,true,true,15,15
16,3,11,3,3,3840,154,0.040104,8.0,8,5,2,1,1,true,true,19,19
16,3,11,5,0,3840,418,0.108854,8.0,8,5,2,1,1,true,true,7,7
16,3,11,5,1,3840,239,0.062240,8.0,8,5,2,1,1,true,true,11,11
16,3,11,5,2,3840,192,0.050000,8.0,8,5,2,1,1,true,true,15,15
16,3,11,5,3,3840,138,0.035937,8.0,8,5,2,1,1,true,true,19,19
16,3,11,7,0,3840,390,0.101562,8.0,8,5,2,1,1,true,true,7,7
16,3,11,7,1,3840,265,0.069010,8.0,8,5,2,1,1,true,true,11,11
16,3,11,7,2,3840,198,0.051562,8.0,8,5,2,1,1,true,true,15,15
16,3,11,7,3,3840,156,0.040625,8.0,8,5,2,1,1,true,true,19,19
16,3,11,9,0,3840,399,0.103906,8.0,8,5,2,1,1,true,false,7,7
16,3,11,9,1,3840,246,0.064062,8.0,8,5,2,1,1,true,false,11,11
16,3,11,9,2,3840,168,0.043750,8.0,8,5,2,1,1,true,false,15,15
16,3,11,9,3,3840,143,0.037240,8.0,8,5,2,1,1,true,false,19,19
16,3,11,13,0,3840,390,0.101562,8.0,8,5,2,1,1,true,true,7,7
16,3,11,13,1,3840,281,0.073177,8.0,8,5,2,1,1,true,true,11,11
16,3,11,13,2,3840,178,0.046354,8.0,8,5,2,1,1,true,true,15,15
16,3,11,13,3,3840,167,0.043490,8.0,8,5,2,1,1,true,true,19,19
16,3,11,15,0,3840,397,0.103385,8.0,8,5,2,1,1,true,false,7,7
16,3,11,15,1,3840,266,0.069271,8.0,8,5,2,1,1,true,false,11,11
16,3,11,15,2,3840,191,0.049740,8.0,8,5,2,1,1,true,false,15,15
16,3,11,15,3,3840,152,0.039583,8.0,8,5,2,1,1,true,false,19,19
16,3,13,1,0,3840,411,0.107031,8.0,8,5,2,1,1,true,false,7,7
16,3,13,1,1,3840,254,0.066146,8.0,8,5,2,1,1,true,false,11,11
16,3,13,1,2,3840,190,0.049479,8.0,8,5,2,1,1,true,false,15,15
16,3,13,1,3,3840,127,0.033073,8.0,8,5,2,1,1,true,false,19,19
16,3,13,3,0,3840,400,0.104167,8.0,8,5,2,1,1,true,true,7,7
16,3,13,3,1,3840,235,0.061198,8.0,8,5,2,1,1,true,true,11,11
16,3,13,3,2,3840,193,0.050260,8.0,8,5,2,1,1,true,true,15,15
16,3,13,3,3,3840,131,0.034115,8.0,8,5,2,1,1,true,true,19,19
16,3,13,5,0,3840,402,0.104688,8.0,8,5,2,1,1,true,true,7,7
16,3,13,5,1,3840,241,0.062760,8.0,8,5,2,1,1,true,true,11,11
16,3,13,5,2,3840,170,0.044271,8.0,8,5,2,1,1,true,true,15,15
16,3,13,5,3,3840,146,0.038021,8.0,8,5,2,1,1,true,true,19,19
16,3,13,7,0,3840,413,0.107552,8.0,8,5,2,1,1,true,true,7,7
16,3,13,7,1,3840,243,0.063281,8.0,8,5,2,1,1,true,true,11,11
16,3,13,7,2,3840,181,0.047135,8.0,8,5,2,1,1,true,true,15,15
16,3,13,7,3,3840,137,0.035677,8.0,8,5,2,1,1,true,true,19,19
16,3,13,9,0,3840,397,0.103385,8.0,8,5,2,1,1,true,false,7,7
16,3,13,9,1,3840,260,0.067708,8.0,8,5,2,1,1,true,false,11,11
16,3,13,9,2,3840,182,0.047396,8.0,8,5,2,1,1,true,false,15,15
16,3,13,9,3,3840,161,0.041927,8.0,8,5,2,1,1,true,false,19,19
16,3,13,11,0,3840,400,0.104167,8.0,8,5,2,1,1,true,true,7,7
16,3,13,11,1,3840,260,0.067708,8.0,8,5,2,1,1,true,true,11,11
16,3,13,11,2,3840,186,0.048438,8.0,8,5,2,1,1,true,true,15,15
16,3,13,11,3,3840,139,0.036198,8.0,8,5,2,1,1,true,true,19,19
16,3,13,15,0,3840,410,0.106771,8.0,8,5,2,1,1,true,false,7,7
16,3,13,15,1,3840,247,0.064323,8.0,8,5,2,1,1,true,false,11,11
16,3,13,15,2,3840,196,0.051042,8.0,8,5,2,1,1,true,false,15,15
16,3,13,15,3,3840,131,0.034115,8.0,8,5,2,1,1,true,false,19,19
16,3,15,1,0,3840,417,0.108594,8.0,8,5,2,1,1,false,false,7,7
16,3,15,1,1,3840,256,0.066667,8.0,8,5,2,1,1,false,false,11,11
16,3,15,1,2,3840,195,0.050781,8.0,8,5,2,1,1,false,false,15,15
16,3,15,1,3,3840,147,0.038281,8.0,8,5,2,1,1,false,false,19,19
16,3,15,3,0,3840,390,0.101562,8.0,8,5,2,1,1,false,true,7,7
16,3,15,3,1,3840,267,0.069531,8.0,8,5,2,1,1,false,true,11,11
16,3,15,3,2,3840,185,0.048177,8.0,8,5,2,1,1,false,true,15,15
16,3,15,3,3,3840,172,0.044792,8.0,8,5,2,1,1,false,true,19,19
16,3,15,5,0,3840,418,0.108854,8.0,8,5,2,1,1,false,true,7,7
16,3,15,5,1,3840,248,0.064583,8.0,8,5,2,1,1,false,true,11,11
16,3,15,5,2,3840,185,0.048177,8.0,8,5,2,1,1,false,true,15,15
16,3,15,5,3,3840,168,0.043750,8.0,8,5,2,1,1,false,true,19,19
16,3,15,7,0,3840,406,0.105729,8.0,8,5,2,1,1,false,true,7,7
16,3,15,7,1,3840,245,0.063802,8.0,8,5,2,1,1,false,true,11,11
16,3,15,7,2,3840,177,0.046094,8.0,8,5,2,1,1,false,true,15,15
16,3,15,7,3,3840,131,0.034115,8.0,8,5,2,1,1,false,true,19,19
16,3,15,9,0,3840,397,0.103385,8.0,8,5,2,1,1,false,false,7,7
16,3,15,9,1,3840,231,0.060156,8.0,8,5,2,1,1,false,false,11,11
16,3,15,9,2,3840,192,0.050000,8.0,8,5,2,1,1,false,false,15,15
16,3,15,9,3,3840,154,0.040104,8.0,8,5,2,1,1,false,false,19,19
16,3,15,11,0,3840,394,0.102604,8.0,8,5,2,1,1,false,true,7,7
16,3,15,11,1,3840,250,0.065104,8.0,8,5,2,1,1,false,true,11,11
16,3,15,11,2,3840,169,0.044010,8.0,8,5,2,1,1,false,true,15,15
16,3,15,11,3,3840,163,0.042448,8.0,8,5,2,1,1,false,true,19,19
16,3,15,13,0,3840,359,0.093490,8.0,8,5,2,1,1,false,true,7,7
16,3,15,13,1,3840,242,0.063021,8.0,8,5,2,1,1,false,true,11,11
16,3,15,13,2,3840,171,0.044531,8.0,8,5,2,1,1,false,true,15,15
16,3,15,13,3,3840,154,0.040104,8.0,8,5,2,1,1,false,true,19,19
18,1,1,5,0,17,3,0.176471,9.0,6,6,6,1,1,false,true,5,5
18,1,1,5,1,17,3,0.176471,9.0,6,6,6,1,1,false,true,9,9
18,1,1,5,2,17,1,0.058824,9.0,6,6,6,1,1,false,true,13,13
18,1,1,5,3,17,0,0.000000,9.0,6,6,6,1,1,false,true,17,17
18,1,1,7,0,17,2,0.117647,9.0,6,6,6,1,1,false,true,5,5
18,1,1,7,1,17,3,0.176471,9.0,6,6,6,1,1,false,true,9,9
18,1,1,7,2,17,1,0.058824,9.0,6,6,6,1,1,false,true,13,13
18,1,1,7,3,17,0,0.000000,9.0,6,6,6,1,1,false,true,17,17
18,1,1,11,0,17,4,0.235294,9.0,6,6,6,1,1,false,true,5,5
18,1,1,11,1,17,2,0.117647,9.0,6,6,6,1,1,false,true,9,9
18,1,1,11,2,17,2,0.117647,9.0,6,6,6,1,1,false,true,13,13
18,1,1,11,3,17,3,0.176471,9.0,6,6,6,1,1,false,true,17,17
18,1,1,13,0,17,2,0.117647,9.0,6,6,6,1,1,false,true,5,5
18,1,1,13,1,17,3,0.176471,9.0,6,6,6,1,1,false,true,9,9
18,1,1,13,2,17,0,0.000000,9.0,6,6,6,1,1,false,true,13,13
18,1,1,13,3,17,0,0.000000,9.0,6,6,6,1,1,false,true,17,17
18,1,1,17,0,17,5,0.294118,9.0,6,6,6,1,1,false,true,5,5
18,1,1,17,1,17,3,0.176471,9.0,6,6,6,1,1,false,true,9,9
18,1,1,17,2,17,2,0.117647,9.0,6,6,6,1,1,false,true,13,13
18,1,1,17,3,17,2,0.117647,9.0,6,6,6,1,1,false,true,17,17
18,1,5,1,0,17,5,0.294118,9.0,6,6,6,1,1,true,false,5,5
18,1,5,1,1,17,2,0.117647,9.0,6,6,6,1,1,true,false,9,9
18,1,5,1,2,17,1,0.058824,9.0,6,6,6,1,1,true,false,13,13
18,1,5,1,3,17,1,0.058824,9.0,6,6,6,1,1,true,false,17,17
18,1,5,7,0,17,4,0.235294,9.0,6,6,6,1,1,true,true,5,5
18,1,5,7,1,17,1,0.058824,9.0,6,6,6,1,1,true,true,9,9
18,1,5,7,2,17,2,0.117647,9.0,6,6,6,1,1,true,true,13,13
18,1,5,7,3,17,0,0.000000,9.0,6,6,6,1,1,true,true,17,17
18,1,5,11,0,17,3,0.176471,9.0,6,6,6,1,1,true,true,5,5
18,1,5,11,1,17,2,0.117647,9.0,6,6,6,1,1,true,true,9,9
18,1,5,11,2,17,0,0.000000,9.0,6,6,6,1,1,true,true,13,13
18,1,5,11,3,17,0,0.000000,9.0,6,6,6,1,1,true,true,17,17
18,1,5,13,0,17,7,0.411765,9.0,6,6,6,1,1,true,true,5,5
18,1,5,13,1,17,3,0.176471,9.0,6,6,6,1,1,true,true,9,9
18,1,5,13,2,17,1,0.058824,9.0,6,6,6,1,1,true,true,13,13
18,1,5,13,3,17,0,0.000000,9.0,6,6,6,1,1,true,true,17,17
18,1,5,17,0,17,6,0.352941,9.0,6,6,6,1,1,true,true,5,5
18,1,5,17,1,17,3,0.176471,9.0,6,6,6,1,1,true,true,9,9
18,1,5,17,2,17,0,0.000000,9.0,6,6,6,1,1,true,true,13,13
18,1,5,17,3,17,2,0.117647,9.0,6,6,6,1,1,true,true,17,17
18,1,7,1,0,17,5,0.294118,9.0,6,6,6,1,1,true,false,5,5
18,1,7,1,1,17,1,0.058824,9.0,6,6,6,1,1,true,false,9,9
18,1,7,1,2,17,1,0.058824,9.0,6,6,6,1,1,true,false,13,13
18,1,7,1,3,17,0,0.000000,9.0,6,6,6,1,1,true,false,17,17
18,1,7,5,0,17,4,0.235294,9.0,6,6,6,1,1,true,true,5,5
18,1,7,5,1,17,1,0.058824,9.0,6,6,6,1,1,true,true,9,9
18,1,7,5,2,17,1,0.058824,9.0,6,6,6,1,1,true,true,13,13
18,1,7,5,3,17,1,0.058824,9.0,6,6,6,1,1,true,true,17,17
18,1,7,11,0,17,3,0.176471,9.0,6,6,6,1,1,true,true,5,5
18,1,7,11,1,17,2,0.117647,9.0,6,6,6,1,1,true,true,9,9
18,1,7,11,2,17,0,0.000000,9.0,6,6,6,1,1,true,true,13,13
18,1,7,11,3,17,2,0.117647,9.0,6,6,6,1,1,true,true,17,17
18,1,7,13,0,17,3,0.176471,9.0,6,6,6,1,1,true,true,5,5
18,1,7,13,1,17,1,0.058824,9.0,6,6,6,1,1,true,true,9,9
18,1,7,13,2,17,1,0.058824,9.0,6,6,6,1,1,true,true,13,13
18,1,7,13,3,17,0,0.000000,9.0,6,6,6,1,1,true,true,17,17
18,1,7,17,0,17,5,0.294118,9.0,6,6,6,1,1,true,true,5,5
18,1,7,17,1,17,4,0.235294,9.0,6,6,6,1,1,true,true,9,9
18,1,7,17,2,17,0,0.000000,9.0,6,6,6,1,1,true,true,13,13
18,1,7,17,3,17,4,0.235294,9.0,6,6,6,1,1,true,true,17,17
18,1,11,1,0,17,3,0.176471,9.0,6,6,6,1,1,true,false,5,5
18,1,11,1,1,17,2,0.117647,9.0,6,6,6,1,1,true,false,9,9
18,1,11,1,2,17,2,0.117647,9.0,6,6,6,1,1,true,false,13,13
18,1,11,1,3,17,0,0.000000,9.0,6,6,6,1,1,true,false,17,17
18,1,11,5,0,17,4,0.235294,9.0,6,6,6,1,1,true,true,5,5
18,1,11,5,1,17,2,0.117647,9.0,6,6,6,1,1,true,true,9,9
18,1,11,5,2,17,3,0.176471,9.0,6,6,6,1,1,true,true,13,13
18,1,11,5,3,17,1,0.058824,9.0,6,6,6,1,1,true,true,17,17
18,1,11,7,0,17,3,0.176471,9.0,6,6,6,1,1,true,true,5,5
18,1,11,7,1,17,1,0.058824,9.0,6,6,6,1,1,true,true,9,9
18,1,11,7,2,17,1,0.058824,9.0,6,6,6,1,1,true,true,13,13
18,1,11,7,3,17,1,0.058824,9.0,6,6,6,1,1,true,true,17,17
18,1,11,13,0,17,2,0.117647,9.0,6,6,6,1,1,true,true,5,5
18,1,11,13,1,17,2,0.117647,9.0,6,6,6,1,1,true,true,9,9
18,1,11,13,2,17,1,0.058824,9.0,6,6,6,1,1,true,true,13,13
18,1,11,13,3,17,1,0.058824,9.0,6,6,6,1,1,true,true,17,17
18,1,11,17,0,17,4,0.235294,9.0,6,6,6,1,1,true,true,5,5
18,1,11,17,1,17,2,0.117647,9.0,6,6,6,1,1,true,true,9,9
18,1,11,17,2,17,2,0.117647,9.0,6,6,6,1,1,true,true,13,13
18,1,11,17,3,17,1,0.058824,9.0,6,6,6,1,1,true,true,17,17
18,1,13,1,0,17,2,0.117647,9.0,6,6,6,1,1,true,false,5,5
18,1,13,1,1,17,0,0.000000,9.0,6,6,6,1,1,true,false,9,9
18,1,13,1,2,17,1,0.058824,9.0,6,6,6,1,1,true,false,13,13
18,1,13,1,3,17,0,0.000000,9.0,6,6,6,1,1,true,false,17,17
18,1,13,5,0,17,3,0.176471,9.0,6,6,6,1,1,true,true,5,5
18,1,13,5,1,17,1,0.058824,9.0,6,6,6,1,1,true,true,9,9
18,1,13,5,2,17,2,0.117647,9.0,6,6,6,1,1,true,true,13,13
18,1,13,5,3,17,0,0.000000,9.0,6,6,6,1,1,true,true,17,17
18,1,13,7,0,17,5,0.294118,9.0,6,6,6,1,1,true,true,5,5
18,1,13,7,1,17,3,0.176471,9.0,6,6,6,1,1,true,true,9,9
18,1,13,7,2,17,1,0.058824,9.0,6,6,6,1,1,true,true,13,13
18,1,13,7,3,17,0,0.000000,9.0,6,6,6,1,1,true,true,17,17
18,1,13,11,0,17,2,0.117647,9.0,6,6,6,1,1,true,true,5,5
18,1,13,11,1,17,1,0.058824,9.0,6,6,6,1,1,true,true,9,9
18,1,13,11,2,17,1,0.058824,9.0,6,6,6,1,1,true,true,13,13
18,1,13,11,3,17,3,0.176471,9.0,6,6,6,1,1,true,true,17,17
18,1,13,17,0,17,3,0.176471,9.0,6,6,6,1,1,true,true,5,5
18,1,13,17,1,17,5,0.294118,9.0,6,6,6,1,1,true,true,9,9
18,1,13,17,2,17,0,0.000000,9.0,6,6,6,1,1,true,true,13,13
18,1,13,17,3,17,1,0.058824,9.0,6,6,6,1,1,true,true,17,17
18,1,17,1,0,17,5,0.294118,9.0,6,6,6,1,1,true,false,5,5
18,1,17,1,1,17,1,0.058824,9.0,6,6,6,1,1,true,false,9,9
18,1,17,1,2,17,1,0.058824,9.0,6,6,6,1,1,true,false,13,13
18,1,17,1,3,17,0,0.000000,9.0,6,6,6,1,1,true,false,17,17
18,1,17,5,0,17,3,0.176471,9.0,6,6,6,1,1,true,true,5,5
18,1,17,5,1,17,1,0.058824,9.0,6,6,6,1,1,true,true,9,9
18,1,17,5,2,17,1,0.058824,9.0,6,6,6,1,1,true,true,13,13
18,1,17,5,3,17,1,0.058824,9.0,6,6,6,1,1,true,true,17,17
18,1,17,7,0,17,5,0.294118,9.0,6,6,6,1,1,true,true,5,5
18,1,17,7,1,17,2,0.117647,9.0,6,6,6,1,1,true,true,9,9
18,1,17,7,2,17,2,0.117647,9.0,6,6,6,1,1,true,true,13,13
18,1,17,7,3,17,0,0.000000,9.0,6,6,6,1,1,true,true,17,17
18,1,17,11,0,17,2,0.117647,9.0,6,6,6,1,1,true,true,5,5
18,1,17,11,1,17,3,0.176471,9.0,6,6,6,1,1,true,true,9,9
18,1,17,11,2,17,2,0.117647,9.0,6,6,6,1,1,true,true,13,13
18,1,17,11,3,17,2,0.117647,9.0,6,6,6,1,1,true,true,17,17
18,1,17,13,0,17,6,0.352941,9.0,6,6,6,1,1,true,true,5,5
18,1,17,13,1,17,2,0.117647,9.0,6,6,6,1,1,true,true,9,9
18,1,17,13,2,17,1,0.058824,9.0,6,6,6,1,1,true,true,13,13
18,1,17,13,3,17,2,0.117647,9.0,6,6,6,1,1,true,true,17,17
18,2,1,5,0,306,72,0.235294,9.0,6,6,6,1,1,false,true,6,6
18,2,1,5,1,306,36,0.117647,9.0,6,6,6,1,1,false,true,10,10
18,2,1,5,2,306,32,0.104575,9.0,6,6,6,1,1,false,true,14,14
18,2,1,5,3,306,20,0.065359,9.0,6,6,6,1,1,false,true,18,18
18,2,1,7,0,306,58,0.189542,9.0,6,6,6,1,1,false,true,6,6
18,2,1,7,1,306,27,0.088235,9.0,6,6,6,1,1,false,true,10,10
18,2,1,7,2,306,23,0.075163,9.0,6,6,6,1,1,false,true,14,14
18,2,1,7,3,306,20,0.065359,9.0,6,6,6,1,1,false,true,18,18
18,2,1,11,0,306,52,0.169935,9.0,6,6,6,1,1,false,true,6,6
18,2,1,11,1,306,36,0.117647,9.0,6,6,6,1,1,false,true,10,10
18,2,1,11,2,306,32,0.104575,9.0,6,6,6,1,1,false,true,14,14
18,2,1,11,3,306,14,0.045752,9.0,6,6,6,1,1,false,true,18,18
18,2,1,13,0,306,61,0.199346,9.0,6,6,6,1,1,false,true,6,6
18,2,1,13,1,306,38,0.124183,9.0,6,6,6,1,1,false,true,10,10
18,2,1,13,2,306,24,0.078431,9.0,6,6,6,1,1,false,true,14,14
18,2,1,13,3,306,12,0.039216,9.0,6,6,6,1,1,false,true,18,18
18,2,1,17,0,306,66,0.215686,9.0,6,6,6,1,1,false,true,6,6
18,2,1,17,1,306,29,0.094771,9.0,6,6,6,1,1,false,true,10,10
18,2,1,17,2,306,27,0.088235,9.0,6,6,6,1,1,false,true,14,14
18,2,1,17,3,306,23,0.075163,9.0,6,6,6,1,1,false,true,18,18
18,2,5,1,0,306,53,0.173203,9.0,6,6,6,1,1,true,false,6,6
18,2,5,1,1,306,36,0.117647,9.0,6,6,6,1,1,true,false,10,10
18,2,5,1,2,306,20,0.065359,9.0,6,6,6,1,1,true,false,14,14
18,2,5,1,3,306,11,0.035948,9.0,6,6,6,1,1,true,false,18,18
18,2,5,7,0,306,51,0.166667,9.0,6,6,6,1,1,true,true,6,6
18,2,5,7,1,306,29,0.094771,9.0,6,6,6,1,1,true,true,10,10
18,2,5,7,2,306,25,0.081699,9.0,6,6,6,1,1,true,true,14,14
18,2,5,7,3,306,12,0.039216,9.0,6,6,6,1,1,true,true,18,18
18,2,5,11,0,306,50,0.163399,9.0,6,6,6,1,1,true,true,6,6
18,2,5,11,1,306,24,0.078431,9.0,6,6,6,1,1,true,true,10,10
18,2,5,11,2,306,19,0.062092,9.0,6,6,6,1,1,true,true,14,14
18,2,5,11,3,306,20,0.065359,9.0,6,6,6,1,1,true,true,18,18
18,2,5,13,0,306,57,0.186275,9.0,6,6,6,1,1,true,true,6,6
18,2,5,13,1,306,41,0.133987,9.0,6,6,6,1,1,true,true,10,10
18,2,5,13,2,306,27,0.088235,9.0,6,6,6,1,1,true,true,14,14
18,2,5,13,3,306,15,0.049020,9.0,6,6,6,1,1,true,true,18,18
18,2,5,17,0,306,53,0.173203,9.0,6,6,6,1,1,true,true,6,6
18,2,5,17,1,306,32,0.104575,9.0,6,6,6,1,1,true,true,10,10
18,2,5,17,2,306,30,0.098039,9.0,6,6,6,1,1,true,true,14,14
18,2,5,17,3,306,16,0.052288,9.0,6,6,6,1,1,true,true,18,18
18,2,7,1,0,306,49,0.160131,9.0,6,6,6,1,1,true,false,6,6
18,2,7,1,1,306,32,0.104575,9.0,6,6,6,1,1,true,false,10,10
18,2,7,1,2,306,20,0.065359,9.0,6,6,6,1,1,true,false,14,14
18,2,7,1,3,306,15,0.049020,9.0,6,6,6,1,1,true,false,18,18
18,2,7,5,0,306,53,0.173203,9.0,6,6,6,1,1,true,true,6,6
18,2,7,5,1,306,27,0.088235,9.0,6,6,6,1,1,true,true,10,10
18,2,7,5,2,306,17,0.055556,9.0,6,6,6,1,1,true,true,14,14
18,2,7,5,3,306,12,0.039216,9.0,6,6,6,1,1,true,true,18,18
18,2,7,11,0,306,52,0.169935,9.0,6,6,6,1,1,true,true,6,6
18,2,7,11,1,306,29,0.094771,9.0,6,6,6,1,1,true,true,10,10
18,2,7,11,2,306,25,0.081699,9.0,6,6,6,1,1,true,true,14,14
18,2,7,11,3,306,20,0.065359,9.0,6,6,6,1,1,true,true,18,18
18,2,7,13,0,306,52,0.169935,9.0,6,6,6,1,1,true,true,6,6
18,2,7,13,1,306,35,0.114379,9.0,6,6,6,1,1,true,true,10,10
18,2,7,13,2,306,26,0.084967,9.0,6,6,6,1,1,true,true,14,14
18,2,7,13,3,306,20,0.065359,9.0,6,6,6,1,1,true,true,18,18
18,2,7,17,0,306,54,0.176471,9.0,6,6,6,1,1,true,true,6,6
18,2,7,17,1,306,32,0.104575,9.0,6,6,6,1,1,true,true,10,10
18,2,7,17,2,306,24,0.078431,9.0,6,6,6,1,1,true,true,14,14
18,2,7,17,3,306,15,0.049020,9.0,6,6,6,1,1,true,true,18,18
18,2,11,1,0,306,49,0.160131,9.0,6,6,6,1,1,true,false,6,6
18,2,11,1,1,306,37,0.120915,9.0,6,6,6,1,1,true,false,10,10
18,2,11,1,2,306,19,0.062092,9.0,6,6,6,1,1,true,false,14,14
18,2,11,1,3,306,11,0.035948,9.0,6,6,6,1,1,true,false,18,18
18,2,11,5,0,306,59,0.192810,9.0,6,6,6,1,1,true,true,6,6
18,2,11,5,1,306,24,0.078431,9.0,6,6,6,1,1,true,true,10,10
18,2,11,5,2,306,29,0.094771,9.0,6,6,6,1,1,true,true,14,14
18,2,11,5,3,306,20,0.065359,9.0,6,6,6,1,1,true,true,18,18
18,2,11,7,0,306,45,0.147059,9.0,6,6,6,1,1,true,true,6,6
18,2,11,7,1,306,32,0.104575,9.0,6,6,6,1,1,true,true,10,10
18,2,11,7,2,306,23,0.075163,9.0,6,6,6,1,1,true,true,14,14
18,2,11,7,3,306,16,0.052288,9.0,6,6,6,1,1,true,true,18,18
18,2,11,13,0,306,50,0.163399,9.0,6,6,6,1,1,true,true,6,6
18,2,11,13,1,306,38,0.124183,9.0,6,6,6,1,1,true,true,10,10
18,2,11,13,2,306,27,0.088235,9.0,6,6,6,1,1,true,true,14,14
18,2,11,13,3,306,19,0.062092,9.0,6,6,6,1,1,true,true,18,18
18,2,11,17,0,306,50,0.163399,9.0,6,6,6,1,1,true,true,6,6
18,2,11,17,1,306,35,0.114379,9.0,6,6,6,1,1,true,true,10,10
18,2,11,17,2,306,27,0.088235,9.0,6,6,6,1,1,true,true,14,14
18,2,11,17,3,306,17,0.055556,9.0,6,6,6,1,1,true,true,18,18
18,2,13,1,0,306,44,0.143791,9.0,6,6,6,1,1,true,false,6,6
18,2,13,1,1,306,32,0.104575,9.0,6,6,6,1,1,true,false,10,10
18,2,13,1,2,306,26,0.084967,9.0,6,6,6,1,1,true,false,14,14
18,2,13,1,3,306,17,0.055556,9.0,6,6,6,1,1,true,false,18,18
18,2,13,5,0,306,53,0.173203,9.0,6,6,6,1,1,true,true,6,6
18,2,13,5,1,306,38,0.124183,9.0,6,6,6,1,1,true,true,10,10
18,2,13,5,2,306,23,0.075163,9.0,6,6,6,1,1,true,true,14,14
18,2,13,5,3,306,12,0.039216,9.0,6,6,6,1,1,true,true,18,18
18,2,13,7,0,306,65,0.212418,9.0,6,6,6,1,1,true,true,6,6
18,2,13,7,1,306,32,0.104575,9.0,6,6,6,1,1,true,true,10,10
18,2,13,7,2,306,29,0.094771,9.0,6,6,6,1,1,true,true,14,14
18,2,13,7,3,306,14,0.045752,9.0,6,6,6,1,1,true,true,18,18
18,2,13,11,0,306,49,0.160131,9.0,6,6,6,1,1,true,true,6,6
18,2,13,11,1,306,26,0.084967,9.0,6,6,6,1,1,true,true,10,10
18,2,13,11,2,306,17,0.055556,9.0,6,6,6,1,1,true,true,14,14
18,2,13,11,3,306,20,0.065359,9.0,6,6,6,1,1,true,true,18,18
18,2,13,17,0,306,58,0.189542,9.0,6,6,6,1,1,true,true,6,6
18,2,13,17,1,306,32,0.104575,9.0,6,6,6,1,1,true,true,10,10
18,2,13,17,2,306,25,0.081699,9.0,6,6,6,1,1,true,true,14,14
18,2,13,17,3,306,19,0.062092,9.0,6,6,6,1,1,true,true,18,18
18,2,17,1,0,306,64,0.209150,9.0,6,6,6,1,1,true,false,6,6
18,2,17,1,1,306,32,0.104575,9.0,6,6,6,1,1,true,false,10,10
18,2,17,1,2,306,20,0.065359,9.0,6,6,6,1,1,true,false,14,14
18,2,17,1,3,306,14,0.045752,9.0,6,6,6,1,1,true,false,18,18
18,2,17,5,0,306,50,0.163399,9.0,6,6,6,1,1,true,true,6,6
18,2,17,5,1,306,23,0.075163,9.0,6,6,6,1,1,true,true,10,10
18,2,17,5,2,306,22,0.071895,9.0,6,6,6,1,1,true,true,14,14
18,2,17,5,3,306,21,0.068627,9.0,6,6,6,1,1,true,true,18,18
18,2,17,7,0,306,58,0.189542,9.0,6,6,6,1,1,true,true,6,6
18,2,17,7,1,306,29,0.094771,9.0,6,6,6,1,1,true,true,10,10
18,2,17,7,2,306,23,0.075163,9.0,6,6,6,1,1,true,true,14,14
18,2,17,7,3,306,23,0.075163,9.0,6,6,6,1,1,true,true,18,18
18,2,17,11,0,306,52,0.169935,9.0,6,6,6,1,1,true,true,6,6
18,2,17,11,1,306,23,0.075163,9.0,6,6,6,1,1,true,true,10,10
18,2,17,11,2,306,24,0.078431,9.0,6,6,6,1,1,true,true,14,14
18,2,17,11,3,306,19,0.062092,9.0,6,6,6,1,1,true,true,18,18
18,2,17,13,0,306,46,0.150327,9.0,6,6,6,1,1,true,true,6,6
18,2,17,13,1,306,26,0.084967,9.0,6,6,6,1,1,true,true,10,10
18,2,17,13,2,306,21,0.068627,9.0,6,6,6,1,1,true,true,14,14
18,2,17,13,3,306,16,0.052288,9.0,6,6,6,1,1,true,true,18,18
18,3,1,5,0,5508,932,0.169208,9.0,6,6,6,1,1,false,true,7,7
18,3,1,5,1,5508,536,0.097313,9.0,6,6,6,1,1,false,true,11,11
18,3,1,5,2,5508,392,0.071169,9.0,6,6,6,1,1,false,true,15,15
18,3,1,5,3,5508,340,0.061728,9.0,6,6,6,1,1,false,true,19,19
18,3,1,7,0,5508,907,0.164670,9.0,6,6,6,1,1,false,true,7,7
18,3,1,7,1,5508,549,0.099673,9.0,6,6,6,1,1,false,true,11,11
18,3,1,7,2,5508,409,0.074256,9.0,6,6,6,1,1,false,true,15,15
18,3,1,7,3,5508,297,0.053922,9.0,6,6,6,1,1,false,true,19,19
18,3,1,11,0,5508,875,0.158860,9.0,6,6,6,1,1,false,true,7,7
18,3,1,11,1,5508,537,0.097495,9.0,6,6,6,1,1,false,true,11,11
18,3,1,11,2,5508,438,0.079521,9.0,6,6,6,1,1,false,true,15,15
18,3,1,11,3,5508,302,0.054829,9.0,6,6,6,1,1,false,true,19,19
18,3,1,13,0,5508,912,0.165577,9.0,6,6,6,1,1,false,true,7,7
18,3,1,13,1,5508,595,0.108025,9.0,6,6,6,1,1,false,true,11,11
18,3,1,13,2,5508,394,0.071532,9.0,6,6,6,1,1,false,true,15,15
18,3,1,13,3,5508,359,0.065178,9.0,6,6,6,1,1,false,true,19,19
18,3,1,17,0,5508,922,0.167393,9.0,6,6,6,1,1,false,true,7,7
18,3,1,17,1,5508,536,0.097313,9.0,6,6,6,1,1,false,true,11,11
18,3,1,17,2,5508,420,0.076253,9.0,6,6,6,1,1,false,true,15,15
18,3,1,17,3,5508,329,0.059731,9.0,6,6,6,1,1,false,true,19,19
18,3,5,1,0,5508,881,0.159949,9.0,6,6,6,1,1,true,false,7,7
18,3,5,1,1,5508,543,0.098584,9.0,6,6,6,1,1,true,false,11,11
18,3,5,1,2,5508,381,0.069172,9.0,6,6,6,1,1,true,false,15,15
18,3,5,1,3,5508,300,0.054466,9.0,6,6,6,1,1,true,false,19,19
18,3,5,7,0,5508,857,0.155592,9.0,6,6,6,1,1,true,true,7,7
18,3,5,7,1,5508,559,0.101489,9.0,6,6,6,1,1,true,true,11,11
18,3,5,7,2,5508,430,0.078068,9.0,6,6,6,1,1,true,true,15,15
18,3,5,7,3,5508,307,0.055737,9.0,6,6,6,1,1,true,true,19,19
18,3,5,11,0,5508,869,0.157771,9.0,6,6,6,1,1,true,true,7,7
18,3,5,11,1,5508,545,0.098947,9.0,6,6,6,1,1,true,true,11,11
18,3,5,11,2,5508,391,0.070988,9.0,6,6,6,1,1,true,true,15,15
18,3,5,11,3,5508,314,0.057008,9.0,6,6,6,1,1,true,true,19,19
18,3,5,13,0,5508,866,0.157226,9.0,6,6,6,1,1,true,true,7,7
18,3,5,13,1,5508,563,0.102215,9.0,6,6,6,1,1,true,true,11,11
18,3,5,13,2,5508,389,0.070625,9.0,6,6,6,1,1,true,true,15,15
18,3,5,13,3,5508,295,0.053558,9.0,6,6,6,1,1,true,true,19,19
18,3,5,17,0,5508,886,0.160857,9.0,6,6,6,1,1,true,true,7,7
18,3,5,17,1,5508,511,0.092774,9.0,6,6,6,1,1,true,true,11,11
18,3,5,17,2,5508,381,0.069172,9.0,6,6,6,1,1,true,true,15,15
18,3,5,17,3,5508,308,0.055919,9.0,6,6,6,1,1,true,true,19,19
18,3,7,1,0,5508,882,0.160131,9.0,6,6,6,1,1,true,false,7,7
18,3,7,1,1,5508,575,0.104394,9.0,6,6,6,1,1,true,false,11,11
18,3,7,1,2,5508,404,0.073348,9.0,6,6,6,1,1,true,false,15,15
18,3,7,1,3,5508,302,0.054829,9.0,6,6,6,1,1,true,false,19,19
18,3,7,5,0,5508,844,0.153232,9.0,6,6,6,1,1,true,true,7,7
18,3,7,5,1,5508,546,0.099129,9.0,6,6,6,1,1,true,true,11,11
18,3,7,5,2,5508,392,0.071169,9.0,6,6,6,1,1,true,true,15,15
18,3,7,5,3,5508,322,0.058460,9.0,6,6,6,1,1,true,true,19,19
18,3,7,11,0,5508,839,0.152324,9.0,6,6,6,1,1,true,true,7,7
18,3,7,11,1,5508,552,0.100218,9.0,6,6,6,1,1,true,true,11,11
18,3,7,11,2,5508,374,0.067901,9.0,6,6,6,1,1,true,true,15,15
18,3,7,11,3,5508,313,0.056826,9.0,6,6,6,1,1,true,true,19,19
18,3,7,13,0,5508,844,0.153232,9.0,6,6,6,1,1,true,true,7,7
18,3,7,13,1,5508,538,0.097676,9.0,6,6,6,1,1,true,true,11,11
18,3,7,13,2,5508,382,0.069354,9.0,6,6,6,1,1,true,true,15,15
18,3,7,13,3,5508,311,0.056463,9.0,6,6,6,1,1,true,true,19,19
18,3,7,17,0,5508,828,0.150327,9.0,6,6,6,1,1,true,true,7,7
18,3,7,17,1,5508,570,0.103486,9.0,6,6,6,1,1,true,true,11,11
18,3,7,17,2,5508,389,0.070625,9.0,6,6,6,1,1,true,true,15,15
18,3,7,17,3,5508,305,0.055374,9.0,6,6,6,1,1,true,true,19,19
18,3,11,1,0,5508,828,0.150327,9.0,6,6,6,1,1,true,false,7,7
18,3,11,1,1,5508,506,0.091866,9.0,6,6,6,1,1,true,false,11,11
18,3,11,1,2,5508,380,0.068991,9.0,6,6,6,1,1,true,false,15,15
18,3,11,1,3,5508,313,0.056826,9.0,6,6,6,1,1,true,false,19,19
18,3,11,5,0,5508,824,0.149601,9.0,6,6,6,1,1,true,true,7,7
18,3,11,5,1,5508,522,0.094771,9.0,6,6,6,1,1,true,true,11,11
18,3,11,5,2,5508,378,0.068627,9.0,6,6,6,1,1,true,true,15,15
18,3,11,5,3,5508,295,0.053558,9.0,6,6,6,1,1,true,true,19,19
18,3,11,7,0,5508,865,0.157044,9.0,6,6,6,1,1,true,true,7,7
18,3,11,7,1,5508,522,0.094771,9.0,6,6,6,1,1,true,true,11,11
18,3,11,7,2,5508,381,0.069172,9.0,6,6,6,1,1,true,true,15,15
18,3,11,7,3,5508,306,0.055556,9.0,6,6,6,1,1,true,true,19,19
18,3,11,13,0,5508,815,0.147967,9.0,6,6,6,1,1,true,true,7,7
18,3,11,13,1,5508,522,0.094771,9.0,6,6,6,1,1,true,true,11,11
18,3,11,13,2,5508,403,0.073166,9.0,6,6,6,1,1,true,true,15,15
18,3,11,13,3,5508,312,0.056645,9.0,6,6,6,1,1,true,true,19,19
18,3,11,17,0,5508,882,0.160131,9.0,6,6,6,1,1,true,true,7,7
18,3,11,17,1,5508,527,0.095679,9.0,6,6,6,1,1,true,true,11,11
18,3,11,17,2,5508,389,0.070625,9.0,6,6,6,1,1,true,true,15,15
18,3,11,17,3,5508,315,0.057190,9.0,6,6,6,1,1,true,true,19,19
18,3,13,1,0,5508,776,0.140886,9.0,6,6,6,1,1,true,false,7,7
18,3,13,1,1,5508,536,0.097313,9.0,6,6,6,1,1,true,false,11,11
18,3,13,1,2,5508,402,0.072985,9.0,6,6,6,1,1,true,false,15,15
18,3,13,1,3,5508,276,0.050109,9.0,6,6,6,1,1,true,false,19,19
18,3,13,5,0,5508,832,0.151053,9.0,6,6,6,1,1,true,true,7,7
18,3,13,5,1,5508,536,0.097313,9.0,6,6,6,1,1,true,true,11,11
18,3,13,5,2,5508,375,0.068083,9.0,6,6,6,1,1,true,true,15,15
18,3,13,5,3,5508,313,0.056826,9.0,6,6,6,1,1,true,true,19,19
18,3,13,7,0,5508,791,0.143609,9.0,6,6,6,1,1,true,true,7,7
18,3,13,7,1,5508,565,0.102578,9.0,6,6,6,1,1,true,true,11,11
18,3,13,7,2,5508,389,0.070625,9.0,6,6,6,1,1,true,true,15,15
18,3,13,7,3,5508,300,0.054466,9.0,6,6,6,1,1,true,true,19,19
18,3,13,11,0,5508,840,0.152505,9.0,6,6,6,1,1,true,true,7,7
18,3,13,11,1,5508,543,0.098584,9.0,6,6,6,1,1,true,true,11,11
18,3,13,11,2,5508,376,0.068264,9.0,6,6,6,1,1,true,true,15,15
18,3,13,11,3,5508,294,0.053377,9.0,6,6,6,1,1,true,true,19,19
18,3,13,17,0,5508,844,0.153232,9.0,6,6,6,1,1,true,true,7,7
18,3,13,17,1,5508,523,0.094953,9.0,6,6,6,1,1,true,true,11,11
18,3,13,17,2,5508,376,0.068264,9.0,6,6,6,1,1,true,true,15,15
18,3,13,17,3,5508,299,0.054285,9.0,6,6,6,1,1,true,true,19,19
18,3,17,1,0,5508,840,0.152505,9.0,6,6,6,1,1,true,false,7,7
18,3,17,1,1,5508,517,0.093863,9.0,6,6,6,1,1,true,false,11,11
18,3,17,1,2,5508,383,0.069535,9.0,6,6,6,1,1,true,false,15,15
18,3,17,1,3,5508,267,0.048475,9.0,6,6,6,1,1,true,false,19,19
18,3,17,5,0,5508,828,0.150327,9.0,6,6,6,1,1,true,true,7,7
18,3,17,5,1,5508,539,0.097858,9.0,6,6,6,1,1,true,true,11,11
18,3,17,5,2,5508,382,0.069354,9.0,6,6,6,1,1,true,true,15,15
18,3,17,5,3,5508,289,0.052469,9.0,6,6,6,1,1,true,true,19,19
18,3,17,7,0,5508,836,0.151779,9.0,6,6,6,1,1,true,true,7,7
18,3,17,7,1,5508,514,0.093319,9.0,6,6,6,1,1,true,true,11,11
18,3,17,7,2,5508,383,0.069535,9.0,6,6,6,1,1,true,true,15,15
18,3,17,7,3,5508,294,0.053377,9.0,6,6,6,1,1,true,true,19,19
18,3,17,11,0,5508,817,0.148330,9.0,6,6,6,1,1,true,true,7,7
18,3,17,11,1,5508,564,0.102397,9.0,6,6,6,1,1,true,true,11,11
18,3,17,11,2,5508,377,0.068446,9.0,6,6,6,1,1,true,true,15,15
18,3,17,11,3,5508,331,0.060094,9.0,6,6,6,1,1,true,true,19,19
18,3,17,13,0,5508,823,0.149419,9.0,6,6,6,1,1,true,true,7,7
18,3,17,13,1,5508,497,0.090232,9.0,6,6,6,1,1,true,true,11,11
18,3,17,13,2,5508,382,0.069354,9.0,6,6,6,1,1,true,true,15,15
18,3,17,13,3,5508,280,0.050835,9.0,6,6,6,1,1,true,true,19,19
20,1,1,3,0,19,3,0.157895,10.0,8,6,10,1,1,false,true,5,5
20,1,1,3,1,19,1,0.052632,10.0,8,6,10,1,1,false,true,9,9
20,1,1,3,2,19,5,0.263158,10.0,8,6,10,1,1,false,true,13,13
20,1,1,3,3,19,1,0.052632,10.0,8,6,10,1,1,false,true,17,17
20,1,1,7,0,19,3,0.157895,10.0,8,6,10,1,1,false,true,5,5
20,1,1,7,1,19,3,0.157895,10.0,8,6,10,1,1,false,true,9,9
20,1,1,7,2,19,2,0.105263,10.0,8,6,10,1,1,false,true,13,13
20,1,1,7,3,19,1,0.052632,10.0,8,6,10,1,1,false,true,17,17
20,1,1,9,0,19,4,0.210526,10.0,8,6,10,1,1,false,false,5,5
20,1,1,9,1,19,0,0.000000,10.0,8,6,10,1,1,false,false,9,9
20,1,1,9,2,19,3,0.157895,10.0,8,6,10,1,1,false,false,13,13
20,1,1,9,3,19,0,0.000000,10.0,8,6,10,1,1,false,false,17,17
20,1,1,11,0,19,2,0.105263,10.0,8,6,10,1,1,false,true,5,5
20,1,1,11,1,19,2,0.105263,10.0,8,6,10,1,1,false,true,9,9
20,1,1,11,2,19,1,0.052632,10.0,8,6,10,1,1,false,true,13,13
20,1,1,11,3,19,0,0.000000,10.0,8,6,10,1,1,false,true,17,17
20,1,1,13,0,19,5,0.263158,10.0,8,6,10,1,1,false,true,5,5
20,1,1,13,1,19,1,0.052632,10.0,8,6,10,1,1,false,true,9,9
20,1,1,13,2,19,0,0.000000,10.0,8,6,10,1,1,false,true,13,13
20,1,1,13,3,19,0,0.000000,10.0,8,6,10,1,1,false,true,17,17
20,1,1,17,0,19,3,0.157895,10.0,8,6,10,1,1,false,true,5,5
20,1,1,17,1,19,5,0.263158,10.0,8,6,10,1,1,false,true,9,9
20,1,1,17,2,19,1,0.052632,10.0,8,6,10,1,1,false,true,13,13
20,1,1,17,3,19,1,0.052632,10.0,8,6,10,1,1,false,true,17,17
20,1,1,19,0,19,4,0.210526,10.0,8,6,10,1,1,false,true,5,5
20,1,1,19,1,19,1,0.052632,10.0,8,6,10,1,1,false,true,9,9
20,1,1,19,2,19,0,0.000000,10.0,8,6,10,1,1,false,true,13,13
20,1,1,19,3,19,0,0.000000,10.0,8,6,10,1,1,false,true,17,17
20,1,3,1,0,19,1,0.052632,10.0,8,6,10,1,1,true,false,5,5
20,1,3,1,1,19,3,0.157895,10.0,8,6,10,1,1,true,false,9,9
20,1,3,1,2,19,2,0.105263,10.0,8,6,10,1,1,true,false,13,13
20,1,3,1,3,19,1,0.052632,10.0,8,6,10,1,1,true,false,17,17
20,1,3,7,0,19,4,0.210526,10.0,8,6,10,1,1,true,true,5,5
20,1,3,7,1,19,2,0.105263,10.0,8,6,10,1,1,true,true,9,9
20,1,3,7,2,19,2,0.105263,10.0,8,6,10,1,1,true,true,13,13
20,1,3,7,3,19,1,0.052632,10.0,8,6,10,1,1,true,true,17,17
20,1,3,9,0,19,5,0.263158,10.0,8,6,10,1,1,true,false,5,5
20,1,3,9,1,19,1,0.052632,10.0,8,6,10,1,1,true,false,9,9
20,1,3,9,2,19,0,0.000000,10.0,8,6,10,1,1,true,false,13,13
20,1,3,9,3,19,0,0.000000,10.0,8,6,10,1,1,true,false,17,17
20,1,3,11,0,19,1,0.052632,10.0,8,6,10,1,1,true,true,5,5
20,1,3,11,1,19,1,0.052632,10.0,8,6,10,1,1,true,true,9,9
20,1,3,11,2,19,0,0.000000,10.0,8,6,10,1,1,true,true,13,13
20,1,3,11,3,19,0,0.000000,10.0,8,6,10,1,1,true,true,17,17
20,1,3,13,0,19,7,0.368421,10.0,8,6,10,1,1,true,true,5,5
20,1,3,13,1,19,3,0.157895,10.0,8,6,10,1,1,true,true,9,9
20,1,3,13,2,19,1,0.052632,10.0,8,6,10,1,1,true,true,13,13
20,1,3,13,3,19,1,0.052632,10.0,8,6,10,1,1,true,true,17,17
20,1,3,17,0,19,3,0.157895,10.0,8,6,10,1,1,true,true,5,5
20,1,3,17,1,19,1,0.052632,10.0,8,6,10,1,1,true,true,9,9
20,1,3,17,2,19,2,0.105263,10.0,8,6,10,1,1,true,true,13,13
20,1,3,17,3,19,0,0.000000,10.0,8,6,10,1,1,true,true,17,17
20,1,3,19,0,19,3,0.157895,10.0,8,6,10,1,1,true,true,5,5
20,1,3,19,1,19,3,0.157895,10.0,8,6,10,1,1,true,true,9,9
20,1,3,19,2,19,1,0.052632,10.0,8,6,10,1,1,true,true,13,13
20,1,3,19,3,19,1,0.052632,10.0,8,6,10,1,1,true,true,17,17
20,1,7,1,0,19,3,0.157895,10.0,8,6,10,1,1,true,false,5,5
20,1,7,1,1,19,1,0.052632,10.0,8,6,10,1,1,true,false,9,9
20,1,7,1,2,19,1,0.052632,10.0,8,6,10,1,1,true,false,13,13
20,1,7,1,3,19,5,0.263158,10.0,8,6,10,1,1,true,false,17,17
20,1,7,3,0,19,3,0.157895,10.0,8,6,10,1,1,true,true,5,5
20,1,7,3,1,19,0,0.000000,10.0,8,6,10,1,1,true,true,9,9
20,1,7,3,2,19,1,0.052632,10.0,8,6,10,1,1,true,true,13,13
20,1,7,3,3,19,0,0.000000,10.0,8,6,10,1,1,true,true,17,17
20,1,7,9,0,19,2,0.105263,10.0,8,6,10,1,1,true,false,5,5
20,1,7,9,1,19,2,0.105263,10.0,8,6,10,1,1,true,false,9,9
20,1,7,9,2,19,2,0.105263,10.0,8,6,10,1,1,true,false,13,13
20,1,7,9,3,19,2,0.105263,10.0,8,6,10,1,1,true,false,17,17
20,1,7,11,0,19,7,0.368421,10.0,8,6,10,1,1,true,true,5,5
20,1,7,11,1,19,1,0.052632,10.0,8,6,10,1,1,true,true,9,9
20,1,7,11,2,19,3,0.157895,10.0,8,6,10,1,1,true,true,13,13
20,1,7,11,3,19,0,0.000000,10.0,8,6,10,1,1,true,true,17,17
20,1,7,13,0,19,2,0.105263,10.0,8,6,10,1,1,true,true,5,5
20,1,7,13,1,19,1,0.052632,10.0,8,6,10,1,1,true,true,9,9
20,1,7,13,2,19,3,0.157895,10.0,8,6,10,1,1,true,true,13,13
20,1,7,13,3,19,1,0.052632,10.0,8,6,10,1,1,true,true,17,17
20,1,7,17,0,19,4,0.210526,10.0,8,6,10,1,1,true,true,5,5
20,1,7,17,1,19,0,0.000000,10.0,8,6,10,1,1,true,true,9,9
20,1,7,17,2,19,1,0.052632,10.0,8,6,10,1,1,true,true,13,13
20,1,7,17,3,19,0,0.000000,10.0,8,6,10,1,1,true,true,17,17
20,1,7,19,0,19,1,0.052632,10.0,8,6,10,1,1,true,true,5,5
20,1,7,19,1,19,2,0.105263,10.0,8,6,10,1,1,true,true,9,9
20,1,7,19,2,19,0,0.000000,10.0,8,6,10,1,1,true,true,13,13
20,1,7,19,3,19,1,0.052632,10.0,8,6,10,1,1,true,true,17,17
20,1,9,1,0,19,2,0.105263,10.0,8,6,10,1,1,false,false,5,5
20,1,9,1,1,19,4,0.210526,10.0,8,6,10,1,1,false,false,9,9
20,1,9,1,2,19,2,0.105263,10.0,8,6,10,1,1,false,false,13,13
20,1,9,1,3,19,1,0.052632,10.0,8,6,10,1,1,false,false,17,17
20,1,9,3,0,19,5,0.263158,10.0,8,6,10,1,1,false,true,5,5
20,1,9,3,1,19,2,0.105263,10.0,8,6,10,1,1,false,true,9,9
20,1,9,3,2,19,1,0.052632,10.0,8,6,10,1,1,false,true,13,13
20,1,9,3,3,19,1,0.052632,10.0,8,6,10,1,1,false,true,17,17
20,1,9,7,0,19,1,0.052632,10.0,8,6,10,1,1,false,true,5,5
20,1,9,7,1,19,2,0.105263,10.0,8,6,10,1,1,false,true,9,9
20,1,9,7,2,19,1,0.052632,10.0,8,6,10,1,1,false,true,13,13
20,1,9,7,3,19,1,0.052632,10.0,8,6,10,1,1,false,true,17,17
20,1,9,11,0,19,3,0.157895,10.0,8,6,10,1,1,false,true,5,5
20,1,9,11,1,19,4,0.210526,10.0,8,6,10,1,1,false,true,9,9
20,1,9,11,2,19,4,0.210526,10.0,8,6,10,1,1,false,true,13,13
20,1,9,11,3,19,1,0.052632,10.0,8,6,10,1,1,false,true,17,17
20,1,9,13,0,19,3,0.157895,10.0,8,6,10,1,1,false,true,5,5
20,1,9,13,1,19,2,0.105263,10.0,8,6,10,1,1,false,true,9,9
20,1,9,13,2,19,1,0.052632,10.0,8,6,10,1,1,false,true,13,13
20,1,9,13,3,19,0,0.000000,10.0,8,6,10,1,1,false,true,17,17
20,1,9,17,0,19,3,0.157895,10.0,8,6,10,1,1,false,true,5,5
20,1,9,17,1,19,4,0.210526,10.0,8,6,10,1,1,false,true,9,9
20,1,9,17,2,19,1,0.052632,10.0,8,6,10,1,1,false,true,13,13
20,1,9,17,3,19,0,0.000000,10.0,8,6,10,1,1,false,true,17,17
20,1,9,19,0,19,4,0.210526,10.0,8,6,10,1,1,false,true,5,5
20,1,9,19,1,19,2,0.105263,10.0,8,6,10,1,1,false,true,9,9
20,1,9,19,2,19,1,0.052632,10.0,8,6,10,1,1,false,true,13,13
20,1,9,19,3,19,1,0.052632,10.0,8,6,10,1,1,false,true,17,17
20,1,11,1,0,19,2,0.105263,10.0,8,6,10,1,1,true,false,5,5
20,1,11,1,1,19,2,0.105263,10.0,8,6,10,1,1,true,false,9,9
20,1,11,1,2,19,2,0.105263,10.0,8,6,10,1,1,true,false,13,13
20,1,11,1,3,19,2,0.105263,10.0,8,6,10,1,1,true,false,17,17
20,1,11,3,0,19,1,0.052632,10.0,8,6,10,1,1,true,true,5,5
20,1,11,3,1,19,3,0.157895,10.0,8,6,10,1,1,true,true,9,9
20,1,11,3,2,19,1,0.052632,10.0,8,6,10,1,1,true,true,13,13
20,1,11,3,3,19,2,0.105263,10.0,8,6,10,1,1,true,true,17,17
20,1,11,7,0,19,3,0.157895,10.0,8,6,10,1,1,true,true,5,5
20,1,11,7,1,19,3,0.157895,10.0,8,6,10,1,1,true,true,9,9
20,1,11,7,2,19,1,0.052632,10.0,8,6,10,1,1,true,true,13,13
20,1,11,7,3,19,1,0.052632,10.0,8,6,10,1,1,true,true,17,17
20,1,11,9,0,19,4,0.210526,10.0,8,6,10,1,1,true,false,5,5
20,1,11,9,1,19,0,0.000000,10.0,8,6,10,1,1,true,false,9,9
20,1,11,9,2,19,2,0.105263,10.0,8,6,10,1,1,true,false,13,13
20,1,11,9,3,19,0,0.000000,10.0,8,6,10,1,1,true,false,17,17
20,1,11,13,0,19,3,0.157895,10.0,8,6,10,1,1,true,true,5,5
20,1,11,13,1,19,2,0.105263,10.0,8,6,10,1,1,true,true,9,9
20,1,11,13,2,19,0,0.000000,10.0,8,6,10,1,1,true,true,13,13
20,1,11,13,3,19,0,0.000000,10.0,8,6,10,1,1,true,true,17,17
20,1,11,17,0,19,2,0.105263,10.0,8,6,10,1,1,true,true,5,5
20,1,11,17,1,19,0,0.000000,10.0,8,6,10,1,1,true,true,9,9
20,1,11,17,2,19,0,0.000000,10.0,8,6,10,1,1,true,true,13,13
20,1,11,17,3,19,0,0.000000,10.0,8,6,10,1,1,true,true,17,17
20,1,11,19,0,19,5,0.263158,10.0,8,6,10,1,1,true,true,5,5
20,1,11,19,1,19,1,0.052632,10.0,8,6,10,1,1,true,true,9,9
20,1,11,19,2,19,1,0.052632,10.0,8,6,10,1,1,true,true,13,13
20,1,11,19,3,19,0,0.000000,10.0,8,6,10,1,1,true,true,17,17
20,1,13,1,0,19,1,0.052632,10.0,8,6,10,1,1,true,false,5,5
20,1,13,1,1,19,2,0.105263,10.0,8,6,10,1,1,true,false,9,9
20,1,13,1,2,19,3,0.157895,10.0,8,6,10,1,1,true,false,13,13
20,1,13,1,3,19,0,0.000000,10.0,8,6,10,1,1,true,false,17,17
20,1,13,3,0,19,2,0.105263,10.0,8,6,10,1,1,true,true,5,5
20,1,13,3,1,19,1,0.052632,10.0,8,6,10,1,1,true,true,9,9
20,1,13,3,2,19,1,0.052632,10.0,8,6,10,1,1,true,true,13,13
20,1,13,3,3,19,0,0.000000,10.0,8,6,10,1,1,true,true,17,17
20,1,13,7,0,19,4,0.210526,10.0,8,6,10,1,1,true,true,5,5
20,1,13,7,1,19,0,0.000000,10.0,8,6,10,1,1,true,true,9,9
20,1,13,7,2,19,1,0.052632,10.0,8,6,10,1,1,true,true,13,13
20,1,13,7,3,19,2,0.105263,10.0,8,6,10,1,1,true,true,17,17
20,1,13,9,0,19,5,0.263158,10.0,8,6,10,1,1,true,false,5,5
20,1,13,9,1,19,0,0.000000,10.0,8,6,10,1,1,true,false,9,9
20,1,13,9,2,19,2,0.105263,10.0,8,6,10,1,1,true,false,13,13
20,1,13,9,3,19,2,0.105263,10.0,8,6,10,1,1,true,false,17,17
20,1,13,11,0,19,2,0.105263,10.0,8,6,10,1,1,true,true,5,5
20,1,13,11,1,19,2,0.105263,10.0,8,6,10,1,1,true,true,9,9
20,1,13,11,2,19,1,0.052632,10.0,8,6,10,1,1,true,true,13,13
20,1,13,11,3,19,2,0.105263,10.0,8,6,10,1,1,true,true,17,17
20,1,13,17,0,19,2,0.105263,10.0,8,6,10,1,1,true,true,5,5
20,1,13,17,1,19,2,0.105263,10.0,8,6,10,1,1,true,true,9,9
20,1,13,17,2,19,1,0.052632,10.0,8,6,10,1,1,true,true,13,13
20,1,13,17,3,19,1,0.052632,10.0,8,6,10,1,1,true,true,17,17
20,1,13,19,0,19,2,0.105263,10.0,8,6,10,1,1,true,true,5,5
20,1,13,19,1,19,0,0.000000,10.0,8,6,10,1,1,true,true,9,9
20,1,13,19,2,19,3,0.157895,10.0,8,6,10,1,1,true,true,13,13
20,1,13,19,3,19,1,0.052632,10.0,8,6,10,1,1,true,true,17,17
20,1,17,1,0,19,2,0.105263,10.0,8,6,10,1,1,true,false,5,5
20,1,17,1,1,19,2,0.105263,10.0,8,6,10,1,1,true,false,9,9
20,1,17,1,2,19,1,0.052632,10.0,8,6,10,1,1,true,false,13,13
20,1,17,1,3,19,1,0.052632,10.0,8,6,10,1,1,true,false,17,17
20,1,17,3,0,19,4,0.210526,10.0,8,6,10,1,1,true,true,5,5
20,1,17,3,1,19,1,0.052632,10.0,8,6,10,1,1,true,true,9,9
20,1,17,3,2,19,2,0.105263,10.0,8,6,10,1,1,true,true,13,13
20,1,17,3,3,19,1,0.052632,10.0,8,6,10,1,1,true,true,17,17
20,1,17,7,0,19,1,0.052632,10.0,8,6,10,1,1,true,true,5,5
20,1,17,7,1,19,4,0.210526,10.0,8,6,10,1,1,true,true,9,9
20,1,17,7,2,19,0,0.000000,10.0,8,6,10,1,1,true,true,13,13
20,1,17,7,3,19,0,0.000000,10.0,8,6,10,1,1,true,true,17,17
20,1,17,9,0,19,3,0.157895,10.0,8,6,10,1,1,true,false,5,5
20,1,17,9,1,19,4,0.210526,10.0,8,6,10,1,1,true,false,9,9
20,1,17,9,2,19,1,0.052632,10.0,8,6,10,1,1,true,false,13,13
20,1,17,9,3,19,0,0.000000,10.0,8,6,10,1,1,true,false,17,17
20,1,17,11,0,19,3,0.157895,10.0,8,6,10,1,1,true,true,5,5
20,1,17,11,1,19,2,0.105263,10.0,8,6,10,1,1,true,true,9,9
20,1,17,11,2,19,2,0.105263,10.0,8,6,10,1,1,true,true,13,13
20,1,17,11,3,19,0,0.000000,10.0,8,6,10,1,1,true,true,17,17
20,1,17,13,0,19,3,0.157895,10.0,8,6,10,1,1,true,true,5,5
20,1,17,13,1,19,2,0.105263,10.0,8,6,10,1,1,true,true,9,9
20,1,17,13,2,19,2,0.105263,10.0,8,6,10,1,1,true,true,13,13
20,1,17,13,3,19,1,0.052632,10.0,8,6,10,1,1,true,true,17,17
20,1,17,19,0,19,3,0.157895,10.0,8,6,10,1,1,true,true,5,5
20,1,17,19,1,19,3,0.157895,10.0,8,6,10,1,1,true,true,9,9
20,1,17,19,2,19,2,0.105263,10.0,8,6,10,1,1,true,true,13,13
20,1,17,19,3,19,0,0.000000,10.0,8,6,10,1,1,true,true,17,17
20,1,19,1,0,19,1,0.052632,10.0,8,6,10,1,1,true,false,5,5
20,1,19,1,1,19,2,0.105263,10.0,8,6,10,1,1,true,false,9,9
20,1,19,1,2,19,1,0.052632,10.0,8,6,10,1,1,true,false,13,13
20,1,19,1,3,19,1,0.052632,10.0,8,6,10,1,1,true,false,17,17
20,1,19,3,0,19,4,0.210526,10.0,8,6,10,1,1,true,true,5,5
20,1,19,3,1,19,1,0.052632,10.0,8,6,10,1,1,true,true,9,9
20,1,19,3,2,19,2,0.105263,10.0,8,6,10,1,1,true,true,13,13
20,1,19,3,3,19,0,0.000000,10.0,8,6,10,1,1,true,true,17,17
20,1,19,7,0,19,6,0.315789,10.0,8,6,10,1,1,true,true,5,5
20,1,19,7,1,19,2,0.105263,10.0,8,6,10,1,1,true,true,9,9
20,1,19,7,2,19,2,0.105263,10.0,8,6,10,1,1,true,true,13,13
20,1,19,7,3,19,2,0.105263,10.0,8,6,10,1,1,true,true,17,17
20,1,19,9,0,19,4,0.210526,10.0,8,6,10,1,1,true,false,5,5
20,1,19,9,1,19,2,0.105263,10.0,8,6,10,1,1,true,false,9,9
20,1,19,9,2,19,0,0.000000,10.0,8,6,10,1,1,true,false,13,13
20,1,19,9,3,19,0,0.000000,10.0,8,6,10,1,1,true,false,17,17
20,1,19,11,0,19,3,0.157895,10.0,8,6,10,1,1,true,true,5,5
20,1,19,11,1,19,0,0.000000,10.0,8,6,10,1,1,true,true,9,9
20,1,19,11,2,19,1,0.052632,10.0,8,6,10,1,1,true,true,13,13
20,1,19,11,3,19,1,0.052632,10.0,8,6,10,1,1,true,true,17,17
20,1,19,13,0,19,4,0.210526,10.0,8,6,10,1,1,true,true,5,5
20,1,19,13,1,19,1,0.052632,10.0,8,6,10,1,1,true,true,9,9
20,1,19,13,2,19,2,0.105263,10.0,8,6,10,1,1,true,true,13,13
20,1,19,13,3,19,1,0.052632,10.0,8,6,10,1,1,true,true,17,17
20,1,19,17,0,19,5,0.263158,10.0,8,6,10,1,1,true,true,5,5
20,1,19,17,1,19,2,0.105263,10.0,8,6,10,1,1,true,true,9,9
20,1,19,17,2,19,4,0.210526,10.0,8,6,10,1,1,true,true,13,13
20,1,19,17,3,19,1,0.052632,10.0,8,6,10,1,1,true,true,17,17
20,2,1,3,0,380,65,0.171053,10.0,8,6,10,1,1,false,true,6,6
20,2,1,3,1,380,25,0.065789,10.0,8,6,10,1,1,false,true,10,10
20,2,1,3,2,380,20,0.052632,10.0,8,6,10,1,1,false,true,14,14
20,2,1,3,3,380,18,0.047368,10.0,8,6,10,1,1,false,true,18,18
20,2,1,7,0,380,59,0.155263,10.0,8,6,10,1,1,false,true,6,6
20,2,1,7,1,380,27,0.071053,10.0,8,6,10,1,1,false,true,10,10
20,2,1,7,2,380,33,0.086842,10.0,8,6,10,1,1,false,true,14,14
20,2,1,7,3,380,10,0.026316,10.0,8,6,10,1,1,false,true,18,18
20,2,1,9,0,380,63,0.165789,10.0,8,6,10,1,1,false,false,6,6
20,2,1,9,1,380,36,0.094737,10.0,8,6,10,1,1,false,false,10,10
20,2,1,9,2,380,26,0.068421,10.0,8,6,10,1,1,false,false,14,14
20,2,1,9,3,380,18,0.047368,10.0,8,6,10,1,1,false,false,18,18
20,2,1,11,0,380,68,0.178947,10.0,8,6,10,1,1,false,true,6,6
20,2,1,11,1,380,29,0.076316,10.0,8,6,10,1,1,false,true,10,10
20,2,1,11,2,380,22,0.057895,10.0,8,6,10,1,1,false,true,14,14
20,2,1,11,3,380,20,0.052632,10.0,8,6,10,1,1,false,true,18,18
20,2,1,13,0,380,61,0.160526,10.0,8,6,10,1,1,false,true,6,6
20,2,1,13,1,380,46,0.121053,10.0,8,6,10,1,1,false,true,10,10
20,2,1,13,2,380,24,0.063158,10.0,8,6,10,1,1,false,true,14,14
20,2,1,13,3,380,21,0.055263,10.0,8,6,10,1,1,false,true,18,18
20,2,1,17,0,380,58,0.152632,10.0,8,6,10,1,1,false,true,6,6
20,2,1,17,1,380,31,0.081579,10.0,8,6,10,1,1,false,true,10,10
20,2,1,17,2,380,24,0.063158,10.0,8,6,10,1,1,false,true,14,14
20,2,1,17,3,380,19,0.050000,10.0,8,6,10,1,1,false,true,18,18
20,2,1,19,0,380,67,0.176316,10.0,8,6,10,1,1,false,true,6,6
20,2,1,19,1,380,31,0.081579,10.0,8,6,10,1,1,false,true,10,10
20,2,1,19,2,380,24,0.063158,10.0,8,6,10,1,1,false,true,14,14
20,2,1,19,3,380,26,0.068421,10.0,8,6,10,1,1,false,true,18,18
20,2,3,1,0,380,60,0.157895,10.0,8,6,10,1,1,true,false,6,6
20,2,3,1,1,380,38,0.100000,10.0,8,6,10,1,1,true,false,10,10
20,2,3,1,2,380,28,0.073684,10.0,8,6,10,1,1,true,false,14,14
20,2,3,1,3,380,13,0.034211,10.0,8,6,10,1,1,true,false,18,18
20,2,3,7,0,380,62,0.163158,10.0,8,6,10,1,1,true,true,6,6
20,2,3,7,1,380,28,0.073684,10.0,8,6,10,1,1,true,true,10,10
20,2,3,7,2,380,17,0.044737,10.0,8,6,10,1,1,true,true,14,14
20,2,3,7,3,380,20,0.052632,10.0,8,6,10,1,1,true,true,18,18
20,2,3,9,0,380,58,0.152632,10.0,8,6,10,1,1,true,false,6,6
20,2,3,9,1,380,39,0.102632,10.0,8,6,10,1,1,true,false,10,10
20,2,3,9,2,380,26,0.068421,10.0,8,6,10,1,1,true,false,14,14
20,2,3,9,3,380,15,0.039474,10.0,8,6,10,1,1,true,false,18,18
20,2,3,11,0,380,61,0.160526,10.0,8,6,10,1,1,true,true,6,6
20,2,3,11,1,380,31,0.081579,10.0,8,6,10,1,1,true,true,10,10
20,2,3,11,2,380,21,0.055263,10.0,8,6,10,1,1,true,true,14,14
20,2,3,11,3,380,18,0.047368,10.0,8,6,10,1,1,true,true,18,18
20,2,3,13,0,380,52,0.136842,10.0,8,6,10,1,1,true,true,6,6
20,2,3,13,1,380,35,0.092105,10.0,8,6,10,1,1,true,true,10,10
20,2,3,13,2,380,22,0.057895,10.0,8,6,10,1,1,true,true,14,14
20,2,3,13,3,380,18,0.047368,10.0,8,6,10,1,1,true,true,18,18
20,2,3,17,0,380,64,0.168421,10.0,8,6,10,1,1,true,true,6,6
20,2,3,17,1,380,31,0.081579,10.0,8,6,10,1,1,true,true,10,10
20,2,3,17,2,380,28,0.073684,10.0,8,6,10,1,1,true,true,14,14
20,2,3,17,3,380,23,0.060526,10.0,8,6,10,1,1,true,true,18,18
20,2,3,19,0,380,60,0.157895,10.0,8,6,10,1,1,true,true,6,6
20,2,3,19,1,380,35,0.092105,10.0,8,6,10,1,1,true,true,10,10
20,2,3,19,2,380,31,0.081579,10.0,8,6,10,1,1,true,true,14,14
20,2,3,19,3,380,29,0.076316,10.0,8,6,10,1,1,true,true,18,18
20,2,7,1,0,380,60,0.157895,10.0,8,6,10,1,1,true,false,6,6
20,2,7,1,1,380,38,0.100000,10.0,8,6,10,1,1,true,false,10,10
20,2,7,1,2,380,22,0.057895,10.0,8,6,10,1,1,true,false,14,14
20,2,7,1,3,380,16,0.042105,10.0,8,6,10,1,1,true,false,18,18
20,2,7,3,0,380,49,0.128947,10.0,8,6,10,1,1,true,true,6,6
20,2,7,3,1,380,36,0.094737,10.0,8,6,10,1,1,true,true,10,10
20,2,7,3,2,380,28,0.073684,10.0,8,6,10,1,1,true,true,14,14
20,2,7,3,3,380,21,0.055263,10.0,8,6,10,1,1,true,true,18,18
20,2,7,9,0,380,43,0.113158,10.0,8,6,10,1,1,true,false,6,6
20,2,7,9,1,380,36,0.094737,10.0,8,6,10,1,1,true,false,10,10
20,2,7,9,2,380,25,0.065789,10.0,8,6,10,1,1,true,false,14,14
20,2,7,9,3,380,22,0.057895,10.0,8,6,10,1,1,true,false,18,18
20,2,7,11,0,380,50,0.131579,10.0,8,6,10,1,1,true,true,6,6
20,2,7,11,1,380,27,0.071053,10.0,8,6,10,1,1,true,true,10,10
20,2,7,11,2,380,18,0.047368,10.0,8,6,10,1,1,true,true,14,14
20,2,7,11,3,380,17,0.044737,10.0,8,6,10,1,1,true,true,18,18
20,2,7,13,0,380,61,0.160526,10.0,8,6,10,1,1,true,true,6,6
20,2,7,13,1,380,42,0.110526,10.0,8,6,10,1,1,true,true,10,10
20,2,7,13,2,380,32,0.084211,10.0,8,6,10,1,1,true,true,14,14
20,2,7,13,3,380,16,0.042105,10.0,8,6,10,1,1,true,true,18,18
20,2,7,17,0,380,56,0.147368,10.0,8,6,10,1,1,true,true,6,6
20,2,7,17,1,380,33,0.086842,10.0,8,6,10,1,1,true,true,10,10
20,2,7,17,2,380,24,0.063158,10.0,8,6,10,1,1,true,true,14,14
20,2,7,17,3,380,17,0.044737,10.0,8,6,10,1,1,true,true,18,18
20,2,7,19,0,380,52,0.136842,10.0,8,6,10,1,1,true,true,6,6
20,2,7,19,1,380,31,0.081579,10.0,8,6,10,1,1,true,true,10,10
20,2,7,19,2,380,25,0.065789,10.0,8,6,10,1,1,true,true,14,14
20,2,7,19,3,380,13,0.034211,10.0,8,6,10,1,1,true,true,18,18
20,2,9,1,0,380,53,0.139474,10.0,8,6,10,1,1,false,false,6,6
20,2,9,1,1,380,29,0.076316,10.0,8,6,10,1,1,false,false,10,10
20,2,9,1,2,380,21,0.055263,10.0,8,6,10,1,1,false,false,14,14
20,2,9,1,3,380,22,0.057895,10.0,8,6,10,1,1,false,false,18,18
20,2,9,3,0,380,53,0.139474,10.0,8,6,10,1,1,false,true,6,6
20,2,9,3,1,380,29,0.076316,10.0,8,6,10,1,1,false,true,10,10
20,2,9,3,2,380,19,0.050000,10.0,8,6,10,1,1,false,true,14,14
20,2,9,3,3,380,23,0.060526,10.0,8,6,10,1,1,false,true,18,18
20,2,9,7,0,380,64,0.168421,10.0,8,6,10,1,1,false,true,6,6
20,2,9,7,1,380,34,0.089474,10.0,8,6,10,1,1,false,true,10,10
20,2,9,7,2,380,24,0.063158,10.0,8,6,10,1,1,false,true,14,14
20,2,9,7,3,380,18,0.047368,10.0,8,6,10,1,1,false,true,18,18
20,2,9,11,0,380,64,0.168421,10.0,8,6,10,1,1,false,true,6,6
20,2,9,11,1,380,36,0.094737,10.0,8,6,10,1,1,false,true,10,10
20,2,9,11,2,380,19,0.050000,10.0,8,6,10,1,1,false,true,14,14
20,2,9,11,3,380,18,0.047368,10.0,8,6,10,1,1,false,true,18,18
20,2,9,13,0,380,48,0.126316,10.0,8,6,10,1,1,false,true,6,6
20,2,9,13,1,380,29,0.076316,10.0,8,6,10,1,1,false,true,10,10
20,2,9,13,2,380,22,0.057895,10.0,8,6,10,1,1,false,true,14,14
20,2,9,13,3,380,25,0.065789,10.0,8,6,10,1,1,false,true,18,18
20,2,9,17,0,380,51,0.134211,10.0,8,6,10,1,1,false,true,6,6
20,2,9,17,1,380,38,0.100000,10.0,8,6,10,1,1,false,true,10,10
20,2,9,17,2,380,30,0.078947,10.0,8,6,10,1,1,false,true,14,14
20,2,9,17,3,380,16,0.042105,10.0,8,6,10,1,1,false,true,18,18
20,2,9,19,0,380,44,0.115789,10.0,8,6,10,1,1,false,true,6,6
20,2,9,19,1,380,44,0.115789,10.0,8,6,10,1,1,false,true,10,10
20,2,9,19,2,380,24,0.063158,10.0,8,6,10,1,1,false,true,14,14
20,2,9,19,3,380,16,0.042105,10.0,8,6,10,1,1,false,true,18,18
20,2,11,1,0,380,55,0.144737,10.0,8,6,10,1,1,true,false,6,6
20,2,11,1,1,380,25,0.065789,10.0,8,6,10,1,1,true,false,10,10
20,2,11,1,2,380,19,0.050000,10.0,8,6,10,1,1,true,false,14,14
20,2,11,1,3,380,16,0.042105,10.0,8,6,10,1,1,true,false,18,18
20,2,11,3,0,380,51,0.134211,10.0,8,6,10,1,1,true,true,6,6
20,2,11,3,1,380,30,0.078947,10.0,8,6,10,1,1,true,true,10,10
20,2,11,3,2,380,16,0.042105,10.0,8,6,10,1,1,true,true,14,14
20,2,11,3,3,380,15,0.039474,10.0,8,6,10,1,1,true,true,18,18
20,2,11,7,0,380,50,0.131579,10.0,8,6,10,1,1,true,true,6,6
20,2,11,7,1,380,34,0.089474,10.0,8,6,10,1,1,true,true,10,10
20,2,11,7,2,380,21,0.055263,10.0,8,6,10,1,1,true,true,14,14
20,2,11,7,3,380,17,0.044737,10.0,8,6,10,1,1,true,true,18,18
20,2,11,9,0,380,55,0.144737,10.0,8,6,10,1,1,true,false,6,6
20,2,11,9,1,380,33,0.086842,10.0,8,6,10,1,1,true,false,10,10
20,2,11,9,2,380,29,0.076316,10.0,8,6,10,1,1,true,false,14,14
20,2,11,9,3,380,16,0.042105,10.0,8,6,10,1,1,true,false,18,18
20,2,11,13,0,380,56,0.147368,10.0,8,6,10,1,1,true,true,6,6
20,2,11,13,1,380,33,0.086842,10.0,8,6,10,1,1,true,true,10,10
20,2,11,13,2,380,23,0.060526,10.0,8,6,10,1,1,true,true,14,14
20,2,11,13,3,380,17,0.044737,10.0,8,6,10,1,1,true,true,18,18
20,2,11,17,0,380,55,0.144737,10.0,8,6,10,1,1,true,true,6,6
20,2,11,17,1,380,35,0.092105,10.0,8,6,10,1,1,true,true,10,10
20,2,11,17,2,380,21,0.055263,10.0,8,6,10,1,1,true,true,14,14
20,2,11,17,3,380,17,0.044737,10.0,8,6,10,1,1,true,true,18,18
20,2,11,19,0,380,55,0.144737,10.0,8,6,10,1,1,true,true,6,6
20,2,11,19,1,380,34,0.089474,10.0,8,6,10,1,1,true,true,10,10
20,2,11,19,2,380,23,0.060526,10.0,8,6,10,1,1,true,true,14,14
20,2,11,19,3,380,17,0.044737,10.0,8,6,10,1,1,true,true,18,18
20,2,13,1,0,380,55,0.144737,10.0,8,6,10,1,1,true,false,6,6
20,2,13,1,1,380,30,0.078947,10.0,8,6,10,1,1,true,false,10,10
20,2,13,1,2,380,25,0.065789,10.0,8,6,10,1,1,true,false,14,14
20,2,13,1,3,380,27,0.071053,10.0,8,6,10,1,1,true,false,18,18
20,2,13,3,0,380,53,0.139474,10.0,8,6,10,1,1,true,true,6,6
20,2,13,3,1,380,30,0.078947,10.0,8,6,10,1,1,true,true,10,10
20,2,13,3,2,380,21,0.055263,10.0,8,6,10,1,1,true,true,14,14
20,2,13,3,3,380,16,0.042105,10.0,8,6,10,1,1,true,true,18,18
20,2,13,7,0,380,55,0.144737,10.0,8,6,10,1,1,true,true,6,6
20,2,13,7,1,380,30,0.078947,10.0,8,6,10,1,1,true,true,10,10
20,2,13,7,2,380,17,0.044737,10.0,8,6,10,1,1,true,true,14,14
20,2,13,7,3,380,11,0.028947,10.0,8,6,10,1,1,true,true,18,18
20,2,13,9,0,380,68,0.178947,10.0,8,6,10,1,1,true,false,6,6
20,2,13,9,1,380,33,0.086842,10.0,8,6,10,1,1,true,false,10,10
20,2,13,9,2,380,16,0.042105,10.0,8,6,10,1,1,true,false,14,14
20,2,13,9,3,380,17,0.044737,10.0,8,6,10,1,1,true,false,18,18
20,2,13,11,0,380,57,0.150000,10.0,8,6,10,1,1,true,true,6,6
20,2,13,11,1,380,32,0.084211,10.0,8,6,10,1,1,true,true,10,10
20,2,13,11,2,380,23,0.060526,10.0,8,6,10,1,1,true,true,14,14
20,2,13,11,3,380,21,0.055263,10.0,8,6,10,1,1,true,true,18,18
20,2,13,17,0,380,52,0.136842,10.0,8,6,10,1,1,true,true,6,6
20,2,13,17,1,380,31,0.081579,10.0,8,6,10,1,1,true,true,10,10
20,2,13,17,2,380,21,0.055263,10.0,8,6,10,1,1,true,true,14,14
20,2,13,17,3,380,13,0.034211,10.0,8,6,10,1,1,true,true,18,18
20,2,13,19,0,380,57,0.150000,10.0,8,6,10,1,1,true,true,6,6
20,2,13,19,1,380,38,0.100000,10.0,8,6,10,1,1,true,true,10,10
20,2,13,19,2,380,22,0.057895,10.0,8,6,10,1,1,true,true,14,14
20,2,13,19,3,380,15,0.039474,10.0,8,6,10,1,1,true,true,18,18
20,2,17,1,0,380,52,0.136842,10.0,8,6,10,1,1,true,false,6,6
20,2,17,1,1,380,29,0.076316,10.0,8,6,10,1,1,true,false,10,10
20,2,17,1,2,380,22,0.057895,10.0,8,6,10,1,1,true,false,14,14
20,2,17,1,3,380,28,0.073684,10.0,8,6,10,1,1,true,false,18,18
20,2,17,3,0,380,59,0.155263,10.0,8,6,10,1,1,true,true,6,6
20,2,17,3,1,380,35,0.092105,10.0,8,6,10,1,1,true,true,10,10
20,2,17,3,2,380,24,0.063158,10.0,8,6,10,1,1,true,true,14,14
20,2,17,3,3,380,17,0.044737,10.0,8,6,10,1,1,true,true,18,18
20,2,17,7,0,380,51,0.134211,10.0,8,6,10,1,1,true,true,6,6
20,2,17,7,1,380,33,0.086842,10.0,8,6,10,1,1,true,true,10,10
20,2,17,7,2,380,28,0.073684,10.0,8,6,10,1,1,true,true,14,14
20,2,17,7,3,380,23,0.060526,10.0,8,6,10,1,1,true,true,18,18
20,2,17,9,0,380,43,0.113158,10.0,8,6,10,1,1,true,false,6,6
20,2,17,9,1,380,35,0.092105,10.0,8,6,10,1,1,true,false,10,10
20,2,17,9,2,380,18,0.047368,10.0,8,6,10,1,1,true,false,14,14
20,2,17,9,3,380,14,0.036842,10.0,8,6,10,1,1,true,false,18,18
20,2,17,11,0,380,55,0.144737,10.0,8,6,10,1,1,true,true,6,6
20,2,17,11,1,380,26,0.068421,10.0,8,6,10,1,1,true,true,10,10
20,2,17,11,2,380,20,0.052632,10.0,8,6,10,1,1,true,true,14,14
20,2,17,11,3,380,16,0.042105,10.0,8,6,10,1,1,true,true,18,18
20,2,17,13,0,380,52,0.136842,10.0,8,6,10,1,1,true,true,6,6
20,2,17,13,1,380,32,0.084211,10.0,8,6,10,1,1,true,true,10,10
20,2,17,13,2,380,22,0.057895,10.0,8,6,10,1,1,true,true,14,14
20,2,17,13,3,380,17,0.044737,10.0,8,6,10,1,1,true,true,18,18
20,2,17,19,0,380,62,0.163158,10.0,8,6,10,1,1,true,true,6,6
20,2,17,19,1,380,31,0.081579,10.0,8,6,10,1,1,true,true,10,10
20,2,17,19,2,380,27,0.071053,10.0,8,6,10,1,1,true,true,14,14
20,2,17,19,3,380,15,0.039474,10.0,8,6,10,1,1,true,true,18,18
20,2,19,1,0,380,50,0.131579,10.0,8,6,10,1,1,true,false,6,6
20,2,19,1,1,380,27,0.071053,10.0,8,6,10,1,1,true,false,10,10
20,2,19,1,2,380,22,0.057895,10.0,8,6,10,1,1,true,false,14,14
20,2,19,1,3,380,17,0.044737,10.0,8,6,10,1,1,true,false,18,18
20,2,19,3,0,380,55,0.144737,10.0,8,6,10,1,1,true,true,6,6
20,2,19,3,1,380,32,0.084211,10.0,8,6,10,1,1,true,true,10,10
20,2,19,3,2,380,25,0.065789,10.0,8,6,10,1,1,true,true,14,14
20,2,19,3,3,380,22,0.057895,10.0,8,6,10,1,1,true,true,18,18
20,2,19,7,0,380,48,0.126316,10.0,8,6,10,1,1,true,true,6,6
20,2,19,7,1,380,31,0.081579,10.0,8,6,10,1,1,true,true,10,10
20,2,19,7,2,380,19,0.050000,10.0,8,6,10,1,1,true,true,14,14
20,2,19,7,3,380,23,0.060526,10.0,8,6,10,1,1,true,true,18,18
20,2,19,9,0,380,58,0.152632,10.0,8,6,10,1,1,true,false,6,6
20,2,19,9,1,380,36,0.094737,10.0,8,6,10,1,1,true,false,10,10
20,2,19,9,2,380,28,0.073684,10.0,8,6,10,1,1,true,false,14,14
20,2,19,9,3,380,12,0.031579,10.0,8,6,10,1,1,true,false,18,18
20,2,19,11,0,380,48,0.126316,10.0,8,6,10,1,1,true,true,6,6
20,2,19,11,1,380,38,0.100000,10.0,8,6,10,1,1,true,true,10,10
20,2,19,11,2,380,21,0.055263,10.0,8,6,10,1,1,true,true,14,14
20,2,19,11,3,380,21,0.055263,10.0,8,6,10,1,1,true,true,18,18
20,2,19,13,0,380,51,0.134211,10.0,8,6,10,1,1,true,true,6,6
20,2,19,13,1,380,38,0.100000,10.0,8,6,10,1,1,true,true,10,10
20,2,19,13,2,380,14,0.036842,10.0,8,6,10,1,1,true,true,14,14
20,2,19,13,3,380,10,0.026316,10.0,8,6,10,1,1,true,true,18,18
20,2,19,17,0,380,56,0.147368,10.0,8,6,10,1,1,true,true,6,6
20,2,19,17,1,380,34,0.089474,10.0,8,6,10,1,1,true,true,10,10
20,2,19,17,2,380,21,0.055263,10.0,8,6,10,1,1,true,true,14,14
20,2,19,17,3,380,15,0.039474,10.0,8,6,10,1,1,true,true,18,18
20,3,1,3,0,7600,1020,0.134211,10.0,8,6,10,1,1,false,true,7,7
20,3,1,3,1,7600,606,0.079737,10.0,8,6,10,1,1,false,true,11,11
20,3,1,3,2,7600,431,0.056711,10.0,8,6,10,1,1,false,true,15,15
20,3,1,3,3,7600,363,0.047763,10.0,8,6,10,1,1,false,true,19,19
20,3,1,7,0,7600,1011,0.133026,10.0,8,6,10,1,1,false,true,7,7
20,3,1,7,1,7600,619,0.081447,10.0,8,6,10,1,1,false,true,11,11
20,3,1,7,2,7600,451,0.059342,10.0,8,6,10,1,1,false,true,15,15
20,3,1,7,3,7600,350,0.046053,10.0,8,6,10,1,1,false,true,19,19
20,3,1,9,0,7600,1014,0.133421,10.0,8,6,10,1,1,false,false,7,7
20,3,1,9,1,7600,611,0.080395,10.0,8,6,10,1,1,false,false,11,11
20,3,1,9,2,7600,451,0.059342,10.0,8,6,10,1,1,false,false,15,15
20,3,1,9,3,7600,337,0.044342,10.0,8,6,10,1,1,false,false,19,19
20,3,1,11,0,7600,1018,0.133947,10.0,8,6,10,1,1,false,true,7,7
20,3,1,11,1,7600,638,0.083947,10.0,8,6,10,1,1,false,true,11,11
20,3,1,11,2,7600,468,0.061579,10.0,8,6,10,1,1,false,true,15,15
20,3,1,11,3,7600,382,0.050263,10.0,8,6,10,1,1,false,true,19,19
20,3,1,13,0,7600,1036,0.136316,10.0,8,6,10,1,1,false,true,7,7
20,3,1,13,1,7600,602,0.079211,10.0,8,6,10,1,1,false,true,11,11
20,3,1,13,2,7600,439,0.057763,10.0,8,6,10,1,1,false,true,15,15
20,3,1,13,3,7600,362,0.047632,10.0,8,6,10,1,1,false,true,19,19
20,3,1,17,0,7600,1009,0.132763,10.0,8,6,10,1,1,false,true,7,7
20,3,1,17,1,7600,657,0.086447,10.0,8,6,10,1,1,false,true,11,11
20,3,1,17,2,7600,464,0.061053,10.0,8,6,10,1,1,false,true,15,15
20,3,1,17,3,7600,356,0.046842,10.0,8,6,10,1,1,false,true,19,19
20,3,1,19,0,7600,1004,0.132105,10.0,8,6,10,1,1,false,true,7,7
20,3,1,19,1,7600,663,0.087237,10.0,8,6,10,1,1,false,true,11,11
20,3,1,19,2,7600,439,0.057763,10.0,8,6,10,1,1,false,true,15,15
20,3,1,19,3,7600,344,0.045263,10.0,8,6,10,1,1,false,true,19,19
20,3,3,1,0,7600,993,0.130658,10.0,8,6,10,1,1,true,false,7,7
20,3,3,1,1,7600,583,0.076711,10.0,8,6,10,1,1,true,false,11,11
20,3,3,1,2,7600,419,0.055132,10.0,8,6,10,1,1,true,false,15,15
20,3,3,1,3,7600,344,0.045263,10.0,8,6,10,1,1,true,false,19,19
20,3,3,7,0,7600,977,0.128553,10.0,8,6,10,1,1,true,true,7,7
20,3,3,7,1,7600,613,0.080658,10.0,8,6,10,1,1,true,true,11,11
20,3,3,7,2,7600,407,0.053553,10.0,8,6,10,1,1,true,true,15,15
20,3,3,7,3,7600,349,0.045921,10.0,8,6,10,1,1,true,true,19,19
20,3,3,9,0,7600,970,0.127632,10.0,8,6,10,1,1,true,false,7,7
20,3,3,9,1,7600,598,0.078684,10.0,8,6,10,1,1,true,false,11,11
20,3,3,9,2,7600,436,0.057368,10.0,8,6,10,1,1,true,false,15,15
20,3,3,9,3,7600,356,0.046842,10.0,8,6,10,1,1,true,false,19,19
20,3,3,11,0,7600,1020,0.134211,10.0,8,6,10,1,1,true,true,7,7
20,3,3,11,1,7600,622,0.081842,10.0,8,6,10,1,1,true,true,11,11
20,3,3,11,2,7600,440,0.057895,10.0,8,6,10,1,1,true,true,15,15
20,3,3,11,3,7600,318,0.041842,10.0,8,6,10,1,1,true,true,19,19
20,3,3,13,0,7600,982,0.129211,10.0,8,6,10,1,1,true,true,7,7
20,3,3,13,1,7600,632,0.083158,10.0,8,6,10,1,1,true,true,11,11
20,3,3,13,2,7600,425,0.055921,10.0,8,6,10,1,1,true,true,15,15
20,3,3,13,3,7600,322,0.042368,10.0,8,6,10,1,1,true,true,19,19
20,3,3,17,0,7600,984,0.129474,10.0,8,6,10,1,1,true,true,7,7
20,3,3,17,1,7600,617,0.081184,10.0,8,6,10,1,1,true,true,11,11
20,3,3,17,2,7600,457,0.060132,10.0,8,6,10,1,1,true,true,15,15
20,3,3,17,3,7600,353,0.046447,10.0,8,6,10,1,1,true,true,19,19
20,3,3,19,0,7600,1005,0.132237,10.0,8,6,10,1,1,true,true,7,7
20,3,3,19,1,7600,588,0.077368,10.0,8,6,10,1,1,true,true,11,11
20,3,3,19,2,7600,408,0.053684,10.0,8,6,10,1,1,true,true,15,15
20,3,3,19,3,7600,370,0.048684,10.0,8,6,10,1,1,true,true,19,19
20,3,7,1,0,7600,964,0.126842,10.0,8,6,10,1,1,true,false,7,7
20,3,7,1,1,7600,582,0.076579,10.0,8,6,10,1,1,true,false,11,11
20,3,7,1,2,7600,380,0.050000,10.0,8,6,10,1,1,true,false,15,15
20,3,7,1,3,7600,334,0.043947,10.0,8,6,10,1,1,true,false,19,19
20,3,7,3,0,7600,956,0.125789,10.0,8,6,10,1,1,true,true,7,7
20,3,7,3,1,7600,583,0.076711,10.0,8,6,10,1,1,true,true,11,11
20,3,7,3,2,7600,403,0.053026,10.0,8,6,10,1,1,true,true,15,15
20,3,7,3,3,7600,340,0.044737,10.0,8,6,10,1,1,true,true,19,19
20,3,7,9,0,7600,929,0.122237,10.0,8,6,10,1,1,true,false,7,7
20,3,7,9,1,7600,577,0.075921,10.0,8,6,10,1,1,true,false,11,11
20,3,7,9,2,7600,426,0.056053,10.0,8,6,10,1,1,true,false,15,15
20,3,7,9,3,7600,327,0.043026,10.0,8,6,10,1,1,true,false,19,19
20,3,7,11,0,7600,961,0.126447,10.0,8,6,10,1,1,true,true,7,7
20,3,7,11,1,7600,608,0.080000,10.0,8,6,10,1,1,true,true,11,11
20,3,7,11,2,7600,405,0.053289,10.0,8,6,10,1,1,true,true,15,15
20,3,7,11,3,7600,345,0.045395,10.0,8,6,10,1,1,true,true,19,19
20,3,7,13,0,7600,949,0.124868,10.0,8,6,10,1,1,true,true,7,7
20,3,7,13,1,7600,580,0.076316,10.0,8,6,10,1,1,true,true,11,11
20,3,7,13,2,7600,379,0.049868,10.0,8,6,10,1,1,true,true,15,15
20,3,7,13,3,7600,310,0.040789,10.0,8,6,10,1,1,true,true,19,19
20,3,7,17,0,7600,940,0.123684,10.0,8,6,10,1,1,true,true,7,7
20,3,7,17,1,7600,604,0.079474,10.0,8,6,10,1,1,true,true,11,11
20,3,7,17,2,7600,417,0.054868,10.0,8,6,10,1,1,true,true,15,15
20,3,7,17,3,7600,345,0.045395,10.0,8,6,10,1,1,true,true,19,19
20,3,7,19,0,7600,952,0.125263,10.0,8,6,10,1,1,true,true,7,7
20,3,7,19,1,7600,568,0.074737,10.0,8,6,10,1,1,true,true,11,11
20,3,7,19,2,7600,414,0.054474,10.0,8,6,10,1,1,true,true,15,15
20,3,7,19,3,7600,348,0.045789,10.0,8,6,10,1,1,true,true,19,19
20,3,9,1,0,7600,956,0.125789,10.0,8,6,10,1,1,false,false,7,7
20,3,9,1,1,7600,611,0.080395,10.0,8,6,10,1,1,false,false,11,11
20,3,9,1,2,7600,439,0.057763,10.0,8,6,10,1,1,false,false,15,15
20,3,9,1,3,7600,337,0.044342,10.0,8,6,10,1,1,false,false,19,19
20,3,9,3,0,7600,949,0.124868,10.0,8,6,10,1,1,false,true,7,7
20,3,9,3,1,7600,593,0.078026,10.0,8,6,10,1,1,false,true,11,11
20,3,9,3,2,7600,406,0.053421,10.0,8,6,10,1,1,false,true,15,15
20,3,9,3,3,7600,335,0.044079,10.0,8,6,10,1,1,false,true,19,19
20,3,9,7,0,7600,937,0.123289,10.0,8,6,10,1,1,false,true,7,7
20,3,9,7,1,7600,584,0.076842,10.0,8,6,10,1,1,false,true,11,11
20,3,9,7,2,7600,433,0.056974,10.0,8,6,10,1,1,false,true,15,15
20,3,9,7,3,7600,326,0.042895,10.0,8,6,10,1,1,false,true,19,19
20,3,9,11,0,7600,935,0.123026,10.0,8,6,10,1,1,false,true,7,7
20,3,9,11,1,7600,586,0.077105,10.0,8,6,10,1,1,false,true,11,11
20,3,9,11,2,7600,432,0.056842,10.0,8,6,10,1,1,false,true,15,15
20,3,9,11,3,7600,329,0.043289,10.0,8,6,10,1,1,false,true,19,19
20,3,9,13,0,7600,915,0.120395,10.0,8,6,10,1,1,false,true,7,7
20,3,9,13,1,7600,555,0.073026,10.0,8,6,10,1,1,false,true,11,11
20,3,9,13,2,7600,435,0.057237,10.0,8,6,10,1,1,false,true,15,15
20,3,9,13,3,7600,333,0.043816,10.0,8,6,10,1,1,false,true,19,19
20,3,9,17,0,7600,937,0.123289,10.0,8,6,10,1,1,false,true,7,7
20,3,9,17,1,7600,609,0.080132,10.0,8,6,10,1,1,false,true,11,11
20,3,9,17,2,7600,424,0.055789,10.0,8,6,10,1,1,false,true,15,15
20,3,9,17,3,7600,339,0.044605,10.0,8,6,10,1,1,false,true,19,19
20,3,9,19,0,7600,907,0.119342,10.0,8,6,10,1,1,false,true,7,7
20,3,9,19,1,7600,562,0.073947,10.0,8,6,10,1,1,false,true,11,11
20,3,9,19,2,7600,417,0.054868,10.0,8,6,10,1,1,false,true,15,15
20,3,9,19,3,7600,304,0.040000,10.0,8,6,10,1,1,false,true,19,19
20,3,11,1,0,7600,930,0.122368,10.0,8,6,10,1,1,true,false,7,7
20,3,11,1,1,7600,580,0.076316,10.0,8,6,10,1,1,true,false,11,11
20,3,11,1,2,7600,410,0.053947,10.0,8,6,10,1,1,true,false,15,15
20,3,11,1,3,7600,332,0.043684,10.0,8,6,10,1,1,true,false,19,19
20,3,11,3,0,7600,901,0.118553,10.0,8,6,10,1,1,true,true,7,7
20,3,11,3,1,7600,616,0.081053,10.0,8,6,10,1,1,true,true,11,11
20,3,11,3,2,7600,424,0.055789,10.0,8,6,10,1,1,true,true,15,15
20,3,11,3,3,7600,338,0.044474,10.0,8,6,10,1,1,true,true,19,19
20,3,11,7,0,7600,943,0.124079,10.0,8,6,10,1,1,true,true,7,7
20,3,11,7,1,7600,555,0.073026,10.0,8,6,10,1,1,true,true,11,11
20,3,11,7,2,7600,435,0.057237,10.0,8,6,10,1,1,true,true,15,15
20,3,11,7,3,7600,330,0.043421,10.0,8,6,10,1,1,true,true,19,19
20,3,11,9,0,7600,932,0.122632,10.0,8,6,10,1,1,true,false,7,7
20,3,11,9,1,7600,576,0.075789,10.0,8,6,10,1,1,true,false,11,11
20,3,11,9,2,7600,443,0.058289,10.0,8,6,10,1,1,true,false,15,15
20,3,11,9,3,7600,362,0.047632,10.0,8,6,10,1,1,true,false,19,19
20,3,11,13,0,7600,918,0.120789,10.0,8,6,10,1,1,true,true,7,7
20,3,11,13,1,7600,602,0.079211,10.0,8,6,10,1,1,true,true,11,11
20,3,11,13,2,7600,434,0.057105,10.0,8,6,10,1,1,true,true,15,15
20,3,11,13,3,7600,324,0.042632,10.0,8,6,10,1,1,true,true,19,19
20,3,11,17,0,7600,929,0.122237,10.0,8,6,10,1,1,true,true,7,7
20,3,11,17,1,7600,592,0.077895,10.0,8,6,10,1,1,true,true,11,11
20,3,11,17,2,7600,443,0.058289,10.0,8,6,10,1,1,true,true,15,15
20,3,11,17,3,7600,316,0.041579,10.0,8,6,10,1,1,true,true,19,19
20,3,11,19,0,7600,883,0.116184,10.0,8,6,10,1,1,true,true,7,7
20,3,11,19,1,7600,575,0.075658,10.0,8,6,10,1,1,true,true,11,11
20,3,11,19,2,7600,433,0.056974,10.0,8,6,10,1,1,true,true,15,15
20,3,11,19,3,7600,341,0.044868,10.0,8,6,10,1,1,true,true,19,19
20,3,13,1,0,7600,983,0.129342,10.0,8,6,10,1,1,true,false,7,7
20,3,13,1,1,7600,560,0.073684,10.0,8,6,10,1,1,true,false,11,11
20,3,13,1,2,7600,457,0.060132,10.0,8,6,10,1,1,true,false,15,15
20,3,13,1,3,7600,366,0.048158,10.0,8,6,10,1,1,true,false,19,19
20,3,13,3,0,7600,910,0.119737,10.0,8,6,10,1,1,true,true,7,7
20,3,13,3,1,7600,602,0.079211,10.0,8,6,10,1,1,true,true,11,11
20,3,13,3,2,7600,411,0.054079,10.0,8,6,10,1,1,true,true,15,15
20,3,13,3,3,7600,311,0.040921,10.0,8,6,10,1,1,true,true,19,19
20,3,13,7,0,7600,963,0.126711,10.0,8,6,10,1,1,true,true,7,7
20,3,13,7,1,7600,584,0.076842,10.0,8,6,10,1,1,true,true,11,11
20,3,13,7,2,7600,442,0.058158,10.0,8,6,10,1,1,true,true,15,15
20,3,13,7,3,7600,388,0.051053,10.0,8,6,10,1,1,true,true,19,19
20,3,13,9,0,7600,900,0.118421,10.0,8,6,10,1,1,true,false,7,7
20,3,13,9,1,7600,638,0.083947,10.0,8,6,10,1,1,true,false,11,11
20,3,13,9,2,7600,422,0.055526,10.0,8,6,10,1,1,true,false,15,15
20,3,13,9,3,7600,347,0.045658,10.0,8,6,10,1,1,true,false,19,19
20,3,13,11,0,7600,939,0.123553,10.0,8,6,10,1,1,true,true,7,7
20,3,13,11,1,7600,596,0.078421,10.0,8,6,10,1,1,true,true,11,11
20,3,13,11,2,7600,430,0.056579,10.0,8,6,10,1,1,true,true,15,15
20,3,13,11,3,7600,332,0.043684,10.0,8,6,10,1,1,true,true,19,19
20,3,13,17,0,7600,929,0.122237,10.0,8,6,10,1,1,true,true,7,7
20,3,13,17,1,7600,592,0.077895,10.0,8,6,10,1,1,true,true,11,11
20,3,13,17,2,7600,460,0.060526,10.0,8,6,10,1,1,true,true,15,15
20,3,13,17,3,7600,362,0.047632,10.0,8,6,10,1,1,true,true,19,19
20,3,13,19,0,7600,915,0.120395,10.0,8,6,10,1,1,true,true,7,7
20,3,13,19,1,7600,552,0.072632,10.0,8,6,10,1,1,true,true,11,11
20,3,13,19,2,7600,438,0.057632,10.0,8,6,10,1,1,true,true,15,15
20,3,13,19,3,7600,327,0.043026,10.0,8,6,10,1,1,true,true,19,19
20,3,17,1,0,7600,909,0.119605,10.0,8,6,10,1,1,true,false,7,7
20,3,17,1,1,7600,617,0.081184,10.0,8,6,10,1,1,true,false,11,11
20,3,17,1,2,7600,435,0.057237,10.0,8,6,10,1,1,true,false,15,15
20,3,17,1,3,7600,336,0.044211,10.0,8,6,10,1,1,true,false,19,19
20,3,17,3,0,7600,896,0.117895,10.0,8,6,10,1,1,true,true,7,7
20,3,17,3,1,7600,572,0.075263,10.0,8,6,10,1,1,true,true,11,11
20,3,17,3,2,7600,415,0.054605,10.0,8,6,10,1,1,true,true,15,15
20,3,17,3,3,7600,316,0.041579,10.0,8,6,10,1,1,true,true,19,19
20,3,17,7,0,7600,914,0.120263,10.0,8,6,10,1,1,true,true,7,7
20,3,17,7,1,7600,590,0.077632,10.0,8,6,10,1,1,true,true,11,11
20,3,17,7,2,7600,389,0.051184,10.0,8,6,10,1,1,true,true,15,15
20,3,17,7,3,7600,315,0.041447,10.0,8,6,10,1,1,true,true,19,19
20,3,17,9,0,7600,905,0.119079,10.0,8,6,10,1,1,true,false,7,7
20,3,17,9,1,7600,577,0.075921,10.0,8,6,10,1,1,true,false,11,11
20,3,17,9,2,7600,409,0.053816,10.0,8,6,10,1,1,true,false,15,15
20,3,17,9,3,7600,338,0.044474,10.0,8,6,10,1,1,true,false,19,19
20,3,17,11,0,7600,912,0.120000,10.0,8,6,10,1,1,true,true,7,7
20,3,17,11,1,7600,587,0.077237,10.0,8,6,10,1,1,true,true,11,11
20,3,17,11,2,7600,461,0.060658,10.0,8,6,10,1,1,true,true,15,15
20,3,17,11,3,7600,331,0.043553,10.0,8,6,10,1,1,true,true,19,19
20,3,17,13,0,7600,937,0.123289,10.0,8,6,10,1,1,true,true,7,7
20,3,17,13,1,7600,587,0.077237,10.0,8,6,10,1,1,true,true,11,11
20,3,17,13,2,7600,445,0.058553,10.0,8,6,10,1,1,true,true,15,15
20,3,17,13,3,7600,322,0.042368,10.0,8,6,10,1,1,true,true,19,19
20,3,17,19,0,7600,916,0.120526,10.0,8,6,10,1,1,true,true,7,7
20,3,17,19,1,7600,578,0.076053,10.0,8,6,10,1,1,true,true,11,11
20,3,17,19,2,7600,403,0.053026,10.0,8,6,10,1,1,true,true,15,15
20,3,17,19,3,7600,359,0.047237,10.0,8,6,10,1,1,true,true,19,19
20,3,19,1,0,7600,955,0.125658,10.0,8,6,10,1,1,true,false,7,7
20,3,19,1,1,7600,575,0.075658,10.0,8,6,10,1,1,true,false,11,11
20,3,19,1,2,7600,421,0.055395,10.0,8,6,10,1,1,true,false,15,15
20,3,19,1,3,7600,342,0.045000,10.0,8,6,10,1,1,true,false,19,19
20,3,19,3,0,7600,885,0.116447,10.0,8,6,10,1,1,true,true,7,7
20,3,19,3,1,7600,593,0.078026,10.0,8,6,10,1,1,true,true,11,11
20,3,19,3,2,7600,418,0.055000,10.0,8,6,10,1,1,true,true,15,15
20,3,19,3,3,7600,331,0.043553,10.0,8,6,10,1,1,true,true,19,19
20,3,19,7,0,7600,877,0.115395,10.0,8,6,10,1,1,true,true,7,7
20,3,19,7,1,7600,554,0.072895,10.0,8,6,10,1,1,true,true,11,11
20,3,19,7,2,7600,423,0.055658,10.0,8,6,10,1,1,true,true,15,15
20,3,19,7,3,7600,325,0.042763,10.0,8,6,10,1,1,true,true,19,19
20,3,19,9,0,7600,920,0.121053,10.0,8,6,10,1,1,true,false,7,7
20,3,19,9,1,7600,582,0.076579,10.0,8,6,10,1,1,true,false,11,11
20,3,19,9,2,7600,431,0.056711,10.0,8,6,10,1,1,true,false,15,15
20,3,19,9,3,7600,336,0.044211,10.0,8,6,10,1,1,true,false,19,19
20,3,19,11,0,7600,914,0.120263,10.0,8,6,10,1,1,true,true,7,7
20,3,19,11,1,7600,552,0.072632,10.0,8,6,10,1,1,true,true,11,11
20,3,19,11,2,7600,425,0.055921,10.0,8,6,10,1,1,true,true,15,15
20,3,19,11,3,7600,323,0.042500,10.0,8,6,10,1,1,true,true,19,19
20,3,19,13,0,7600,903,0.118816,10.0,8,6,10,1,1,true,true,7,7
20,3,19,13,1,7600,585,0.076974,10.0,8,6,10,1,1,true,true,11,11
20,3,19,13,2,7600,429,0.056447,10.0,8,6,10,1,1,true,true,15,15
20,3,19,13,3,7600,344,0.045263,10.0,8,6,10,1,1,true,true,19,19
20,3,19,17,0,7600,913,0.120132,10.0,8,6,10,1,1,true,true,7,7
20,3,19,17,1,7600,574,0.075526,10.0,8,6,10,1,1,true,true,11,11
20,3,19,17,2,7600,414,0.054474,10.0,8,6,10,1,1,true,true,15,15
20,3,19,17,3,7600,342,0.045000,10.0,8,6,10,1,1,true,true,19,19
22,1,1,3,0,21,3,0.142857,11.0,10,4,22,1,1,false,true,5,5
22,1,1,3,1,21,4,0.190476,11.0,10,4,22,1,1,false,true,9,9
22,1,1,3,2,21,0,0.000000,11.0,10,4,22,1,1,false,true,13,13
22,1,1,3,3,21,1,0.047619,11.0,10,4,22,1,1,false,true,17,17
22,1,1,5,0,21,4,0.190476,11.0,10,4,22,1,1,false,true,5,5
22,1,1,5,1,21,2,0.095238,11.0,10,4,22,1,1,false,true,9,9
22,1,1,5,2,21,1,0.047619,11.0,10,4,22,1,1,false,true,13,13
22,1,1,5,3,21,0,0.000000,11.0,10,4,22,1,1,false,true,17,17
22,1,1,7,0,21,2,0.095238,11.0,10,4,22,1,1,false,true,5,5
22,1,1,7,1,21,5,0.238095,11.0,10,4,22,1,1,false,true,9,9
22,1,1,7,2,21,1,0.047619,11.0,10,4,22,1,1,false,true,13,13
22,1,1,7,3,21,1,0.047619,11.0,10,4,22,1,1,false,true,17,17
22,1,1,9,0,21,4,0.190476,11.0,10,4,22,1,1,false,false,5,5
22,1,1,9,1,21,1,0.047619,11.0,10,4,22,1,1,false,false,9,9
22,1,1,9,2,21,1,0.047619,11.0,10,4,22,1,1,false,false,13,13
22,1,1,9,3,21,0,0.000000,11.0,10,4,22,1,1,false,false,17,17
22,1,1,13,0,21,2,0.095238,11.0,10,4,22,1,1,false,true,5,5
22,1,1,13,1,21,0,0.000000,11.0,10,4,22,1,1,false,true,9,9
22,1,1,13,2,21,1,0.047619,11.0,10,4,22,1,1,false,true,13,13
22,1,1,13,3,21,1,0.047619,11.0,10,4,22,1,1,false,true,17,17
22,1,1,15,0,21,2,0.095238,11.0,10,4,22,1,1,false,false,5,5
22,1,1,15,1,21,0,0.000000,11.0,10,4,22,1,1,false,false,9,9
22,1,1,15,2,21,2,0.095238,11.0,10,4,22,1,1,false,false,13,13
22,1,1,15,3,21,1,0.047619,11.0,10,4,22,1,1,false,false,17,17
22,1,1,17,0,21,2,0.095238,11.0,10,4,22,1,1,false,true,5,5
22,1,1,17,1,21,1,0.047619,11.0,10,4,22,1,1,false,true,9,9
22,1,1,17,2,21,1,0.047619,11.0,10,4,22,1,1,false,true,13,13
22,1,1,17,3,21,1,0.047619,11.0,10,4,22,1,1,false,true,17,17
22,1,1,19,0,21,5,0.238095,11.0,10,4,22,1,1,false,true,5,5
22,1,1,19,1,21,1,0.047619,11.0,10,4,22,1,1,false,true,9,9
22,1,1,19,2,21,2,0.095238,11.0,10,4,22,1,1,false,true,13,13
22,1,1,19,3,21,1,0.047619,11.0,10,4,22,1,1,false,true,17,17
22,1,1,21,0,21,3,0.142857,11.0,10,4,22,1,1,false,false,5,5
22,1,1,21,1,21,3,0.142857,11.0,10,4,22,1,1,false,false,9,9
22,1,1,21,2,21,1,0.047619,11.0,10,4,22,1,1,false,false,13,13
22,1,1,21,3,21,1,0.047619,11.0,10,4,22,1,1,false,false,17,17
22,1,3,1,0,21,3,0.142857,11.0,10,4,22,1,1,true,false,5,5
22,1,3,1,1,21,2,0.095238,11.0,10,4,22,1,1,true,false,9,9
22,1,3,1,2,21,1,0.047619,11.0,10,4,22,1,1,true,false,13,13
22,1,3,1,3,21,0,0.000000,11.0,10,4,22,1,1,true,false,17,17
22,1,3,5,0,21,3,0.142857,11.0,10,4,22,1,1,true,true,5,5
22,1,3,5,1,21,3,0.142857,11.0,10,4,22,1,1,true,true,9,9
22,1,3,5,2,21,1,0.047619,11.0,10,4,22,1,1,true,true,13,13
22,1,3,5,3,21,0,0.000000,11.0,10,4,22,1,1,true,true,17,17
22,1,3,7,0,21,4,0.190476,11.0,10,4,22,1,1,true,true,5,5
22,1,3,7,1,21,1,0.047619,11.0,10,4,22,1,1,true,true,9,9
22,1,3,7,2,21,0,0.000000,11.0,10,4,22,1,1,true,true,13,13
22,1,3,7,3,21,0,0.000000,11.0,10,4,22,1,1,true,true,17,17
22,1,3,9,0,21,3,0.142857,11.0,10,4,22,1,1,true,false,5,5
22,1,3,9,1,21,0,0.000000,11.0,10,4,22,1,1,true,false,9,9
22,1,3,9,2,21,1,0.047619,11.0,10,4,22,1,1,true,false,13,13
22,1,3,9,3,21,1,0.047619,11.0,10,4,22,1,1,true,false,17,17
22,1,3,13,0,21,2,0.095238,11.0,10,4,22,1,1,true,true,5,5
22,1,3,13,1,21,2,0.095238,11.0,10,4,22,1,1,true,true,9,9
22,1,3,13,2,21,0,0.000000,11.0,10,4,22,1,1,true,true,13,13
22,1,3,13,3,21,0,0.000000,11.0,10,4,22,1,1,true,true,17,17
22,1,3,15,0,21,4,0.190476,11.0,10,4,22,1,1,true,false,5,5
22,1,3,15,1,21,1,0.047619,11.0,10,4,22,1,1,true,false,9,9
22,1,3,15,2,21,0,0.000000,11.0,10,4,22,1,1,true,false,13,13
22,1,3,15,3,21,1,0.047619,11.0,10,4,22,1,1,true,false,17,17
22,1,3,17,0,21,3,0.142857,11.0,10,4,22,1,1,true,true,5,5
22,1,3,17,1,21,3,0.142857,11.0,10,4,22,1,1,true,true,9,9
22,1,3,17,2,21,0,0.000000,11.0,10,4,22,1,1,true,true,13,13
22,1,3,17,3,21,2,0.095238,11.0,10,4,22,1,1,true,true,17,17
22,1,3,19,0,21,2,0.095238,11.0,10,4,22,1,1,true,true,5,5
22,1,3,19,1,21,1,0.047619,11.0,10,4,22,1,1,true,true,9,9
22,1,3,19,2,21,0,0.000000,11.0,10,4,22,1,1,true,true,13,13
22,1,3,19,3,21,3,0.142857,11.0,10,4,22,1,1,true,true,17,17
22,1,3,21,0,21,3,0.142857,11.0,10,4,22,1,1,true,false,5,5
22,1,3,21,1,21,3,0.142857,11.0,10,4,22,1,1,true,false,9,9
22,1,3,21,2,21,0,0.000000,11.0,10,4,22,1,1,true,false,13,13
22,1,3,21,3,21,1,0.047619,11.0,10,4,22,1,1,true,false,17,17
22,1,5,1,0,21,6,0.285714,11.0,10,4,22,1,1,true,false,5,5
22,1,5,1,1,21,2,0.095238,11.0,10,4,22,1,1,true,false,9,9
22,1,5,1,2,21,0,0.000000,11.0,10,4,22,1,1,true,false,13,13
22,1,5,1,3,21,0,0.000000,11.0,10,4,22,1,1,true,false,17,17
22,1,5,3,0,21,6,0.285714,11.0,10,4,22,1,1,true,true,5,5
22,1,5,3,1,21,1,0.047619,11.0,10,4,22,1,1,true,true,9,9
22,1,5,3,2,21,1,0.047619,11.0,10,4,22,1,1,true,true,13,13
22,1,5,3,3,21,0,0.000000,11.0,10,4,22,1,1,true,true,17,17
22,1,5,7,0,21,7,0.333333,11.0,10,4,22,1,1,true,true,5,5
22,1,5,7,1,21,3,0.142857,11.0,10,4,22,1,1,true,true,9,9
22,1,5,7,2,21,1,0.047619,11.0,10,4,22,1,1,true,true,13,13
22,1,5,7,3,21,0,0.000000,11.0,10,4,22,1,1,true,true,17,17
22,1,5,9,0,21,3,0.142857,11.0,10,4,22,1,1,true,false,5,5
22,1,5,9,1,21,2,0.095238,11.0,10,4,22,1,1,true,false,9,9
22,1,5,9,2,21,2,0.095238,11.0,10,4,22,1,1,true,false,13,13
22,1,5,9,3,21,0,0.000000,11.0,10,4,22,1,1,true,false,17,17
22,1,5,13,0,21,3,0.142857,11.0,10,4,22,1,1,true,true,5,5
22,1,5,13,1,21,2,0.095238,11.0,10,4,22,1,1,true,true,9,9
22,1,5,13,2,21,1,0.047619,11.0,10,4,22,1,1,true,true,13,13
22,1,5,13,3,21,3,0.142857,11.0,10,4,22,1,1,true,true,17,17
22,1,5,15,0,21,4,0.190476,11.0,10,4,22,1,1,true,false,5,5
22,1,5,15,1,21,3,0.142857,11.0,10,4,22,1,1,true,false,9,9
22,1,5,15,2,21,1,0.047619,11.0,10,4,22,1,1,true,false,13,13
22,1,5,15,3,21,1,0.047619,11.0,10,4,22,1,1,true,false,17,17
22,1,5,17,0,21,5,0.238095,11.0,10,4,22,1,1,true,true,5,5
22,1,5,17,1,21,1,0.047619,11.0,10,4,22,1,1,true,true,9,9
22,1,5,17,2,21,1,0.047619,11.0,10,4,22,1,1,true,true,13,13
22,1,5,17,3,21,1,0.047619,11.0,10,4,22,1,1,true,true,17,17
22,1,5,19,0,21,6,0.285714,11.0,10,4,22,1,1,true,true,5,5
22,1,5,19,1,21,0,0.000000,11.0,10,4,22,1,1,true,true,9,9
22,1,5,19,2,21,0,0.000000,11.0,10,4,22,1,1,true,true,13,13
22,1,5,19,3,21,0,0.000000,11.0,10,4,22,1,1,true,true,17,17
22,1,5,21,0,21,2,0.095238,11.0,10,4,22,1,1,true,false,5,5
22,1,5,21,1,21,2,0.095238,11.0,10,4,22,1,1,true,false,9,9
22,1,5,21,2,21,2,0.095238,11.0,10,4,22,1,1,true,false,13,13
22,1,5,21,3,21,1,0.047619,11.0,10,4,22,1,1,true,false,17,17
22,1,7,1,0,21,6,0.285714,11.0,10,4,22,1,1,true,false,5,5
22,1,7,1,1,21,1,0.047619,11.0,10,4,22,1,1,true,false,9,9
22,1,7,1,2,21,2,0.095238,11.0,10,4,22,1,1,true,false,13,13
22,1,7,1,3,21,0,0.000000,11.0,10,4,22,1,1,true,false,17,17
22,1,7,3,0,21,2,0.095238,11.0,10,4,22,1,1,true,true,5,5
22,1,7,3,1,21,1,0.047619,11.0,10,4,22,1,1,true,true,9,9
22,1,7,3,2,21,3,0.142857,11.0,10,4,22,1,1,true,true,13,13
22,1,7,3,3,21,1,0.047619,11.0,10,4,22,1,1,true,true,17,17
22,1,7,5,0,21,2,0.095238,11.0,10,4,22,1,1,true,true,5,5
22,1,7,5,1,21,4,0.190476,11.0,10,4,22,1,1,true,true,9,9
22,1,7,5,2,21,2,0.095238,11.0,10,4,22,1,1,true,true,13,13
22,1,7,5,3,21,0,0.000000,11.0,10,4,22,1,1,true,true,17,17
22,1,7,9,0,21,3,0.142857,11.0,10,4,22,1,1,true,false,5,5
22,1,7,9,1,21,2,0.095238,11.0,10,4,22,1,1,true,false,9,9
22,1,7,9,2,21,3,0.142857,11.0,10,4,22,1,1,true,false,13,13
22,1,7,9,3,21,0,0.000000,11.0,10,4,22,1,1,true,false,17,17
22,1,7,13,0,21,4,0.190476,11.0,10,4,22,1,1,true,true,5,5
22,1,7,13,1,21,4,0.190476,11.0,10,4,22,1,1,true,true,9,9
22,1,7,13,2,21,1,0.047619,11.0,10,4,22,1,1,true,true,13,13
22,1,7,13,3,21,2,0.095238,11.0,10,4,22,1,1,true,true,17,17
22,1,7,15,0,21,5,0.238095,11.0,10,4,22,1,1,true,false,5,5
22,1,7,15,1,21,3,0.142857,11.0,10,4,22,1,1,true,false,9,9
22,1,7,15,2,21,1,0.047619,11.0,10,4,22,1,1,true,false,13,13
22,1,7,15,3,21,0,0.000000,11.0,10,4,22,1,1,true,false,17,17
22,1,7,17,0,21,4,0.190476,11.0,10,4,22,1,1,true,true,5,5
22,1,7,17,1,21,0,0.000000,11.0,10,4,22,1,1,true,true,9,9
22,1,7,17,2,21,0,0.000000,11.0,10,4,22,1,1,true,true,13,13
22,1,7,17,3,21,1,0.047619,11.0,10,4,22,1,1,true,true,17,17
22,1,7,19,0,21,3,0.142857,11.0,10,4,22,1,1,true,true,5,5
22,1,7,19,1,21,3,0.142857,11.0,10,4,22,1,1,true,true,9,9
22,1,7,19,2,21,0,0.000000,11.0,10,4,22,1,1,true,true,13,13
22,1,7,19,3,21,0,0.000000,11.0,10,4,22,1,1,true,true,17,17
22,1,7,21,0,21,5,0.238095,11.0,10,4,22,1,1,true,false,5,5
22,1,7,21,1,21,1,0.047619,11.0,10,4,22,1,1,true,false,9,9
22,1,7,21,2,21,1,0.047619,11.0,10,4,22,1,1,true,false,13,13
22,1,7,21,3,21,1,0.047619,11.0,10,4,22,1,1,true,false,17,17
22,1,9,1,0,21,3,0.142857,11.0,10,4,22,1,1,false,false,5,5
22,1,9,1,1,21,1,0.047619,11.0,10,4,22,1,1,false,false,9,9
22,1,9,1,2,21,0,0.000000,11.0,10,4,22,1,1,false,false,13,13
22,1,9,1,3,21,0,0.000000,11.0,10,4,22,1,1,false,false,17,17
22,1,9,3,0,21,5,0.238095,11.0,10,4,22,1,1,false,true,5,5
22,1,9,3,1,21,1,0.047619,11.0,10,4,22,1,1,false,true,9,9
22,1,9,3,2,21,2,0.095238,11.0,10,4,22,1,1,false,true,13,13
22,1,9,3,3,21,2,0.095238,11.0,10,4,22,1,1,false,true,17,17
22,1,9,5,0,21,1,0.047619,11.0,10,4,22,1,1,false,true,5,5
22,1,9,5,1,21,1,0.047619,11.0,10,4,22,1,1,false,true,9,9
22,1,9,5,2,21,1,0.047619,11.0,10,4,22,1,1,false,true,13,13
22,1,9,5,3,21,0,0.000000,11.0,10,4,22,1,1,false,true,17,17
22,1,9,7,0,21,5,0.238095,11.0,10,4,22,1,1,false,true,5,5
22,1,9,7,1,21,2,0.095238,11.0,10,4,22,1,1,false,true,9,9
22,1,9,7,2,21,2,0.095238,11.0,10,4,22,1,1,false,true,13,13
22,1,9,7,3,21,0,0.000000,11.0,10,4,22,1,1,false,true,17,17
22,1,9,13,0,21,5,0.238095,11.0,10,4,22,1,1,false,true,5,5
22,1,9,13,1,21,1,0.047619,11.0,10,4,22,1,1,false,true,9,9
22,1,9,13,2,21,1,0.047619,11.0,10,4,22,1,1,false,true,13,13
22,1,9,13,3,21,2,0.095238,11.0,10,4,22,1,1,false,true,17,17
22,1,9,15,0,21,5,0.238095,11.0,10,4,22,1,1,false,false,5,5
22,1,9,15,1,21,5,0.238095,11.0,10,4,22,1,1,false,false,9,9
22,1,9,15,2,21,1,0.047619,11.0,10,4,22,1,1,false,false,13,13
22,1,9,15,3,21,1,0.047619,11.0,10,4,22,1,1,false,false,17,17
22,1,9,17,0,21,4,0.190476,11.0,10,4,22,1,1,false,true,5,5
22,1,9,17,1,21,0,0.000000,11.0,10,4,22,1,1,false,true,9,9
22,1,9,17,2,21,3,0.142857,11.0,10,4,22,1,1,false,true,13,13
22,1,9,17,3,21,0,0.000000,11.0,10,4,22,1,1,false,true,17,17
22,1,9,19,0,21,2,0.095238,11.0,10,4,22,1,1,false,true,5,5
22,1,9,19,1,21,2,0.095238,11.0,10,4,22,1,1,false,true,9,9
22,1,9,19,2,21,0,0.000000,11.0,10,4,22,1,1,false,true,13,13
22,1,9,19,3,21,1,0.047619,11.0,10,4,22,1,1,false,true,17,17
22,1,9,21,0,21,1,0.047619,11.0,10,4,22,1,1,false,false,5,5
22,1,9,21,1,21,2,0.095238,11.0,10,4,22,1,1,false,false,9,9
22,1,9,21,2,21,1,0.047619,11.0,10,4,22,1,1,false,false,13,13
22,1,9,21,3,21,1,0.047619,11.0,10,4,22,1,1,false,false,17,17
22,1,13,1,0,21,1,0.047619,11.0,10,4,22,1,1,true,false,5,5
22,1,13,1,1,21,4,0.190476,11.0,10,4,22,1,1,true,false,9,9
22,1,13,1,2,21,3,0.142857,11.0,10,4,22,1,1,true,false,13,13
22,1,13,1,3,21,1,0.047619,11.0,10,4,22,1,1,true,false,17,17
22,1,13,3,0,21,5,0.238095,11.0,10,4,22,1,1,true,true,5,5
22,1,13,3,1,21,3,0.142857,11.0,10,4,22,1,1,true,true,9,9
22,1,13,3,2,21,0,0.000000,11.0,10,4,22,1,1,true,true,13,13
22,1,13,3,3,21,0,0.000000,11.0,10,4,22,1,1,true,true,17,17
22,1,13,5,0,21,3,0.142857,11.0,10,4,22,1,1,true,true,5,5
22,1,13,5,1,21,0,0.000000,11.0,10,4,22,1,1,true,true,9,9
22,1,13,5,2,21,2,0.095238,11.0,10,4,22,1,1,true,true,13,13
22,1,13,5,3,21,0,0.000000,11.0,10,4,22,1,1,true,true,17,17
22,1,13,7,0,21,4,0.190476,11.0,10,4,22,1,1,true,true,5,5
22,1,13,7,1,21,1,0.047619,11.0,10,4,22,1,1,true,true,9,9
22,1,13,7,2,21,2,0.095238,11.0,10,4,22,1,1,true,true,13,13
22,1,13,7,3,21,1,0.047619,11.0,10,4,22,1,1,true,true,17,17
22,1,13,9,0,21,2,0.095238,11.0,10,4,22,1,1,true,false,5,5
22,1,13,9,1,21,2,0.095238,11.0,10,4,22,1,1,true,false,9,9
22,1,13,9,2,21,1,0.047619,11.0,10,4,22,1,1,true,false,13,13
22,1,13,9,3,21,3,0.142857,11.0,10,4,22,1,1,true,false,17,17
22,1,13,15,0,21,5,0.238095,11.0,10,4,22,1,1,true,false,5,5
22,1,13,15,1,21,2,0.095238,11.0,10,4,22,1,1,true,false,9,9
22,1,13,15,2,21,0,0.000000,11.0,10,4,22,1,1,true,false,13,13
22,1,13,15,3,21,3,0.142857,11.0,10,4,22,1,1,true,false,17,17
22,1,13,17,0,21,1,0.047619,11.0,10,4,22,1,1,true,true,5,5
22,1,13,17,1,21,4,0.190476,11.0,10,4,22,1,1,true,true,9,9
22,1,13,17,2,21,1,0.047619,11.0,10,4,22,1,1,true,true,13,13
22,1,13,17,3,21,1,0.047619,11.0,10,4,22,1,1,true,true,17,17
22,1,13,19,0,21,0,0.000000,11.0,10,4,22,1,1,true,true,5,5
22,1,13,19,1,21,3,0.142857,11.0,10,4,22,1,1,true,true,9,9
22,1,13,19,2,21,1,0.047619,11.0,10,4,22,1,1,true,true,13,13
22,1,13,19,3,21,1,0.047619,11.0,10,4,22,1,1,true,true,17,17
22,1,13,21,0,21,3,0.142857,11.0,10,4,22,1,1,true,false,5,5
22,1,13,21,1,21,1,0.047619,11.0,10,4,22,1,1,true,false,9,9
22,1,13,21,2,21,1,0.047619,11.0,10,4,22,1,1,true,false,13,13
22,1,13,21,3,21,0,0.000000,11.0,10,4,22,1,1,true,false,17,17
22,1,15,1,0,21,1,0.047619,11.0,10,4,22,1,1,false,false,5,5
22,1,15,1,1,21,2,0.095238,11.0,10,4,22,1,1,false,false,9,9
22,1,15,1,2,21,1,0.047619,11.0,10,4,22,1,1,false,false,13,13
22,1,15,1,3,21,2,0.095238,11.0,10,4,22,1,1,false,false,17,17
22,1,15,3,0,21,4,0.190476,11.0,10,4,22,1,1,false,true,5,5
22,1,15,3,1,21,2,0.095238,11.0,10,4,22,1,1,false,true,9,9
22,1,15,3,2,21,2,0.095238,11.0,10,4,22,1,1,false,true,13,13
22,1,15,3,3,21,0,0.000000,11.0,10,4,22,1,1,false,true,17,17
22,1,15,5,0,21,3,0.142857,11.0,10,4,22,1,1,false,true,5,5
22,1,15,5,1,21,2,0.095238,11.0,10,4,22,1,1,false,true,9,9
22,1,15,5,2,21,1,0.047619,11.0,10,4,22,1,1,false,true,13,13
22,1,15,5,3,21,0,0.000000,11.0,10,4,22,1,1,false,true,17,17
22,1,15,7,0,21,5,0.238095,11.0,10,4,22,1,1,false,true,5,5
22,1,15,7,1,21,1,0.047619,11.0,10,4,22,1,1,false,true,9,9
22,1,15,7,2,21,1,0.047619,11.0,10,4,22,1,1,false,true,13,13
22,1,15,7,3,21,1,0.047619,11.0,10,4,22,1,1,false,true,17,17
22,1,15,9,0,21,2,0.095238,11.0,10,4,22,1,1,false,false,5,5
22,1,15,9,1,21,4,0.190476,11.0,10,4,22,1,1,false,false,9,9
22,1,15,9,2,21,0,0.000000,11.0,10,4,22,1,1,false,false,13,13
22,1,15,9,3,21,1,0.047619,11.0,10,4,22,1,1,false,false,17,17
22,1,15,13,0,21,4,0.190476,11.0,10,4,22,1,1,false,true,5,5
22,1,15,13,1,21,2,0.095238,11.0,10,4,22,1,1,false,true,9,9
22,1,15,13,2,21,2,0.095238,11.0,10,4,22,1,1,false,true,13,13
22,1,15,13,3,21,0,0.000000,11.0,10,4,22,1,1,false,true,17,17
22,1,15,17,0,21,4,0.190476,11.0,10,4,22,1,1,false,true,5,5
22,1,15,17,1,21,2,0.095238,11.0,10,4,22,1,1,false,true,9,9
22,1,15,17,2,21,1,0.047619,11.0,10,4,22,1,1,false,true,13,13
22,1,15,17,3,21,1,0.047619,11.0,10,4,22,1,1,false,true,17,17
22,1,15,19,0,21,3,0.142857,11.0,10,4,22,1,1,false,true,5,5
22,1,15,19,1,21,2,0.095238,11.0,10,4,22,1,1,false,true,9,9
22,1,15,19,2,21,0,0.000000,11.0,10,4,22,1,1,false,true,13,13
22,1,15,19,3,21,0,0.000000,11.0,10,4,22,1,1,false,true,17,17
22,1,15,21,0,21,5,0.238095,11.0,10,4,22,1,1,false,false,5,5
22,1,15,21,1,21,2,0.095238,11.0,10,4,22,1,1,false,false,9,9
22,1,15,21,2,21,0,0.000000,11.0,10,4,22,1,1,false,false,13,13
22,1,15,21,3,21,1,0.047619,11.0,10,4,22,1,1,false,false,17,17
22,1,17,1,0,21,2,0.095238,11.0,10,4,22,1,1,true,false,5,5
22,1,17,1,1,21,2,0.095238,11.0,10,4,22,1,1,true,false,9,9
22,1,17,1,2,21,0,0.000000,11.0,10,4,22,1,1,true,false,13,13
22,1,17,1,3,21,1,0.047619,11.0,10,4,22,1,1,true,false,17,17
22,1,17,3,0,21,3,0.142857,11.0,10,4,22,1,1,true,true,5,5
22,1,17,3,1,21,1,0.047619,11.0,10,4,22,1,1,true,true,9,9
22,1,17,3,2,21,0,0.000000,11.0,10,4,22,1,1,true,true,13,13
22,1,17,3,3,21,1,0.047619,11.0,10,4,22,1,1,true,true,17,17
22,1,17,5,0,21,7,0.333333,11.0,10,4,22,1,1,true,true,5,5
22,1,17,5,1,21,2,0.095238,11.0,10,4,22,1,1,true,true,9,9
22,1,17,5,2,21,3,0.142857,11.0,10,4,22,1,1,true,true,13,13
22,1,17,5,3,21,2,0.095238,11.0,10,4,22,1,1,true,true,17,17
22,1,17,7,0,21,1,0.047619,11.0,10,4,22,1,1,true,true,5,5
22,1,17,7,1,21,2,0.095238,11.0,10,4,22,1,1,true,true,9,9
22,1,17,7,2,21,0,0.000000,11.0,10,4,22,1,1,true,true,13,13
22,1,17,7,3,21,0,0.000000,11.0,10,4,22,1,1,true,true,17,17
22,1,17,9,0,21,7,0.333333,11.0,10,4,22,1,1,true,false,5,5
22,1,17,9,1,21,2,0.095238,11.0,10,4,22,1,1,true,false,9,9
22,1,17,9,2,21,2,0.095238,11.0,10,4,22,1,1,true,false,13,13
22,1,17,9,3,21,1,0.047619,11.0,10,4,22,1,1,true,false,17,17
22,1,17,13,0,21,1,0.047619,11.0,10,4,22,1,1,true,true,5,5
22,1,17,13,1,21,0,0.000000,11.0,10,4,22,1,1,true,true,9,9
22,1,17,13,2,21,1,0.047619,11.0,10,4,22,1,1,true,true,13,13
22,1,17,13,3,21,1,0.047619,11.0,10,4,22,1,1,true,true,17,17
22,1,17,15,0,21,5,0.238095,11.0,10,4,22,1,1,true,false,5,5
22,1,17,15,1,21,2,0.095238,11.0,10,4,22,1,1,true,false,9,9
22,1,17,15,2,21,1,0.047619,11.0,10,4,22,1,1,true,false,13,13
22,1,17,15,3,21,1,0.047619,11.0,10,4,22,1,1,true,false,17,17
22,1,17,19,0,21,4,0.190476,11.0,10,4,22,1,1,true,true,5,5
22,1,17,19,1,21,1,0.047619,11.0,10,4,22,1,1,true,true,9,9
22,1,17,19,2,21,0,0.000000,11.0,10,4,22,1,1,true,true,13,13
22,1,17,19,3,21,3,0.142857,11.0,10,4,22,1,1,true,true,17,17
22,1,17,21,0,21,4,0.190476,11.0,10,4,22,1,1,true,false,5,5
22,1,17,21,1,21,2,0.095238,11.0,10,4,22,1,1,true,false,9,9
22,1,17,21,2,21,2,0.095238,11.0,10,4,22,1,1,true,false,13,13
22,1,17,21,3,21,0,0.000000,11.0,10,4,22,1,1,true,false,17,17
22,1,19,1,0,21,3,0.142857,11.0,10,4,22,1,1,true,false,5,5
22,1,19,1,1,21,1,0.047619,11.0,10,4,22,1,1,true,false,9,9
22,1,19,1,2,21,2,0.095238,11.0,10,4,22,1,1,true,false,13,13
22,1,19,1,3,21,1,0.047619,11.0,10,4,22,1,1,true,false,17,17
22,1,19,3,0,21,3,0.142857,11.0,10,4,22,1,1,true,true,5,5
22,1,19,3,1,21,2,0.095238,11.0,10,4,22,1,1,true,true,9,9
22,1,19,3,2,21,1,0.047619,11.0,10,4,22,1,1,true,true,13,13
22,1,19,3,3,21,2,0.095238,11.0,10,4,22,1,1,true,true,17,17
22,1,19,5,0,21,3,0.142857,11.0,10,4,22,1,1,true,true,5,5
22,1,19,5,1,21,1,0.047619,11.0,10,4,22,1,1,true,true,9,9
22,1,19,5,2,21,1,0.047619,11.0,10,4,22,1,1,true,true,13,13
22,1,19,5,3,21,0,0.000000,11.0,10,4,22,1,1,true,true,17,17
22,1,19,7,0,21,4,0.190476,11.0,10,4,22,1,1,true,true,5,5
22,1,19,7,1,21,1,0.047619,11.0,10,4,22,1,1,true,true,9,9
22,1,19,7,2,21,4,0.190476,11.0,10,4,22,1,1,true,true,13,13
22,1,19,7,3,21,2,0.095238,11.0,10,4,22,1,1,true,true,17,17
22,1,19,9,0,21,1,0.047619,11.0,10,4,22,1,1,true,false,5,5
22,1,19,9,1,21,1,0.047619,11.0,10,4,22,1,1,true,false,9,9
22,1,19,9,2,21,2,0.095238,11.0,10,4,22,1,1,true,false,13,13
22,1,19,9,3,21,2,0.095238,11.0,10,4,22,1,1,true,false,17,17
22,1,19,13,0,21,4,0.190476,11.0,10,4,22,1,1,true,true,5,5
22,1,19,13,1,21,1,0.047619,11.0,10,4,22,1,1,true,true,9,9
22,1,19,13,2,21,2,0.095238,11.0,10,4,22,1,1,true,true,13,13
22,1,19,13,3,21,2,0.095238,11.0,10,4,22,1,1,true,true,17,17
22,1,19,15,0,21,2,0.095238,11.0,10,4,22,1,1,true,false,5,5
22,1,19,15,1,21,2,0.095238,11.0,10,4,22,1,1,true,false,9,9
22,1,19,15,2,21,2,0.095238,11.0,10,4,22,1,1,true,false,13,13
22,1,19,15,3,21,1,0.047619,11.0,10,4,22,1,1,true,false,17,17
22,1,19,17,0,21,5,0.238095,11.0,10,4,22,1,1,true,true,5,5
22,1,19,17,1,21,1,0.047619,11.0,10,4,22,1,1,true,true,9,9
22,1,19,17,2,21,1,0.047619,11.0,10,4,22,1,1,true,true,13,13
22,1,19,17,3,21,2,0.095238,11.0,10,4,22,1,1,true,true,17,17
22,1,19,21,0,21,2,0.095238,11.0,10,4,22,1,1,true,false,5,5
22,1,19,21,1,21,2,0.095238,11.0,10,4,22,1,1,true,false,9,9
22,1,19,21,2,21,0,0.000000,11.0,10,4,22,1,1,true,false,13,13
22,1,19,21,3,21,0,0.000000,11.0,10,4,22,1,1,true,false,17,17
22,1,21,1,0,21,3,0.142857,11.0,10,4,22,1,1,false,false,5,5
22,1,21,1,1,21,2,0.095238,11.0,10,4,22,1,1,false,false,9,9
22,1,21,1,2,21,0,0.000000,11.0,10,4,22,1,1,false,false,13,13
22,1,21,1,3,21,0,0.000000,11.0,10,4,22,1,1,false,false,17,17
22,1,21,3,0,21,4,0.190476,11.0,10,4,22,1,1,false,true,5,5
22,1,21,3,1,21,1,0.047619,11.0,10,4,22,1,1,false,true,9,9
22,1,21,3,2,21,0,0.000000,11.0,10,4,22,1,1,false,true,13,13
22,1,21,3,3,21,0,0.000000,11.0,10,4,22,1,1,false,true,17,17
22,1,21,5,0,21,3,0.142857,11.0,10,4,22,1,1,false,true,5,5
22,1,21,5,1,21,0,0.000000,11.0,10,4,22,1,1,false,true,9,9
22,1,21,5,2,21,1,0.047619,11.0,10,4,22,1,1,false,true,13,13
22,1,21,5,3,21,1,0.047619,11.0,10,4,22,1,1,false,true,17,17
22,1,21,7,0,21,3,0.142857,11.0,10,4,22,1,1,false,true,5,5
22,1,21,7,1,21,2,0.095238,11.0,10,4,22,1,1,false,true,9,9
22,1,21,7,2,21,1,0.047619,11.0,10,4,22,1,1,false,true,13,13
22,1,21,7,3,21,1,0.047619,11.0,10,4,22,1,1,false,true,17,17
22,1,21,9,0,21,4,0.190476,11.0,10,4,22,1,1,false,false,5,5
22,1,21,9,1,21,1,0.047619,11.0,10,4,22,1,1,false,false,9,9
22,1,21,9,2,21,0,0.000000,11.0,10,4,22,1,1,false,false,13,13
22,1,21,9,3,21,0,0.000000,11.0,10,4,22,1,1,false,false,17,17
22,1,21,13,0,21,2,0.095238,11.0,10,4,22,1,1,false,true,5,5
22,1,21,13,1,21,2,0.095238,11.0,10,4,22,1,1,false,true,9,9
22,1,21,13,2,21,2,0.095238,11.0,10,4,22,1,1,false,true,13,13
22,1,21,13,3,21,1,0.047619,11.0,10,4,22,1,1,false,true,17,17
22,1,21,15,0,21,1,0.047619,11.0,10,4,22,1,1,false,false,5,5
22,1,21,15,1,21,4,0.190476,11.0,10,4,22,1,1,false,false,9,9
22,1,21,15,2,21,1,0.047619,11.0,10,4,22,1,1,false,false,13,13
22,1,21,15,3,21,2,0.095238,11.0,10,4,22,1,1,false,false,17,17
22,1,21,17,0,21,5,0.238095,11.0,10,4,22,1,1,false,true,5,5
22,1,21,17,1,21,2,0.095238,11.0,10,4,22,1,1,false,true,9,9
22,1,21,17,2,21,2,0.095238,11.0,10,4,22,1,1,false,true,13,13
22,1,21,17,3,21,3,0.142857,11.0,10,4,22,1,1,false,true,17,17
22,1,21,19,0,21,2,0.095238,11.0,10,4,22,1,1,false,true,5,5
22,1,21,19,1,21,0,0.000000,11.0,10,4,22,1,1,false,true,9,9
22,1,21,19,2,21,1,0.047619,11.0,10,4,22,1,1,false,true,13,13
22,1,21,19,3,21,1,0.047619,11.0,10,4,22,1,1,false,true,17,17
22,2,1,3,0,462,70,0.151515,11.0,10,4,22,1,1,false,true,6,6
22,2,1,3,1,462,35,0.075758,11.0,10,4,22,1,1,false,true,10,10
22,2,1,3,2,462,24,0.051948,11.0,10,4,22,1,1,false,true,14,14
22,2,1,3,3,462,15,0.032468,11.0,10,4,22,1,1,false,true,18,18
22,2,1,5,0,462,63,0.136364,11.0,10,4,22,1,1,false,true,6,6
22,2,1,5,1,462,36,0.077922,11.0,10,4,22,1,1,false,true,10,10
22,2,1,5,2,462,26,0.056277,11.0,10,4,22,1,1,false,true,14,14
22,2,1,5,3,462,22,0.047619,11.0,10,4,22,1,1,false,true,18,18
22,2,1,7,0,462,69,0.149351,11.0,10,4,22,1,1,false,true,6,6
22,2,1,7,1,462,44,0.095238,11.0,10,4,22,1,1,false,true,10,10
22,2,1,7,2,462,22,0.047619,11.0,10,4,22,1,1,false,true,14,14
22,2,1,7,3,462,15,0.032468,11.0,10,4,22,1,1,false,true,18,18
22,2,1,9,0,462,63,0.136364,11.0,10,4,22,1,1,false,false,6,6
22,2,1,9,1,462,34,0.073593,11.0,10,4,22,1,1,false,false,10,10
22,2,1,9,2,462,25,0.054113,11.0,10,4,22,1,1,false,false,14,14
22,2,1,9,3,462,24,0.051948,11.0,10,4,22,1,1,false,false,18,18
22,2,1,13,0,462,69,0.149351,11.0,10,4,22,1,1,false,true,6,6
22,2,1,13,1,462,40,0.086580,11.0,10,4,22,1,1,false,true,10,10
22,2,1,13,2,462,28,0.060606,11.0,10,4,22,1,1,false,true,14,14
22,2,1,13,3,462,21,0.045455,11.0,10,4,22,1,1,false,true,18,18
22,2,1,15,0,462,76,0.164502,11.0,10,4,22,1,1,false,false,6,6
22,2,1,15,1,462,41,0.088745,11.0,10,4,22,1,1,false,false,10,10
22,2,1,15,2,462,24,0.051948,11.0,10,4,22,1,1,false,false,14,14
22,2,1,15,3,462,23,0.049784,11.0,10,4,22,1,1,false,false,18,18
22,2,1,17,0,462,62,0.134199,11.0,10,4,22,1,1,false,true,6,6
22,2,1,17,1,462,38,0.082251,11.0,10,4,22,1,1,false,true,10,10
22,2,1,17,2,462,16,0.034632,11.0,10,4,22,1,1,false,true,14,14
22,2,1,17,3,462,18,0.038961,11.0,10,4,22,1,1,false,true,18,18
22,2,1,19,0,462,54,0.116883,11.0,10,4,22,1,1,false,true,6,6
22,2,1,19,1,462,36,0.077922,11.0,10,4,22,1,1,false,true,10,10
22,2,1,19,2,462,22,0.047619,11.0,10,4,22,1,1,false,true,14,14
22,2,1,19,3,462,16,0.034632,11.0,10,4,22,1,1,false,true,18,18
22,2,1,21,0,462,64,0.138528,11.0,10,4,22,1,1,false,false,6,6
22,2,1,21,1,462,35,0.075758,11.0,10,4,22,1,1,false,false,10,10
22,2,1,21,2,462,26,0.056277,11.0,10,4,22,1,1,false,false,14,14
22,2,1,21,3,462,22,0.047619,11.0,10,4,22,1,1,false,false,18,18
22,2,3,1,0,462,58,0.125541,11.0,10,4,22,1,1,true,false,6,6
22,2,3,1,1,462,26,0.056277,11.0,10,4,22,1,1,true,false,10,10
22,2,3,1,2,462,27,0.058442,11.0,10,4,22,1,1,true,false,14,14
22,2,3,1,3,462,19,0.041126,11.0,10,4,22,1,1,true,false,18,18
22,2,3,5,0,462,57,0.123377,11.0,10,4,22,1,1,true,true,6,6
22,2,3,5,1,462,42,0.090909,11.0,10,4,22,1,1,true,true,10,10
22,2,3,5,2,462,28,0.060606,11.0,10,4,22,1,1,true,true,14,14
22,2,3,5,3,462,16,0.034632,11.0,10,4,22,1,1,true,true,18,18
22,2,3,7,0,462,64,0.138528,11.0,10,4,22,1,1,true,true,6,6
22,2,3,7,1,462,34,0.073593,11.0,10,4,22,1,1,true,true,10,10
22,2,3,7,2,462,34,0.073593,11.0,10,4,22,1,1,true,true,14,14
22,2,3,7,3,462,21,0.045455,11.0,10,4,22,1,1,true,true,18,18
22,2,3,9,0,462,57,0.123377,11.0,10,4,22,1,1,true,false,6,6
22,2,3,9,1,462,33,0.071429,11.0,10,4,22,1,1,true,false,10,10
22,2,3,9,2,462,24,0.051948,11.0,10,4,22,1,1,true,false,14,14
22,2,3,9,3,462,23,0.049784,11.0,10,4,22,1,1,true,false,18,18
22,2,3,13,0,462,64,0.138528,11.0,10,4,22,1,1,true,true,6,6
22,2,3,13,1,462,30,0.064935,11.0,10,4,22,1,1,true,true,10,10
22,2,3,13,2,462,23,0.049784,11.0,10,4,22,1,1,true,true,14,14
22,2,3,13,3,462,10,0.021645,11.0,10,4,22,1,1,true,true,18,18
22,2,3,15,0,462,56,0.121212,11.0,10,4,22,1,1,true,false,6,6
22,2,3,15,1,462,38,0.082251,11.0,10,4,22,1,1,true,false,10,10
22,2,3,15,2,462,25,0.054113,11.0,10,4,22,1,1,true,false,14,14
22,2,3,15,3,462,20,0.043290,11.0,10,4,22,1,1,true,false,18,18
22,2,3,17,0,462,53,0.114719,11.0,10,4,22,1,1,true,true,6,6
22,2,3,17,1,462,37,0.080087,11.0,10,4,22,1,1,true,true,10,10
22,2,3,17,2,462,32,0.069264,11.0,10,4,22,1,1,true,true,14,14
22,2,3,17,3,462,24,0.051948,11.0,10,4,22,1,1,true,true,18,18
22,2,3,19,0,462,78,0.168831,11.0,10,4,22,1,1,true,true,6,6
22,2,3,19,1,462,42,0.090909,11.0,10,4,22,1,1,true,true,10,10
22,2,3,19,2,462,24,0.051948,11.0,10,4,22,1,1,true,true,14,14
22,2,3,19,3,462,21,0.045455,11.0,10,4,22,1,1,true,true,18,18
22,2,3,21,0,462,57,0.123377,11.0,10,4,22,1,1,true,false,6,6
22,2,3,21,1,462,29,0.062771,11.0,10,4,22,1,1,true,false,10,10
22,2,3,21,2,462,20,0.043290,11.0,10,4,22,1,1,true,false,14,14
22,2,3,21,3,462,19,0.041126,11.0,10,4,22,1,1,true,false,18,18
22,2,5,1,0,462,63,0.136364,11.0,10,4,22,1,1,true,false,6,6
22,2,5,1,1,462,36,0.077922,11.0,10,4,22,1,1,true,false,10,10
22,2,5,1,2,462,22,0.047619,11.0,10,4,22,1,1,true,false,14,14
22,2,5,1,3,462,16,0.034632,11.0,10,4,22,1,1,true,false,18,18
22,2,5,3,0,462,60,0.129870,11.0,10,4,22,1,1,true,true,6,6
22,2,5,3,1,462,38,0.082251,11.0,10,4,22,1,1,true,true,10,10
22,2,5,3,2,462,26,0.056277,11.0,10,4,22,1,1,true,true,14,14
22,2,5,3,3,462,25,0.054113,11.0,10,4,22,1,1,true,true,18,18
22,2,5,7,0,462,55,0.119048,11.0,10,4,22,1,1,true,true,6,6
22,2,5,7,1,462,36,0.077922,11.0,10,4,22,1,1,true,true,10,10
22,2,5,7,2,462,22,0.047619,11.0,10,4,22,1,1,true,true,14,14
22,2,5,7,3,462,14,0.030303,11.0,10,4,22,1,1,true,true,18,18
22,2,5,9,0,462,58,0.125541,11.0,10,4,22,1,1,true,false,6,6
22,2,5,9,1,462,24,0.051948,11.0,10,4,22,1,1,true,false,10,10
22,2,5,9,2,462,21,0.045455,11.0,10,4,22,1,1,true,false,14,14
22,2,5,9,3,462,22,0.047619,11.0,10,4,22,1,1,true,false,18,18
22,2,5,13,0,462,56,0.121212,11.0,10,4,22,1,1,true,true,6,6
22,2,5,13,1,462,42,0.090909,11.0,10,4,22,1,1,true,true,10,10
22,2,5,13,2,462,18,0.038961,11.0,10,4,22,1,1,true,true,14,14
22,2,5,13,3,462,26,0.056277,11.0,10,4,22,1,1,true,true,18,18
22,2,5,15,0,462,64,0.138528,11.0,10,4,22,1,1,true,false,6,6
22,2,5,15,1,462,34,0.073593,11.0,10,4,22,1,1,true,false,10,10
22,2,5,15,2,462,30,0.064935,11.0,10,4,22,1,1,true,false,14,14
22,2,5,15,3,462,16,0.034632,11.0,10,4,22,1,1,true,false,18,18
22,2,5,17,0,462,61,0.132035,11.0,10,4,22,1,1,true,true,6,6
22,2,5,17,1,462,31,0.067100,11.0,10,4,22,1,1,true,true,10,10
22,2,5,17,2,462,24,0.051948,11.0,10,4,22,1,1,true,true,14,14
22,2,5,17,3,462,21,0.045455,11.0,10,4,22,1,1,true,true,18,18
22,2,5,19,0,462,51,0.110390,11.0,10,4,22,1,1,true,true,6,6
22,2,5,19,1,462,27,0.058442,11.0,10,4,22,1,1,true,true,10,10
22,2,5,19,2,462,21,0.045455,11.0,10,4,22,1,1,true,true,14,14
22,2,5,19,3,462,14,0.030303,11.0,10,4,22,1,1,true,true,18,18
22,2,5,21,0,462,59,0.127706,11.0,10,4,22,1,1,true,false,6,6
22,2,5,21,1,462,29,0.062771,11.0,10,4,22,1,1,true,false,10,10
22,2,5,21,2,462,24,0.051948,11.0,10,4,22,1,1,true,false,14,14
22,2,5,21,3,462,25,0.054113,11.0,10,4,22,1,1,true,false,18,18
22,2,7,1,0,462,48,0.103896,11.0,10,4,22,1,1,true,false,6,6
22,2,7,1,1,462,43,0.093074,11.0,10,4,22,1,1,true,false,10,10
22,2,7,1,2,462,23,0.049784,11.0,10,4,22,1,1,true,false,14,14
22,2,7,1,3,462,16,0.034632,11.0,10,4,22,1,1,true,false,18,18
22,2,7,3,0,462,58,0.125541,11.0,10,4,22,1,1,true,true,6,6
22,2,7,3,1,462,38,0.082251,11.0,10,4,22,1,1,true,true,10,10
22,2,7,3,2,462,25,0.054113,11.0,10,4,22,1,1,true,true,14,14
22,2,7,3,3,462,19,0.041126,11.0,10,4,22,1,1,true,true,18,18
22,2,7,5,0,462,57,0.123377,11.0,10,4,22,1,1,true,true,6,6
22,2,7,5,1,462,43,0.093074,11.0,10,4,22,1,1,true,true,10,10
22,2,7,5,2,462,18,0.038961,11.0,10,4,22,1,1,true,true,14,14
22,2,7,5,3,462,10,0.021645,11.0,10,4,22,1,1,true,true,18,18
22,2,7,9,0,462,58,0.125541,11.0,10,4,22,1,1,true,false,6,6
22,2,7,9,1,462,36,0.077922,11.0,10,4,22,1,1,true,false,10,10
22,2,7,9,2,462,24,0.051948,11.0,10,4,22,1,1,true,false,14,14
22,2,7,9,3,462,13,0.028139,11.0,10,4,22,1,1,true,false,18,18
22,2,7,13,0,462,68,0.147186,11.0,10,4,22,1,1,true,true,6,6
22,2,7,13,1,462,28,0.060606,11.0,10,4,22,1,1,true,true,10,10
22,2,7,13,2,462,24,0.051948,11.0,10,4,22,1,1,true,true,14,14
22,2,7,13,3,462,24,0.051948,11.0,10,4,22,1,1,true,true,18,18
22,2,7,15,0,462,64,0.138528,11.0,10,4,22,1,1,true,false,6,6
22,2,7,15,1,462,25,0.054113,11.0,10,4,22,1,1,true,false,10,10
22,2,7,15,2,462,25,0.054113,11.0,10,4,22,1,1,true,false,14,14
22,2,7,15,3,462,20,0.043290,11.0,10,4,22,1,1,true,false,18,18
22,2,7,17,0,462,59,0.127706,11.0,10,4,22,1,1,true,true,6,6
22,2,7,17,1,462,41,0.088745,11.0,10,4,22,1,1,true,true,10,10
22,2,7,17,2,462,18,0.038961,11.0,10,4,22,1,1,true,true,14,14
22,2,7,17,3,462,17,0.036797,11.0,10,4,22,1,1,true,true,18,18
22,2,7,19,0,462,43,0.093074,11.0,10,4,22,1,1,true,true,6,6
22,2,7,19,1,462,30,0.064935,11.0,10,4,22,1,1,true,true,10,10
22,2,7,19,2,462,28,0.060606,11.0,10,4,22,1,1,true,true,14,14
22,2,7,19,3,462,23,0.049784,11.0,10,4,22,1,1,true,true,18,18
22,2,7,21,0,462,52,0.112554,11.0,10,4,22,1,1,true,false,6,6
22,2,7,21,1,462,29,0.062771,11.0,10,4,22,1,1,true,false,10,10
22,2,7,21,2,462,23,0.049784,11.0,10,4,22,1,1,true,false,14,14
22,2,7,21,3,462,22,0.047619,11.0,10,4,22,1,1,true,false,18,18
22,2,9,1,0,462,67,0.145022,11.0,10,4,22,1,1,false,false,6,6
22,2,9,1,1,462,30,0.064935,11.0,10,4,22,1,1,false,false,10,10
22,2,9,1,2,462,21,0.045455,11.0,10,4,22,1,1,false,false,14,14
22,2,9,1,3,462,21,0.045455,11.0,10,4,22,1,1,false,false,18,18
22,2,9,3,0,462,48,0.103896,11.0,10,4,22,1,1,false,true,6,6
22,2,9,3,1,462,33,0.071429,11.0,10,4,22,1,1,false,true,10,10
22,2,9,3,2,462,26,0.056277,11.0,10,4,22,1,1,false,true,14,14
22,2,9,3,3,462,16,0.034632,11.0,10,4,22,1,1,false,true,18,18
22,2,9,5,0,462,51,0.110390,11.0,10,4,22,1,1,false,true,6,6
22,2,9,5,1,462,31,0.067100,11.0,10,4,22,1,1,false,true,10,10
22,2,9,5,2,462,28,0.060606,11.0,10,4,22,1,1,false,true,14,14
22,2,9,5,3,462,20,0.043290,11.0,10,4,22,1,1,false,true,18,18
22,2,9,7,0,462,46,0.099567,11.0,10,4,22,1,1,false,true,6,6
22,2,9,7,1,462,37,0.080087,11.0,10,4,22,1,1,false,true,10,10
22,2,9,7,2,462,25,0.054113,11.0,10,4,22,1,1,false,true,14,14
22,2,9,7,3,462,24,0.051948,11.0,10,4,22,1,1,false,true,18,18
22,2,9,13,0,462,57,0.123377,11.0,10,4,22,1,1,false,true,6,6
22,2,9,13,1,462,23,0.049784,11.0,10,4,22,1,1,false,true,10,10
22,2,9,13,2,462,29,0.062771,11.0,10,4,22,1,1,false,true,14,14
22,2,9,13,3,462,18,0.038961,11.0,10,4,22,1,1,false,true,18,18
22,2,9,15,0,462,60,0.129870,11.0,10,4,22,1,1,false,false,6,6
22,2,9,15,1,462,28,0.060606,11.0,10,4,22,1,1,false,false,10,10
22,2,9,15,2,462,25,0.054113,11.0,10,4,22,1,1,false,false,14,14
22,2,9,15,3,462,24,0.051948,11.0,10,4,22,1,1,false,false,18,18
22,2,9,17,0,462,63,0.136364,11.0,10,4,22,1,1,false,true,6,6
22,2,9,17,1,462,31,0.067100,11.0,10,4,22,1,1,false,true,10,10
22,2,9,17,2,462,25,0.054113,11.0,10,4,22,1,1,false,true,14,14
22,2,9,17,3,462,20,0.043290,11.0,10,4,22,1,1,false,true,18,18
22,2,9,19,0,462,59,0.127706,11.0,10,4,22,1,1,false,true,6,6
22,2,9,19,1,462,33,0.071429,11.0,10,4,22,1,1,false,true,10,10
22,2,9,19,2,462,24,0.051948,11.0,10,4,22,1,1,false,true,14,14
22,2,9,19,3,462,15,0.032468,11.0,10,4,22,1,1,false,true,18,18
22,2,9,21,0,462,60,0.129870,11.0,10,4,22,1,1,false,false,6,6
22,2,9,21,1,462,35,0.075758,11.0,10,4,22,1,1,false,false,10,10
22,2,9,21,2,462,22,0.047619,11.0,10,4,22,1,1,false,false,14,14
22,2,9,21,3,462,17,0.036797,11.0,10,4,22,1,1,false,false,18,18
22,2,13,1,0,462,57,0.123377,11.0,10,4,22,1,1,true,false,6,6
22,2,13,1,1,462,35,0.075758,11.0,10,4,22,1,1,true,false,10,10
22,2,13,1,2,462,25,0.054113,11.0,10,4,22,1,1,true,false,14,14
22,2,13,1,3,462,15,0.032468,11.0,10,4,22,1,1,true,false,18,18
22,2,13,3,0,462,60,0.129870,11.0,10,4,22,1,1,true,true,6,6
22,2,13,3,1,462,26,0.056277,11.0,10,4,22,1,1,true,true,10,10
22,2,13,3,2,462,28,0.060606,11.0,10,4,22,1,1,true,true,14,14
22,2,13,3,3,462,14,0.030303,11.0,10,4,22,1,1,true,true,18,18
22,2,13,5,0,462,58,0.125541,11.0,10,4,22,1,1,true,true,6,6
22,2,13,5,1,462,36,0.077922,11.0,10,4,22,1,1,true,true,10,10
22,2,13,5,2,462,25,0.054113,11.0,10,4,22,1,1,true,true,14,14
22,2,13,5,3,462,17,0.036797,11.0,10,4,22,1,1,true,true,18,18
22,2,13,7,0,462,50,0.108225,11.0,10,4,22,1,1,true,true,6,6
22,2,13,7,1,462,28,0.060606,11.0,10,4,22,1,1,true,true,10,10
22,2,13,7,2,462,16,0.034632,11.0,10,4,22,1,1,true,true,14,14
22,2,13,7,3,462,16,0.034632,11.0,10,4,22,1,1,true,true,18,18
22,2,13,9,0,462,56,0.121212,11.0,10,4,22,1,1,true,false,6,6
22,2,13,9,1,462,37,0.080087,11.0,10,4,22,1,1,true,false,10,10
22,2,13,9,2,462,21,0.045455,11.0,10,4,22,1,1,true,false,14,14
22,2,13,9,3,462,16,0.034632,11.0,10,4,22,1,1,true,false,18,18
22,2,13,15,0,462,59,0.127706,11.0,10,4,22,1,1,true,false,6,6
22,2,13,15,1,462,24,0.051948,11.0,10,4,22,1,1,true,false,10,10
22,2,13,15,2,462,26,0.056277,11.0,10,4,22,1,1,true,false,14,14
22,2,13,15,3,462,16,0.034632,11.0,10,4,22,1,1,true,false,18,18
22,2,13,17,0,462,54,0.116883,11.0,10,4,22,1,1,true,true,6,6
22,2,13,17,1,462,37,0.080087,11.0,10,4,22,1,1,true,true,10,10
22,2,13,17,2,462,26,0.056277,11.0,10,4,22,1,1,true,true,14,14
22,2,13,17,3,462,19,0.041126,11.0,10,4,22,1,1,true,true,18,18
22,2,13,19,0,462,49,0.106061,11.0,10,4,22,1,1,true,true,6,6
22,2,13,19,1,462,41,0.088745,11.0,10,4,22,1,1,true,true,10,10
22,2,13,19,2,462,22,0.047619,11.0,10,4,22,1,1,true,true,14,14
22,2,13,19,3,462,21,0.045455,11.0,10,4,22,1,1,true,true,18,18
22,2,13,21,0,462,60,0.129870,11.0,10,4,22,1,1,true,false,6,6
22,2,13,21,1,462,29,0.062771,11.0,10,4,22,1,1,true,false,10,10
22,2,13,21,2,462,24,0.051948,11.0,10,4,22,1,1,true,false,14,14
22,2,13,21,3,462,15,0.032468,11.0,10,4,22,1,1,true,false,18,18
22,2,15,1,0,462,52,0.112554,11.0,10,4,22,1,1,false,false,6,6
22,2,15,1,1,462,29,0.062771,11.0,10,4,22,1,1,false,false,10,10
22,2,15,1,2,462,23,0.049784,11.0,10,4,22,1,1,false,false,14,14
22,2,15,1,3,462,20,0.043290,11.0,10,4,22,1,1,false,false,18,18
22,2,15,3,0,462,45,0.097403,11.0,10,4,22,1,1,false,true,6,6
22,2,15,3,1,462,37,0.080087,11.0,10,4,22,1,1,false,true,10,10
22,2,15,3,2,462,31,0.067100,11.0,10,4,22,1,1,false,true,14,14
22,2,15,3,3,462,21,0.045455,11.0,10,4,22,1,1,false,true,18,18
22,2,15,5,0,462,60,0.129870,11.0,10,4,22,1,1,false,true,6,6
22,2,15,5,1,462,27,0.058442,11.0,10,4,22,1,1,false,true,10,10
22,2,15,5,2,462,24,0.051948,11.0,10,4,22,1,1,false,true,14,14
22,2,15,5,3,462,22,0.047619,11.0,10,4,22,1,1,false,true,18,18
22,2,15,7,0,462,57,0.123377,11.0,10,4,22,1,1,false,true,6,6
22,2,15,7,1,462,27,0.058442,11.0,10,4,22,1,1,false,true,10,10
22,2,15,7,2,462,28,0.060606,11.0,10,4,22,1,1,false,true,14,14
22,2,15,7,3,462,18,0.038961,11.0,10,4,22,1,1,false,true,18,18
22,2,15,9,0,462,62,0.134199,11.0,10,4,22,1,1,false,false,6,6
22,2,15,9,1,462,35,0.075758,11.0,10,4,22,1,1,false,false,10,10
22,2,15,9,2,462,29,0.062771,11.0,10,4,22,1,1,false,false,14,14
22,2,15,9,3,462,13,0.028139,11.0,10,4,22,1,1,false,false,18,18
22,2,15,13,0,462,60,0.129870,11.0,10,4,22,1,1,false,true,6,6
22,2,15,13,1,462,35,0.075758,11.0,10,4,22,1,1,false,true,10,10
22,2,15,13,2,462,21,0.045455,11.0,10,4,22,1,1,false,true,14,14
22,2,15,13,3,462,26,0.056277,11.0,10,4,22,1,1,false,true,18,18
22,2,15,17,0,462,62,0.134199,11.0,10,4,22,1,1,false,true,6,6
22,2,15,17,1,462,35,0.075758,11.0,10,4,22,1,1,false,true,10,10
22,2,15,17,2,462,26,0.056277,11.0,10,4,22,1,1,false,true,14,14
22,2,15,17,3,462,14,0.030303,11.0,10,4,22,1,1,false,true,18,18
22,2,15,19,0,462,56,0.121212,11.0,10,4,22,1,1,false,true,6,6
22,2,15,19,1,462,39,0.084416,11.0,10,4,22,1,1,false,true,10,10
22,2,15,19,2,462,25,0.054113,11.0,10,4,22,1,1,false,true,14,14
22,2,15,19,3,462,21,0.045455,11.0,10,4,22,1,1,false,true,18,18
22,2,15,21,0,462,57,0.123377,11.0,10,4,22,1,1,false,false,6,6
22,2,15,21,1,462,29,0.062771,11.0,10,4,22,1,1,false,false,10,10
22,2,15,21,2,462,26,0.056277,11.0,10,4,22,1,1,false,false,14,14
22,2,15,21,3,462,21,0.045455,11.0,10,4,22,1,1,false,false,18,18
22,2,17,1,0,462,61,0.132035,11.0,10,4,22,1,1,true,false,6,6
22,2,17,1,1,462,21,0.045455,11.0,10,4,22,1,1,true,false,10,10
22,2,17,1,2,462,26,0.056277,11.0,10,4,22,1,1,true,false,14,14
22,2,17,1,3,462,17,0.036797,11.0,10,4,22,1,1,true,false,18,18
22,2,17,3,0,462,51,0.110390,11.0,10,4,22,1,1,true,true,6,6
22,2,17,3,1,462,37,0.080087,11.0,10,4,22,1,1,true,true,10,10
22,2,17,3,2,462,25,0.054113,11.0,10,4,22,1,1,true,true,14,14
22,2,17,3,3,462,23,0.049784,11.0,10,4,22,1,1,true,true,18,18
22,2,17,5,0,462,69,0.149351,11.0,10,4,22,1,1,true,true,6,6
22,2,17,5,1,462,28,0.060606,11.0,10,4,22,1,1,true,true,10,10
22,2,17,5,2,462,20,0.043290,11.0,10,4,22,1,1,true,true,14,14
22,2,17,5,3,462,21,0.045455,11.0,10,4,22,1,1,true,true,18,18
22,2,17,7,0,462,58,0.125541,11.0,10,4,22,1,1,true,true,6,6
22,2,17,7,1,462,34,0.073593,11.0,10,4,22,1,1,true,true,10,10
22,2,17,7,2,462,19,0.041126,11.0,10,4,22,1,1,true,true,14,14
22,2,17,7,3,462,16,0.034632,11.0,10,4,22,1,1,true,true,18,18
22,2,17,9,0,462,49,0.106061,11.0,10,4,22,1,1,true,false,6,6
22,2,17,9,1,462,33,0.071429,11.0,10,4,22,1,1,true,false,10,10
22,2,17,9,2,462,34,0.073593,11.0,10,4,22,1,1,true,false,14,14
22,2,17,9,3,462,26,0.056277,11.0,10,4,22,1,1,true,false,18,18
22,2,17,13,0,462,60,0.129870,11.0,10,4,22,1,1,true,true,6,6
22,2,17,13,1,462,38,0.082251,11.0,10,4,22,1,1,true,true,10,10
22,2,17,13,2,462,24,0.051948,11.0,10,4,22,1,1,true,true,14,14
22,2,17,13,3,462,15,0.032468,11.0,10,4,22,1,1,true,true,18,18
22,2,17,15,0,462,50,0.108225,11.0,10,4,22,1,1,true,false,6,6
22,2,17,15,1,462,26,0.056277,11.0,10,4,22,1,1,true,false,10,10
22,2,17,15,2,462,20,0.043290,11.0,10,4,22,1,1,true,false,14,14
22,2,17,15,3,462,16,0.034632,11.0,10,4,22,1,1,true,false,18,18
22,2,17,19,0,462,50,0.108225,11.0,10,4,22,1,1,true,true,6,6
22,2,17,19,1,462,32,0.069264,11.0,10,4,22,1,1,true,true,10,10
22,2,17,19,2,462,31,0.067100,11.0,10,4,22,1,1,true,true,14,14
22,2,17,19,3,462,15,0.032468,11.0,10,4,22,1,1,true,true,18,18
22,2,17,21,0,462,66,0.142857,11.0,10,4,22,1,1,true,false,6,6
22,2,17,21,1,462,32,0.069264,11.0,10,4,22,1,1,true,false,10,10
22,2,17,21,2,462,23,0.049784,11.0,10,4,22,1,1,true,false,14,14
22,2,17,21,3,462,21,0.045455,11.0,10,4,22,1,1,true,false,18,18
22,2,19,1,0,462,60,0.129870,11.0,10,4,22,1,1,true,false,6,6
22,2,19,1,1,462,31,0.067100,11.0,10,4,22,1,1,true,false,10,10
22,2,19,1,2,462,24,0.051948,11.0,10,4,22,1,1,true,false,14,14
22,2,19,1,3,462,15,0.032468,11.0,10,4,22,1,1,true,false,18,18
22,2,19,3,0,462,46,0.099567,11.0,10,4,22,1,1,true,true,6,6
22,2,19,3,1,462,29,0.062771,11.0,10,4,22,1,1,true,true,10,10
22,2,19,3,2,462,22,0.047619,11.0,10,4,22,1,1,true,true,14,14
22,2,19,3,3,462,15,0.032468,11.0,10,4,22,1,1,true,true,18,18
22,2,19,5,0,462,56,0.121212,11.0,10,4,22,1,1,true,true,6,6
22,2,19,5,1,462,34,0.073593,11.0,10,4,22,1,1,true,true,10,10
22,2,19,5,2,462,20,0.043290,11.0,10,4,22,1,1,true,true,14,14
22,2,19,5,3,462,15,0.032468,11.0,10,4,22,1,1,true,true,18,18
22,2,19,7,0,462,59,0.127706,11.0,10,4,22,1,1,true,true,6,6
22,2,19,7,1,462,31,0.067100,11.0,10,4,22,1,1,true,true,10,10
22,2,19,7,2,462,20,0.043290,11.0,10,4,22,1,1,true,true,14,14
22,2,19,7,3,462,11,0.023810,11.0,10,4,22,1,1,true,true,18,18
22,2,19,9,0,462,60,0.129870,11.0,10,4,22,1,1,true,false,6,6
22,2,19,9,1,462,32,0.069264,11.0,10,4,22,1,1,true,false,10,10
22,2,19,9,2,462,25,0.054113,11.0,10,4,22,1,1,true,false,14,14
22,2,19,9,3,462,13,0.028139,11.0,10,4,22,1,1,true,false,18,18
22,2,19,13,0,462,49,0.106061,11.0,10,4,22,1,1,true,true,6,6
22,2,19,13,1,462,39,0.084416,11.0,10,4,22,1,1,true,true,10,10
22,2,19,13,2,462,20,0.043290,11.0,10,4,22,1,1,true,true,14,14
22,2,19,13,3,462,19,0.041126,11.0,10,4,22,1,1,true,true,18,18
22,2,19,15,0,462,56,0.121212,11.0,10,4,22,1,1,true,false,6,6
22,2,19,15,1,462,33,0.071429,11.0,10,4,22,1,1,true,false,10,10
22,2,19,15,2,462,28,0.060606,11.0,10,4,22,1,1,true,false,14,14
22,2,19,15,3,462,14,0.030303,11.0,10,4,22,1,1,true,false,18,18
22,2,19,17,0,462,52,0.112554,11.0,10,4,22,1,1,true,true,6,6
22,2,19,17,1,462,33,0.071429,11.0,10,4,22,1,1,true,true,10,10
22,2,19,17,2,462,21,0.045455,11.0,10,4,22,1,1,true,true,14,14
22,2,19,17,3,462,22,0.047619,11.0,10,4,22,1,1,true,true,18,18
22,2,19,21,0,462,54,0.116883,11.0,10,4,22,1,1,true,false,6,6
22,2,19,21,1,462,39,0.084416,11.0,10,4,22,1,1,true,false,10,10
22,2,19,21,2,462,19,0.041126,11.0,10,4,22,1,1,true,false,14,14
22,2,19,21,3,462,19,0.041126,11.0,10,4,22,1,1,true,false,18,18
22,2,21,1,0,462,68,0.147186,11.0,10,4,22,1,1,false,false,6,6
22,2,21,1,1,462,36,0.077922,11.0,10,4,22,1,1,false,false,10,10
22,2,21,1,2,462,21,0.045455,11.0,10,4,22,1,1,false,false,14,14
22,2,21,1,3,462,24,0.051948,11.0,10,4,22,1,1,false,false,18,18
22,2,21,3,0,462,58,0.125541,11.0,10,4,22,1,1,false,true,6,6
22,2,21,3,1,462,30,0.064935,11.0,10,4,22,1,1,false,true,10,10
22,2,21,3,2,462,28,0.060606,11.0,10,4,22,1,1,false,true,14,14
22,2,21,3,3,462,23,0.049784,11.0,10,4,22,1,1,false,true,18,18
22,2,21,5,0,462,45,0.097403,11.0,10,4,22,1,1,false,true,6,6
22,2,21,5,1,462,26,0.056277,11.0,10,4,22,1,1,false,true,10,10
22,2,21,5,2,462,16,0.034632,11.0,10,4,22,1,1,false,true,14,14
22,2,21,5,3,462,15,0.032468,11.0,10,4,22,1,1,false,true,18,18
22,2,21,7,0,462,57,0.123377,11.0,10,4,22,1,1,false,true,6,6
22,2,21,7,1,462,34,0.073593,11.0,10,4,22,1,1,false,true,10,10
22,2,21,7,2,462,33,0.071429,11.0,10,4,22,1,1,false,true,14,14
22,2,21,7,3,462,19,0.041126,11.0,10,4,22,1,1,false,true,18,18
22,2,21,9,0,462,59,0.127706,11.0,10,4,22,1,1,false,false,6,6
22,2,21,9,1,462,33,0.071429,11.0,10,4,22,1,1,false,false,10,10
22,2,21,9,2,462,17,0.036797,11.0,10,4,22,1,1,false,false,14,14
22,2,21,9,3,462,26,0.056277,11.0,10,4,22,1,1,false,false,18,18
22,2,21,13,0,462,57,0.123377,11.0,10,4,22,1,1,false,true,6,6
22,2,21,13,1,462,43,0.093074,11.0,10,4,22,1,1,false,true,10,10
22,2,21,13,2,462,21,0.045455,11.0,10,4,22,1,1,false,true,14,14
22,2,21,13,3,462,17,0.036797,11.0,10,4,22,1,1,false,true,18,18
22,2,21,15,0,462,58,0.125541,11.0,10,4,22,1,1,false,false,6,6
22,2,21,15,1,462,24,0.051948,11.0,10,4,22,1,1,false,false,10,10
22,2,21,15,2,462,28,0.060606,11.0,10,4,22,1,1,false,false,14,14
22,2,21,15,3,462,22,0.047619,11.0,10,4,22,1,1,false,false,18,18
22,2,21,17,0,462,50,0.108225,11.0,10,4,22,1,1,false,true,6,6
22,2,21,17,1,462,32,0.069264,11.0,10,4,22,1,1,false,true,10,10
22,2,21,17,2,462,30,0.064935,11.0,10,4,22,1,1,false,true,14,14
22,2,21,17,3,462,17,0.036797,11.0,10,4,22,1,1,false,true,18,18
22,2,21,19,0,462,55,0.119048,11.0,10,4,22,1,1,false,true,6,6
22,2,21,19,1,462,36,0.077922,11.0,10,4,22,1,1,false,true,10,10
22,2,21,19,2,462,18,0.038961,11.0,10,4,22,1,1,false,true,14,14
22,2,21,19,3,462,22,0.047619,11.0,10,4,22,1,1,false,true,18,18
22,3,1,3,0,10164,1201,0.118162,11.0,10,4,22,1,1,false,true,7,7
22,3,1,3,1,10164,717,0.070543,11.0,10,4,22,1,1,false,true,11,11
22,3,1,3,2,10164,528,0.051948,11.0,10,4,22,1,1,false,true,15,15
22,3,1,3,3,10164,433,0.042601,11.0,10,4,22,1,1,false,true,19,19
22,3,1,5,0,10164,1207,0.118752,11.0,10,4,22,1,1,false,true,7,7
22,3,1,5,1,10164,692,0.068083,11.0,10,4,22,1,1,false,true,11,11
22,3,1,5,2,10164,464,0.045651,11.0,10,4,22,1,1,false,true,15,15
22,3,1,5,3,10164,415,0.040830,11.0,10,4,22,1,1,false,true,19,19
22,3,1,7,0,10164,1199,0.117965,11.0,10,4,22,1,1,false,true,7,7
22,3,1,7,1,10164,755,0.074282,11.0,10,4,22,1,1,false,true,11,11
22,3,1,7,2,10164,503,0.049488,11.0,10,4,22,1,1,false,true,15,15
22,3,1,7,3,10164,446,0.043880,11.0,10,4,22,1,1,false,true,19,19
22,3,1,9,0,10164,1183,0.116391,11.0,10,4,22,1,1,false,false,7,7
22,3,1,9,1,10164,717,0.070543,11.0,10,4,22,1,1,false,false,11,11
22,3,1,9,2,10164,524,0.051555,11.0,10,4,22,1,1,false,false,15,15
22,3,1,9,3,10164,407,0.040043,11.0,10,4,22,1,1,false,false,19,19
22,3,1,13,0,10164,1188,0.116883,11.0,10,4,22,1,1,false,true,7,7
22,3,1,13,1,10164,708,0.069658,11.0,10,4,22,1,1,false,true,11,11
22,3,1,13,2,10164,524,0.051555,11.0,10,4,22,1,1,false,true,15,15
22,3,1,13,3,10164,429,0.042208,11.0,10,4,22,1,1,false,true,19,19
22,3,1,15,0,10164,1187,0.116785,11.0,10,4,22,1,1,false,false,7,7
22,3,1,15,1,10164,751,0.073888,11.0,10,4,22,1,1,false,false,11,11
22,3,1,15,2,10164,522,0.051358,11.0,10,4,22,1,1,false,false,15,15
22,3,1,15,3,10164,407,0.040043,11.0,10,4,22,1,1,false,false,19,19
22,3,1,17,0,10164,1182,0.116293,11.0,10,4,22,1,1,false,true,7,7
22,3,1,17,1,10164,682,0.067100,11.0,10,4,22,1,1,false,true,11,11
22,3,1,17,2,10164,503,0.049488,11.0,10,4,22,1,1,false,true,15,15
22,3,1,17,3,10164,367,0.036108,11.0,10,4,22,1,1,false,true,19,19
22,3,1,19,0,10164,1144,0.112554,11.0,10,4,22,1,1,false,true,7,7
22,3,1,19,1,10164,688,0.067690,11.0,10,4,22,1,1,false,true,11,11
22,3,1,19,2,10164,525,0.051653,11.0,10,4,22,1,1,false,true,15,15
22,3,1,19,3,10164,409,0.040240,11.0,10,4,22,1,1,false,true,19,19
22,3,1,21,0,10164,1189,0.116982,11.0,10,4,22,1,1,false,false,7,7
22,3,1,21,1,10164,719,0.070740,11.0,10,4,22,1,1,false,false,11,11
22,3,1,21,2,10164,499,0.049095,11.0,10,4,22,1,1,false,false,15,15
22,3,1,21,3,10164,409,0.040240,11.0,10,4,22,1,1,false,false,19,19
22,3,3,1,0,10164,1135,0.111669,11.0,10,4,22,1,1,true,false,7,7
22,3,3,1,1,10164,715,0.070346,11.0,10,4,22,1,1,true,false,11,11
22,3,3,1,2,10164,517,0.050866,11.0,10,4,22,1,1,true,false,15,15
22,3,3,1,3,10164,390,0.038371,11.0,10,4,22,1,1,true,false,19,19
22,3,3,5,0,10164,1127,0.110882,11.0,10,4,22,1,1,true,true,7,7
22,3,3,5,1,10164,689,0.067788,11.0,10,4,22,1,1,true,true,11,11
22,3,3,5,2,10164,537,0.052834,11.0,10,4,22,1,1,true,true,15,15
22,3,3,5,3,10164,413,0.040634,11.0,10,4,22,1,1,true,true,19,19
22,3,3,7,0,10164,1126,0.110783,11.0,10,4,22,1,1,true,true,7,7
22,3,3,7,1,10164,720,0.070838,11.0,10,4,22,1,1,true,true,11,11
22,3,3,7,2,10164,465,0.045750,11.0,10,4,22,1,1,true,true,15,15
22,3,3,7,3,10164,389,0.038272,11.0,10,4,22,1,1,true,true,19,19
22,3,3,9,0,10164,1142,0.112357,11.0,10,4,22,1,1,true,false,7,7
22,3,3,9,1,10164,712,0.070051,11.0,10,4,22,1,1,true,false,11,11
22,3,3,9,2,10164,499,0.049095,11.0,10,4,22,1,1,true,false,15,15
22,3,3,9,3,10164,403,0.039650,11.0,10,4,22,1,1,true,false,19,19
22,3,3,13,0,10164,1140,0.112161,11.0,10,4,22,1,1,true,true,7,7
22,3,3,13,1,10164,720,0.070838,11.0,10,4,22,1,1,true,true,11,11
22,3,3,13,2,10164,494,0.048603,11.0,10,4,22,1,1,true,true,15,15
22,3,3,13,3,10164,404,0.039748,11.0,10,4,22,1,1,true,true,19,19
22,3,3,15,0,10164,1133,0.111472,11.0,10,4,22,1,1,true,false,7,7
22,3,3,15,1,10164,740,0.072806,11.0,10,4,22,1,1,true,false,11,11
22,3,3,15,2,10164,500,0.049193,11.0,10,4,22,1,1,true,false,15,15
22,3,3,15,3,10164,381,0.037485,11.0,10,4,22,1,1,true,false,19,19
22,3,3,17,0,10164,1128,0.110980,11.0,10,4,22,1,1,true,true,7,7
22,3,3,17,1,10164,698,0.068674,11.0,10,4,22,1,1,true,true,11,11
22,3,3,17,2,10164,516,0.050767,11.0,10,4,22,1,1,true,true,15,15
22,3,3,17,3,10164,418,0.041126,11.0,10,4,22,1,1,true,true,19,19
22,3,3,19,0,10164,1079,0.106159,11.0,10,4,22,1,1,true,true,7,7
22,3,3,19,1,10164,711,0.069953,11.0,10,4,22,1,1,true,true,11,11
22,3,3,19,2,10164,479,0.047127,11.0,10,4,22,1,1,true,true,15,15
22,3,3,19,3,10164,428,0.042109,11.0,10,4,22,1,1,true,true,19,19
22,3,3,21,0,10164,1136,0.111767,11.0,10,4,22,1,1,true,false,7,7
22,3,3,21,1,10164,697,0.068575,11.0,10,4,22,1,1,true,false,11,11
22,3,3,21,2,10164,487,0.047914,11.0,10,4,22,1,1,true,false,15,15
22,3,3,21,3,10164,400,0.039355,11.0,10,4,22,1,1,true,false,19,19
22,3,5,1,0,10164,1132,0.111373,11.0,10,4,22,1,1,true,false,7,7
22,3,5,1,1,10164,694,0.068280,11.0,10,4,22,1,1,true,false,11,11
22,3,5,1,2,10164,469,0.046143,11.0,10,4,22,1,1,true,false,15,15
22,3,5,1,3,10164,420,0.041322,11.0,10,4,22,1,1,true,false,19,19
22,3,5,3,0,10164,1139,0.112062,11.0,10,4,22,1,1,true,true,7,7
22,3,5,3,1,10164,673,0.066214,11.0,10,4,22,1,1,true,true,11,11
22,3,5,3,2,10164,510,0.050177,11.0,10,4,22,1,1,true,true,15,15
22,3,5,3,3,10164,376,0.036993,11.0,10,4,22,1,1,true,true,19,19
22,3,5,7,0,10164,1101,0.108323,11.0,10,4,22,1,1,true,true,7,7
22,3,5,7,1,10164,664,0.065329,11.0,10,4,22,1,1,true,true,11,11
22,3,5,7,2,10164,492,0.048406,11.0,10,4,22,1,1,true,true,15,15
22,3,5,7,3,10164,366,0.036009,11.0,10,4,22,1,1,true,true,19,19
22,3,5,9,0,10164,1112,0.109406,11.0,10,4,22,1,1,true,false,7,7
22,3,5,9,1,10164,691,0.067985,11.0,10,4,22,1,1,true,false,11,11
22,3,5,9,2,10164,505,0.049685,11.0,10,4,22,1,1,true,false,15,15
22,3,5,9,3,10164,422,0.041519,11.0,10,4,22,1,1,true,false,19,19
22,3,5,13,0,10164,1092,0.107438,11.0,10,4,22,1,1,true,true,7,7
22,3,5,13,1,10164,676,0.066509,11.0,10,4,22,1,1,true,true,11,11
22,3,5,13,2,10164,487,0.047914,11.0,10,4,22,1,1,true,true,15,15
22,3,5,13,3,10164,381,0.037485,11.0,10,4,22,1,1,true,true,19,19
22,3,5,15,0,10164,1100,0.108225,11.0,10,4,22,1,1,true,false,7,7
22,3,5,15,1,10164,689,0.067788,11.0,10,4,22,1,1,true,false,11,11
22,3,5,15,2,10164,488,0.048013,11.0,10,4,22,1,1,true,false,15,15
22,3,5,15,3,10164,383,0.037682,11.0,10,4,22,1,1,true,false,19,19
22,3,5,17,0,10164,1087,0.106946,11.0,10,4,22,1,1,true,true,7,7
22,3,5,17,1,10164,708,0.069658,11.0,10,4,22,1,1,true,true,11,11
22,3,5,17,2,10164,481,0.047324,11.0,10,4,22,1,1,true,true,15,15
22,3,5,17,3,10164,356,0.035026,11.0,10,4,22,1,1,true,true,19,19
22,3,5,19,0,10164,1119,0.110094,11.0,10,4,22,1,1,true,true,7,7
22,3,5,19,1,10164,690,0.067887,11.0,10,4,22,1,1,true,true,11,11
22,3,5,19,2,10164,470,0.046242,11.0,10,4,22,1,1,true,true,15,15
22,3,5,19,3,10164,393,0.038666,11.0,10,4,22,1,1,true,true,19,19
22,3,5,21,0,10164,1095,0.107733,11.0,10,4,22,1,1,true,false,7,7
22,3,5,21,1,10164,637,0.062672,11.0,10,4,22,1,1,true,false,11,11
22,3,5,21,2,10164,492,0.048406,11.0,10,4,22,1,1,true,false,15,15
22,3,5,21,3,10164,388,0.038174,11.0,10,4,22,1,1,true,false,19,19
22,3,7,1,0,10164,1062,0.104486,11.0,10,4,22,1,1,true,false,7,7
22,3,7,1,1,10164,638,0.062771,11.0,10,4,22,1,1,true,false,11,11
22,3,7,1,2,10164,468,0.046045,11.0,10,4,22,1,1,true,false,15,15
22,3,7,1,3,10164,380,0.037387,11.0,10,4,22,1,1,true,false,19,19
22,3,7,3,0,10164,1103,0.108520,11.0,10,4,22,1,1,true,true,7,7
22,3,7,3,1,10164,668,0.065722,11.0,10,4,22,1,1,true,true,11,11
22,3,7,3,2,10164,506,0.049784,11.0,10,4,22,1,1,true,true,15,15
22,3,7,3,3,10164,405,0.039847,11.0,10,4,22,1,1,true,true,19,19
22,3,7,5,0,10164,1103,0.108520,11.0,10,4,22,1,1,true,true,7,7
22,3,7,5,1,10164,693,0.068182,11.0,10,4,22,1,1,true,true,11,11
22,3,7,5,2,10164,506,0.049784,11.0,10,4,22,1,1,true,true,15,15
22,3,7,5,3,10164,375,0.036895,11.0,10,4,22,1,1,true,true,19,19
22,3,7,9,0,10164,1118,0.109996,11.0,10,4,22,1,1,true,false,7,7
22,3,7,9,1,10164,722,0.071035,11.0,10,4,22,1,1,true,false,11,11
22,3,7,9,2,10164,487,0.047914,11.0,10,4,22,1,1,true,false,15,15
22,3,7,9,3,10164,362,0.035616,11.0,10,4,22,1,1,true,false,19,19
22,3,7,13,0,10164,1122,0.110390,11.0,10,4,22,1,1,true,true,7,7
22,3,7,13,1,10164,683,0.067198,11.0,10,4,22,1,1,true,true,11,11
22,3,7,13,2,10164,504,0.049587,11.0,10,4,22,1,1,true,true,15,15
22,3,7,13,3,10164,409,0.040240,11.0,10,4,22,1,1,true,true,19,19
22,3,7,15,0,10164,1075,0.105765,11.0,10,4,22,1,1,true,false,7,7
22,3,7,15,1,10164,703,0.069166,11.0,10,4,22,1,1,true,false,11,11
22,3,7,15,2,10164,513,0.050472,11.0,10,4,22,1,1,true,false,15,15
22,3,7,15,3,10164,363,0.035714,11.0,10,4,22,1,1,true,false,19,19
22,3,7,17,0,10164,1068,0.105077,11.0,10,4,22,1,1,true,true,7,7
22,3,7,17,1,10164,708,0.069658,11.0,10,4,22,1,1,true,true,11,11
22,3,7,17,2,10164,512,0.050374,11.0,10,4,22,1,1,true,true,15,15
22,3,7,17,3,10164,345,0.033943,11.0,10,4,22,1,1,true,true,19,19
22,3,7,19,0,10164,1083,0.106553,11.0,10,4,22,1,1,true,true,7,7
22,3,7,19,1,10164,677,0.066608,11.0,10,4,22,1,1,true,true,11,11
22,3,7,19,2,10164,469,0.046143,11.0,10,4,22,1,1,true,true,15,15
22,3,7,19,3,10164,359,0.035321,11.0,10,4,22,1,1,true,true,19,19
22,3,7,21,0,10164,1092,0.107438,11.0,10,4,22,1,1,true,false,7,7
22,3,7,21,1,10164,691,0.067985,11.0,10,4,22,1,1,true,false,11,11
22,3,7,21,2,10164,480,0.047226,11.0,10,4,22,1,1,true,false,15,15
22,3,7,21,3,10164,377,0.037092,11.0,10,4,22,1,1,true,false,19,19
22,3,9,1,0,10164,1053,0.103601,11.0,10,4,22,1,1,false,false,7,7
22,3,9,1,1,10164,664,0.065329,11.0,10,4,22,1,1,false,false,11,11
22,3,9,1,2,10164,472,0.046438,11.0,10,4,22,1,1,false,false,15,15
22,3,9,1,3,10164,419,0.041224,11.0,10,4,22,1,1,false,false,19,19
22,3,9,3,0,10164,1058,0.104093,11.0,10,4,22,1,1,false,true,7,7
22,3,9,3,1,10164,669,0.065821,11.0,10,4,22,1,1,false,true,11,11
22,3,9,3,2,10164,500,0.049193,11.0,10,4,22,1,1,false,true,15,15
22,3,9,3,3,10164,419,0.041224,11.0,10,4,22,1,1,false,true,19,19
22,3,9,5,0,10164,1095,0.107733,11.0,10,4,22,1,1,false,true,7,7
22,3,9,5,1,10164,682,0.067100,11.0,10,4,22,1,1,false,true,11,11
22,3,9,5,2,10164,491,0.048308,11.0,10,4,22,1,1,false,true,15,15
22,3,9,5,3,10164,426,0.041913,11.0,10,4,22,1,1,false,true,19,19
22,3,9,7,0,10164,1098,0.108028,11.0,10,4,22,1,1,false,true,7,7
22,3,9,7,1,10164,699,0.068772,11.0,10,4,22,1,1,false,true,11,11
22,3,9,7,2,10164,474,0.046635,11.0,10,4,22,1,1,false,true,15,15
22,3,9,7,3,10164,367,0.036108,11.0,10,4,22,1,1,false,true,19,19
22,3,9,13,0,10164,1071,0.105372,11.0,10,4,22,1,1,false,true,7,7
22,3,9,13,1,10164,650,0.063951,11.0,10,4,22,1,1,false,true,11,11
22,3,9,13,2,10164,499,0.049095,11.0,10,4,22,1,1,false,true,15,15
22,3,9,13,3,10164,394,0.038764,11.0,10,4,22,1,1,false,true,19,19
22,3,9,15,0,10164,1065,0.104782,11.0,10,4,22,1,1,false,false,7,7
22,3,9,15,1,10164,634,0.062377,11.0,10,4,22,1,1,false,false,11,11
22,3,9,15,2,10164,464,0.045651,11.0,10,4,22,1,1,false,false,15,15
22,3,9,15,3,10164,380,0.037387,11.0,10,4,22,1,1,false,false,19,19
22,3,9,17,0,10164,1077,0.105962,11.0,10,4,22,1,1,false,true,7,7
22,3,9,17,1,10164,640,0.062967,11.0,10,4,22,1,1,false,true,11,11
22,3,9,17,2,10164,488,0.048013,11.0,10,4,22,1,1,false,true,15,15
22,3,9,17,3,10164,390,0.038371,11.0,10,4,22,1,1,false,true,19,19
22,3,9,19,0,10164,1066,0.104880,11.0,10,4,22,1,1,false,true,7,7
22,3,9,19,1,10164,659,0.064837,11.0,10,4,22,1,1,false,true,11,11
22,3,9,19,2,10164,477,0.046930,11.0,10,4,22,1,1,false,true,15,15
22,3,9,19,3,10164,361,0.035518,11.0,10,4,22,1,1,false,true,19,19
22,3,9,21,0,10164,1073,0.105569,11.0,10,4,22,1,1,false,false,7,7
22,3,9,21,1,10164,670,0.065919,11.0,10,4,22,1,1,false,false,11,11
22,3,9,21,2,10164,514,0.050571,11.0,10,4,22,1,1,false,false,15,15
22,3,9,21,3,10164,362,0.035616,11.0,10,4,22,1,1,false,false,19,19
22,3,13,1,0,10164,1066,0.104880,11.0,10,4,22,1,1,true,false,7,7
22,3,13,1,1,10164,650,0.063951,11.0,10,4,22,1,1,true,false,11,11
22,3,13,1,2,10164,492,0.048406,11.0,10,4,22,1,1,true,false,15,15
22,3,13,1,3,10164,394,0.038764,11.0,10,4,22,1,1,true,false,19,19
22,3,13,3,0,10164,1058,0.104093,11.0,10,4,22,1,1,true,true,7,7
22,3,13,3,1,10164,727,0.071527,11.0,10,4,22,1,1,true,true,11,11
22,3,13,3,2,10164,476,0.046832,11.0,10,4,22,1,1,true,true,15,15
22,3,13,3,3,10164,402,0.039551,11.0,10,4,22,1,1,true,true,19,19
22,3,13,5,0,10164,1056,0.103896,11.0,10,4,22,1,1,true,true,7,7
22,3,13,5,1,10164,668,0.065722,11.0,10,4,22,1,1,true,true,11,11
22,3,13,5,2,10164,488,0.048013,11.0,10,4,22,1,1,true,true,15,15
22,3,13,5,3,10164,377,0.037092,11.0,10,4,22,1,1,true,true,19,19
22,3,13,7,0,10164,1031,0.101436,11.0,10,4,22,1,1,true,true,7,7
22,3,13,7,1,10164,662,0.065132,11.0,10,4,22,1,1,true,true,11,11
22,3,13,7,2,10164,497,0.048898,11.0,10,4,22,1,1,true,true,15,15
22,3,13,7,3,10164,373,0.036698,11.0,10,4,22,1,1,true,true,19,19
22,3,13,9,0,10164,1072,0.105470,11.0,10,4,22,1,1,true,false,7,7
22,3,13,9,1,10164,683,0.067198,11.0,10,4,22,1,1,true,false,11,11
22,3,13,9,2,10164,483,0.047521,11.0,10,4,22,1,1,true,false,15,15
22,3,13,9,3,10164,370,0.036403,11.0,10,4,22,1,1,true,false,19,19
22,3,13,15,0,10164,1056,0.103896,11.0,10,4,22,1,1,true,false,7,7
22,3,13,15,1,10164,643,0.063262,11.0,10,4,22,1,1,true,false,11,11
22,3,13,15,2,10164,493,0.048505,11.0,10,4,22,1,1,true,false,15,15
22,3,13,15,3,10164,411,0.040437,11.0,10,4,22,1,1,true,false,19,19
22,3,13,17,0,10164,1034,0.101732,11.0,10,4,22,1,1,true,true,7,7
22,3,13,17,1,10164,687,0.067591,11.0,10,4,22,1,1,true,true,11,11
22,3,13,17,2,10164,492,0.048406,11.0,10,4,22,1,1,true,true,15,15
22,3,13,17,3,10164,375,0.036895,11.0,10,4,22,1,1,true,true,19,19
22,3,13,19,0,10164,1082,0.106454,11.0,10,4,22,1,1,true,true,7,7
22,3,13,19,1,10164,673,0.066214,11.0,10,4,22,1,1,true,true,11,11
22,3,13,19,2,10164,457,0.044963,11.0,10,4,22,1,1,true,true,15,15
22,3,13,19,3,10164,364,0.035813,11.0,10,4,22,1,1,true,true,19,19
22,3,13,21,0,10164,1064,0.104683,11.0,10,4,22,1,1,true,false,7,7
22,3,13,21,1,10164,686,0.067493,11.0,10,4,22,1,1,true,false,11,11
22,3,13,21,2,10164,512,0.050374,11.0,10,4,22,1,1,true,false,15,15
22,3,13,21,3,10164,383,0.037682,11.0,10,4,22,1,1,true,false,19,19
22,3,15,1,0,10164,1044,0.102715,11.0,10,4,22,1,1,false,false,7,7
22,3,15,1,1,10164,685,0.067395,11.0,10,4,22,1,1,false,false,11,11
22,3,15,1,2,10164,478,0.047029,11.0,10,4,22,1,1,false,false,15,15
22,3,15,1,3,10164,345,0.033943,11.0,10,4,22,1,1,false,false,19,19
22,3,15,3,0,10164,1050,0.103306,11.0,10,4,22,1,1,false,true,7,7
22,3,15,3,1,10164,637,0.062672,11.0,10,4,22,1,1,false,true,11,11
22,3,15,3,2,10164,457,0.044963,11.0,10,4,22,1,1,false,true,15,15
22,3,15,3,3,10164,365,0.035911,11.0,10,4,22,1,1,false,true,19,19
22,3,15,5,0,10164,1073,0.105569,11.0,10,4,22,1,1,false,true,7,7
22,3,15,5,1,10164,664,0.065329,11.0,10,4,22,1,1,false,true,11,11
22,3,15,5,2,10164,463,0.045553,11.0,10,4,22,1,1,false,true,15,15
22,3,15,5,3,10164,393,0.038666,11.0,10,4,22,1,1,false,true,19,19
22,3,15,7,0,10164,1030,0.101338,11.0,10,4,22,1,1,false,true,7,7
22,3,15,7,1,10164,687,0.067591,11.0,10,4,22,1,1,false,true,11,11
22,3,15,7,2,10164,556,0.054703,11.0,10,4,22,1,1,false,true,15,15
22,3,15,7,3,10164,367,0.036108,11.0,10,4,22,1,1,false,true,19,19
22,3,15,9,0,10164,1055,0.103798,11.0,10,4,22,1,1,false,false,7,7
22,3,15,9,1,10164,673,0.066214,11.0,10,4,22,1,1,false,false,11,11
22,3,15,9,2,10164,483,0.047521,11.0,10,4,22,1,1,false,false,15,15
22,3,15,9,3,10164,371,0.036501,11.0,10,4,22,1,1,false,false,19,19
22,3,15,13,0,10164,1024,0.100748,11.0,10,4,22,1,1,false,true,7,7
22,3,15,13,1,10164,681,0.067001,11.0,10,4,22,1,1,false,true,11,11
22,3,15,13,2,10164,488,0.048013,11.0,10,4,22,1,1,false,true,15,15
22,3,15,13,3,10164,372,0.036600,11.0,10,4,22,1,1,false,true,19,19
22,3,15,17,0,10164,1054,0.103699,11.0,10,4,22,1,1,false,true,7,7
22,3,15,17,1,10164,661,0.065033,11.0,10,4,22,1,1,false,true,11,11
22,3,15,17,2,10164,483,0.047521,11.0,10,4,22,1,1,false,true,15,15
22,3,15,17,3,10164,392,0.038567,11.0,10,4,22,1,1,false,true,19,19
22,3,15,19,0,10164,1029,0.101240,11.0,10,4,22,1,1,false,true,7,7
22,3,15,19,1,10164,672,0.066116,11.0,10,4,22,1,1,false,true,11,11
22,3,15,19,2,10164,495,0.048701,11.0,10,4,22,1,1,false,true,15,15
22,3,15,19,3,10164,375,0.036895,11.0,10,4,22,1,1,false,true,19,19
22,3,15,21,0,10164,1084,0.106651,11.0,10,4,22,1,1,false,false,7,7
22,3,15,21,1,10164,631,0.062082,11.0,10,4,22,1,1,false,false,11,11
22,3,15,21,2,10164,503,0.049488,11.0,10,4,22,1,1,false,false,15,15
22,3,15,21,3,10164,357,0.035124,11.0,10,4,22,1,1,false,false,19,19
22,3,17,1,0,10164,1061,0.104388,11.0,10,4,22,1,1,true,false,7,7
22,3,17,1,1,10164,678,0.066706,11.0,10,4,22,1,1,true,false,11,11
22,3,17,1,2,10164,468,0.046045,11.0,10,4,22,1,1,true,false,15,15
22,3,17,1,3,10164,399,0.039256,11.0,10,4,22,1,1,true,false,19,19
22,3,17,3,0,10164,1090,0.107241,11.0,10,4,22,1,1,true,true,7,7
22,3,17,3,1,10164,647,0.063656,11.0,10,4,22,1,1,true,true,11,11
22,3,17,3,2,10164,496,0.048800,11.0,10,4,22,1,1,true,true,15,15
22,3,17,3,3,10164,426,0.041913,11.0,10,4,22,1,1,true,true,19,19
22,3,17,5,0,10164,1050,0.103306,11.0,10,4,22,1,1,true,true,7,7
22,3,17,5,1,10164,655,0.064443,11.0,10,4,22,1,1,true,true,11,11
22,3,17,5,2,10164,503,0.049488,11.0,10,4,22,1,1,true,true,15,15
22,3,17,5,3,10164,397,0.039059,11.0,10,4,22,1,1,true,true,19,19
22,3,17,7,0,10164,1004,0.098780,11.0,10,4,22,1,1,true,true,7,7
22,3,17,7,1,10164,660,0.064935,11.0,10,4,22,1,1,true,true,11,11
22,3,17,7,2,10164,504,0.049587,11.0,10,4,22,1,1,true,true,15,15
22,3,17,7,3,10164,369,0.036305,11.0,10,4,22,1,1,true,true,19,19
22,3,17,9,0,10164,1044,0.102715,11.0,10,4,22,1,1,true,false,7,7
22,3,17,9,1,10164,665,0.065427,11.0,10,4,22,1,1,true,false,11,11
22,3,17,9,2,10164,488,0.048013,11.0,10,4,22,1,1,true,false,15,15
22,3,17,9,3,10164,377,0.037092,11.0,10,4,22,1,1,true,false,19,19
22,3,17,13,0,10164,1048,0.103109,11.0,10,4,22,1,1,true,true,7,7
22,3,17,13,1,10164,676,0.066509,11.0,10,4,22,1,1,true,true,11,11
22,3,17,13,2,10164,475,0.046734,11.0,10,4,22,1,1,true,true,15,15
22,3,17,13,3,10164,385,0.037879,11.0,10,4,22,1,1,true,true,19,19
22,3,17,15,0,10164,1073,0.105569,11.0,10,4,22,1,1,true,false,7,7
22,3,17,15,1,10164,648,0.063754,11.0,10,4,22,1,1,true,false,11,11
22,3,17,15,2,10164,519,0.051063,11.0,10,4,22,1,1,true,false,15,15
22,3,17,15,3,10164,393,0.038666,11.0,10,4,22,1,1,true,false,19,19
22,3,17,19,0,10164,1008,0.099174,11.0,10,4,22,1,1,true,true,7,7
22,3,17,19,1,10164,622,0.061196,11.0,10,4,22,1,1,true,true,11,11
22,3,17,19,2,10164,498,0.048996,11.0,10,4,22,1,1,true,true,15,15
22,3,17,19,3,10164,386,0.037977,11.0,10,4,22,1,1,true,true,19,19
22,3,17,21,0,10164,1083,0.106553,11.0,10,4,22,1,1,true,false,7,7
22,3,17,21,1,10164,663,0.065230,11.0,10,4,22,1,1,true,false,11,11
22,3,17,21,2,10164,500,0.049193,11.0,10,4,22,1,1,true,false,15,15
22,3,17,21,3,10164,391,0.038469,11.0,10,4,22,1,1,true,false,19,19
22,3,19,1,0,10164,1059,0.104191,11.0,10,4,22,1,1,true,false,7,7
22,3,19,1,1,10164,670,0.065919,11.0,10,4,22,1,1,true,false,11,11
22,3,19,1,2,10164,469,0.046143,11.0,10,4,22,1,1,true,false,15,15
22,3,19,1,3,10164,393,0.038666,11.0,10,4,22,1,1,true,false,19,19
22,3,19,3,0,10164,1003,0.098682,11.0,10,4,22,1,1,true,true,7,7
22,3,19,3,1,10164,653,0.064246,11.0,10,4,22,1,1,true,true,11,11
22,3,19,3,2,10164,499,0.049095,11.0,10,4,22,1,1,true,true,15,15
22,3,19,3,3,10164,391,0.038469,11.0,10,4,22,1,1,true,true,19,19
22,3,19,5,0,10164,1056,0.103896,11.0,10,4,22,1,1,true,true,7,7
22,3,19,5,1,10164,622,0.061196,11.0,10,4,22,1,1,true,true,11,11
22,3,19,5,2,10164,498,0.048996,11.0,10,4,22,1,1,true,true,15,15
22,3,19,5,3,10164,382,0.037584,11.0,10,4,22,1,1,true,true,19,19
22,3,19,7,0,10164,1016,0.099961,11.0,10,4,22,1,1,true,true,7,7
22,3,19,7,1,10164,646,0.063558,11.0,10,4,22,1,1,true,true,11,11
22,3,19,7,2,10164,489,0.048111,11.0,10,4,22,1,1,true,true,15,15
22,3,19,7,3,10164,383,0.037682,11.0,10,4,22,1,1,true,true,19,19
22,3,19,9,0,10164,1067,0.104978,11.0,10,4,22,1,1,true,false,7,7
22,3,19,9,1,10164,651,0.064050,11.0,10,4,22,1,1,true,false,11,11
22,3,19,9,2,10164,501,0.049292,11.0,10,4,22,1,1,true,false,15,15
22,3,19,9,3,10164,423,0.041617,11.0,10,4,22,1,1,true,false,19,19
22,3,19,13,0,10164,1034,0.101732,11.0,10,4,22,1,1,true,true,7,7
22,3,19,13,1,10164,668,0.065722,11.0,10,4,22,1,1,true,true,11,11
22,3,19,13,2,10164,498,0.048996,11.0,10,4,22,1,1,true,true,15,15
22,3,19,13,3,10164,380,0.037387,11.0,10,4,22,1,1,true,true,19,19
22,3,19,15,0,10164,1091,0.107340,11.0,10,4,22,1,1,true,false,7,7
22,3,19,15,1,10164,664,0.065329,11.0,10,4,22,1,1,true,false,11,11
22,3,19,15,2,10164,479,0.047127,11.0,10,4,22,1,1,true,false,15,15
22,3,19,15,3,10164,382,0.037584,11.0,10,4,22,1,1,true,false,19,19
22,3,19,17,0,10164,1049,0.103207,11.0,10,4,22,1,1,true,true,7,7
22,3,19,17,1,10164,604,0.059425,11.0,10,4,22,1,1,true,true,11,11
22,3,19,17,2,10164,469,0.046143,11.0,10,4,22,1,1,true,true,15,15
22,3,19,17,3,10164,363,0.035714,11.0,10,4,22,1,1,true,true,19,19
22,3,19,21,0,10164,1045,0.102814,11.0,10,4,22,1,1,true,false,7,7
22,3,19,21,1,10164,626,0.061590,11.0,10,4,22,1,1,true,false,11,11
22,3,19,21,2,10164,460,0.045258,11.0,10,4,22,1,1,true,false,15,15
22,3,19,21,3,10164,420,0.041322,11.0,10,4,22,1,1,true,false,19,19
22,3,21,1,0,10164,1014,0.099764,11.0,10,4,22,1,1,false,false,7,7
22,3,21,1,1,10164,648,0.063754,11.0,10,4,22,1,1,false,false,11,11
22,3,21,1,2,10164,467,0.045946,11.0,10,4,22,1,1,false,false,15,15
22,3,21,1,3,10164,414,0.040732,11.0,10,4,22,1,1,false,false,19,19
22,3,21,3,0,10164,1042,0.102519,11.0,10,4,22,1,1,false,true,7,7
22,3,21,3,1,10164,656,0.064542,11.0,10,4,22,1,1,false,true,11,11
22,3,21,3,2,10164,482,0.047422,11.0,10,4,22,1,1,false,true,15,15
22,3,21,3,3,10164,353,0.034730,11.0,10,4,22,1,1,false,true,19,19
22,3,21,5,0,10164,1031,0.101436,11.0,10,4,22,1,1,false,true,7,7
22,3,21,5,1,10164,642,0.063164,11.0,10,4,22,1,1,false,true,11,11
22,3,21,5,2,10164,443,0.043585,11.0,10,4,22,1,1,false,true,15,15
22,3,21,5,3,10164,407,0.040043,11.0,10,4,22,1,1,false,true,19,19
22,3,21,7,0,10164,1044,0.102715,11.0,10,4,22,1,1,false,true,7,7
22,3,21,7,1,10164,655,0.064443,11.0,10,4,22,1,1,false,true,11,11
22,3,21,7,2,10164,493,0.048505,11.0,10,4,22,1,1,false,true,15,15
22,3,21,7,3,10164,411,0.040437,11.0,10,4,22,1,1,false,true,19,19
22,3,21,9,0,10164,1017,0.100059,11.0,10,4,22,1,1,false,false,7,7
22,3,21,9,1,10164,700,0.068871,11.0,10,4,22,1,1,false,false,11,11
22,3,21,9,2,10164,477,0.046930,11.0,10,4,22,1,1,false,false,15,15
22,3,21,9,3,10164,393,0.038666,11.0,10,4,22,1,1,false,false,19,19
22,3,21,13,0,10164,1020,0.100354,11.0,10,4,22,1,1,false,true,7,7
22,3,21,13,1,10164,670,0.065919,11.0,10,4,22,1,1,false,true,11,11
22,3,21,13,2,10164,489,0.048111,11.0,10,4,22,1,1,false,true,15,15
22,3,21,13,3,10164,368,0.036206,11.0,10,4,22,1,1,false,true,19,19
22,3,21,15,0,10164,1015,0.099862,11.0,10,4,22,1,1,false,false,7,7
22,3,21,15,1,10164,650,0.063951,11.0,10,4,22,1,1,false,false,11,11
22,3,21,15,2,10164,495,0.048701,11.0,10,4,22,1,1,false,false,15,15
22,3,21,15,3,10164,368,0.036206,11.0,10,4,22,1,1,false,false,19,19
22,3,21,17,0,10164,1038,0.102125,11.0,10,4,22,1,1,false,true,7,7
22,3,21,17,1,10164,646,0.063558,11.0,10,4,22,1,1,false,true,11,11
22,3,21,17,2,10164,487,0.047914,11.0,10,4,22,1,1,false,true,15,15
22,3,21,17,3,10164,385,0.037879,11.0,10,4,22,1,1,false,true,19,19
22,3,21,19,0,10164,979,0.096320,11.0,10,4,22,1,1,false,true,7,7
22,3,21,19,1,10164,641,0.063066,11.0,10,4,22,1,1,false,true,11,11
22,3,21,19,2,10164,453,0.044569,11.0,10,4,22,1,1,false,true,15,15
22,3,21,19,3,10164,400,0.039355,11.0,10,4,22,1,1,false,true,19,19
24,1,1,5,0,23,8,0.347826,12.0,8,8,6,1,1,false,true,5,5
24,1,1,5,1,23,1,0.043478,12.0,8,8,6,1,1,false,true,9,9
24,1,1,5,2,23,1,0.043478,12.0,8,8,6,1,1,false,true,13,13
24,1,1,5,3,23,2,0.086957,12.0,8,8,6,1,1,false,true,17,17
24,1,1,7,0,23,3,0.130435,12.0,8,8,6,1,1,false,true,5,5
24,1,1,7,1,23,2,0.086957,12.0,8,8,6,1,1,false,true,9,9
24,1,1,7,2,23,1,0.043478,12.0,8,8,6,1,1,false,true,13,13
24,1,1,7,3,23,0,0.000000,12.0,8,8,6,1,1,false,true,17,17
24,1,1,11,0,23,4,0.173913,12.0,8,8,6,1,1,false,true,5,5
24,1,1,11,1,23,3,0.130435,12.0,8,8,6,1,1,false,true,9,9
24,1,1,11,2,23,1,0.043478,12.0,8,8,6,1,1,false,true,13,13
24,1,1,11,3,23,2,0.086957,12.0,8,8,6,1,1,false,true,17,17
24,1,1,13,0,23,3,0.130435,12.0,8,8,6,1,1,false,true,5,5
24,1,1,13,1,23,5,0.217391,12.0,8,8,6,1,1,false,true,9,9
24,1,1,13,2,23,3,0.130435,12.0,8,8,6,1,1,false,true,13,13
24,1,1,13,3,23,1,0.043478,12.0,8,8,6,1,1,false,true,17,17
24,1,1,17,0,23,5,0.217391,12.0,8,8,6,1,1,false,true,5,5
24,1,1,17,1,23,2,0.086957,12.0,8,8,6,1,1,false,true,9,9
24,1,1,17,2,23,4,0.173913,12.0,8,8,6,1,1,false,true,13,13
24,1,1,17,3,23,1,0.043478,12.0,8,8,6,1,1,false,true,17,17
24,1,1,19,0,23,6,0.260870,12.0,8,8,6,1,1,false,true,5,5
24,1,1,19,1,23,3,0.130435,12.0,8,8,6,1,1,false,true,9,9
24,1,1,19,2,23,2,0.086957,12.0,8,8,6,1,1,false,true,13,13
24,1,1,19,3,23,2,0.086957,12.0,8,8,6,1,1,false,true,17,17
24,1,1,23,0,23,6,0.260870,12.0,8,8,6,1,1,false,true,5,5
24,1,1,23,1,23,6,0.260870,12.0,8,8,6,1,1,false,true,9,9
24,1,1,23,2,23,2,0.086957,12.0,8,8,6,1,1,false,true,13,13
24,1,1,23,3,23,2,0.086957,12.0,8,8,6,1,1,false,true,17,17
24,1,5,1,0,23,3,0.130435,12.0,8,8,6,1,1,true,false,5,5
24,1,5,1,1,23,3,0.130435,12.0,8,8,6,1,1,true,false,9,9
24,1,5,1,2,23,1,0.043478,12.0,8,8,6,1,1,true,false,13,13
24,1,5,1,3,23,1,0.043478,12.0,8,8,6,1,1,true,false,17,17
24,1,5,7,0,23,6,0.260870,12.0,8,8,6,1,1,true,true,5,5
24,1,5,7,1,23,2,0.086957,12.0,8,8,6,1,1,true,true,9,9
24,1,5,7,2,23,1,0.043478,12.0,8,8,6,1,1,true,true,13,13
24,1,5,7,3,23,2,0.086957,12.0,8,8,6,1,1,true,true,17,17
24,1,5,11,0,23,4,0.173913,12.0,8,8,6,1,1,true,true,5,5
24,1,5,11,1,23,1,0.043478,12.0,8,8,6,1,1,true,true,9,9
24,1,5,11,2,23,1,0.043478,12.0,8,8,6,1,1,true,true,13,13
24,1,5,11,3,23,0,0.000000,12.0,8,8,6,1,1,true,true,17,17
24,1,5,13,0,23,4,0.173913,12.0,8,8,6,1,1,true,true,5,5
24,1,5,13,1,23,4,0.173913,12.0,8,8,6,1,1,true,true,9,9
24,1,5,13,2,23,2,0.086957,12.0,8,8,6,1,1,true,true,13,13
24,1,5,13,3,23,2,0.086957,12.0,8,8,6,1,1,true,true,17,17
24,1,5,17,0,23,2,0.086957,12.0,8,8,6,1,1,true,true,5,5
24,1,5,17,1,23,0,0.000000,12.0,8,8,6,1,1,true,true,9,9
24,1,5,17,2,23,2,0.086957,12.0,8,8,6,1,1,true,true,13,13
24,1,5,17,3,23,2,0.086957,12.0,8,8,6,1,1,true,true,17,17
24,1,5,19,0,23,2,0.086957,12.0,8,8,6,1,1,true,true,5,5
24,1,5,19,1,23,4,0.173913,12.0,8,8,6,1,1,true,true,9,9
24,1,5,19,2,23,3,0.130435,12.0,8,8,6,1,1,true,true,13,13
24,1,5,19,3,23,0,0.000000,12.0,8,8,6,1,1,true,true,17,17
24,1,5,23,0,23,6,0.260870,12.0,8,8,6,1,1,true,true,5,5
24,1,5,23,1,23,3,0.130435,12.0,8,8,6,1,1,true,true,9,9
24,1,5,23,2,23,3,0.130435,12.0,8,8,6,1,1,true,true,13,13
24,1,5,23,3,23,0,0.000000,12.0,8,8,6,1,1,true,true,17,17
24,1,7,1,0,23,5,0.217391,12.0,8,8,6,1,1,true,false,5,5
24,1,7,1,1,23,3,0.130435,12.0,8,8,6,1,1,true,false,9,9
24,1,7,1,2,23,2,0.086957,12.0,8,8,6,1,1,true,false,13,13
24,1,7,1,3,23,0,0.000000,12.0,8,8,6,1,1,true,false,17,17
24,1,7,5,0,23,2,0.086957,12.0,8,8,6,1,1,true,true,5,5
24,1,7,5,1,23,4,0.173913,12.0,8,8,6,1,1,true,true,9,9
24,1,7,5,2,23,2,0.086957,12.0,8,8,6,1,1,true,true,13,13
24,1,7,5,3,23,2,0.086957,12.0,8,8,6,1,1,true,true,17,17
24,1,7,11,0,23,5,0.217391,12.0,8,8,6,1,1,true,true,5,5
24,1,7,11,1,23,2,0.086957,12.0,8,8,6,1,1,true,true,9,9
24,1,7,11,2,23,1,0.043478,12.0,8,8,6,1,1,true,true,13,13
24,1,7,11,3,23,1,0.043478,12.0,8,8,6,1,1,true,true,17,17
24,1,7,13,0,23,5,0.217391,12.0,8,8,6,1,1,true,true,5,5
24,1,7,13,1,23,5,0.217391,12.0,8,8,6,1,1,true,true,9,9
24,1,7,13,2,23,4,0.173913,12.0,8,8,6,1,1,true,true,13,13
24,1,7,13,3,23,4,0.173913,12.0,8,8,6,1,1,true,true,17,17
24,1,7,17,0,23,2,0.086957,12.0,8,8,6,1,1,true,true,5,5
24,1,7,17,1,23,2,0.086957,12.0,8,8,6,1,1,true,true,9,9
24,1,7,17,2,23,1,0.043478,12.0,8,8,6,1,1,true,true,13,13
24,1,7,17,3,23,0,0.000000,12.0,8,8,6,1,1,true,true,17,17
24,1,7,19,0,23,5,0.217391,12.0,8,8,6,1,1,true,true,5,5
24,1,7,19,1,23,2,0.086957,12.0,8,8,6,1,1,true,true,9,9
24,1,7,19,2,23,1,0.043478,12.0,8,8,6,1,1,true,true,13,13
24,1,7,19,3,23,1,0.043478,12.0,8,8,6,1,1,true,true,17,17
24,1,7,23,0,23,5,0.217391,12.0,8,8,6,1,1,true,true,5,5
24,1,7,23,1,23,3,0.130435,12.0,8,8,6,1,1,true,true,9,9
24,1,7,23,2,23,2,0.086957,12.0,8,8,6,1,1,true,true,13,13
24,1,7,23,3,23,0,0.000000,12.0,8,8,6,1,1,true,true,17,17
24,1,11,1,0,23,8,0.347826,12.0,8,8,6,1,1,true,false,5,5
24,1,11,1,1,23,2,0.086957,12.0,8,8,6,1,1,true,false,9,9
24,1,11,1,2,23,0,0.000000,12.0,8,8,6,1,1,true,false,13,13
24,1,11,1,3,23,1,0.043478,12.0,8,8,6,1,1,true,false,17,17
24,1,11,5,0,23,4,0.173913,12.0,8,8,6,1,1,true,true,5,5
24,1,11,5,1,23,3,0.130435,12.0,8,8,6,1,1,true,true,9,9
24,1,11,5,2,23,1,0.043478,12.0,8,8,6,1,1,true,true,13,13
24,1,11,5,3,23,3,0.130435,12.0,8,8,6,1,1,true,true,17,17
24,1,11,7,0,23,3,0.130435,12.0,8,8,6,1,1,true,true,5,5
24,1,11,7,1,23,3,0.130435,12.0,8,8,6,1,1,true,true,9,9
24,1,11,7,2,23,3,0.130435,12.0,8,8,6,1,1,true,true,13,13
24,1,11,7,3,23,2,0.086957,12.0,8,8,6,1,1,true,true,17,17
24,1,11,13,0,23,4,0.173913,12.0,8,8,6,1,1,true,true,5,5
24,1,11,13,1,23,1,0.043478,12.0,8,8,6,1,1,true,true,9,9
24,1,11,13,2,23,0,0.000000,12.0,8,8,6,1,1,true,true,13,13
24,1,11,13,3,23,0,0.000000,12.0,8,8,6,1,1,true,true,17,17
24,1,11,17,0,23,3,0.130435,12.0,8,8,6,1,1,true,true,5,5
24,1,11,17,1,23,3,0.130435,12.0,8,8,6,1,1,true,true,9,9
24,1,11,17,2,23,3,0.130435,12.0,8,8,6,1,1,true,true,13,13
24,1,11,17,3,23,1,0.043478,12.0,8,8,6,1,1,true,true,17,17
24,1,11,19,0,23,3,0.130435,12.0,8,8,6,1,1,true,true,5,5
24,1,11,19,1,23,3,0.130435,12.0,8,8,6,1,1,true,true,9,9
24,1,11,19,2,23,1,0.043478,12.0,8,8,6,1,1,true,true,13,13
24,1,11,19,3,23,1,0.043478,12.0,8,8,6,1,1,true,true,17,17
24,1,11,23,0,23,4,0.173913,12.0,8,8,6,1,1,true,true,5,5
24,1,11,23,1,23,2,0.086957,12.0,8,8,6,1,1,true,true,9,9
24,1,11,23,2,23,2,0.086957,12.0,8,8,6,1,1,true,true,13,13
24,1,11,23,3,23,3,0.130435,12.0,8,8,6,1,1,true,true,17,17
24,1,13,1,0,23,7,0.304348,12.0,8,8,6,1,1,true,false,5,5
24,1,13,1,1,23,4,0.173913,12.0,8,8,6,1,1,true,false,9,9
24,1,13,1,2,23,2,0.086957,12.0,8,8,6,1,1,true,false,13,13
24,1,13,1,3,23,0,0.000000,12.0,8,8,6,1,1,true,false,17,17
24,1,13,5,0,23,2,0.086957,12.0,8,8,6,1,1,true,true,5,5
24,1,13,5,1,23,6,0.260870,12.0,8,8,6,1,1,true,true,9,9
24,1,13,5,2,23,2,0.086957,12.0,8,8,6,1,1,true,true,13,13
24,1,13,5,3,23,1,0.043478,12.0,8,8,6,1,1,true,true,17,17
24,1,13,7,0,23,4,0.173913,12.0,8,8,6,1,1,true,true,5,5
24,1,13,7,1,23,2,0.086957,12.0,8,8,6,1,1,true,true,9,9
24,1,13,7,2,23,4,0.173913,12.0,8,8,6,1,1,true,true,13,13
24,1,13,7,3,23,1,0.043478,12.0,8,8,6,1,1,true,true,17,17
24,1,13,11,0,23,5,0.217391,12.0,8,8,6,1,1,true,true,5,5
24,1,13,11,1,23,0,0.000000,12.0,8,8,6,1,1,true,true,9,9
24,1,13,11,2,23,2,0.086957,12.0,8,8,6,1,1,true,true,13,13
24,1,13,11,3,23,0,0.000000,12.0,8,8,6,1,1,true,true,17,17
24,1,13,17,0,23,4,0.173913,12.0,8,8,6,1,1,true,true,5,5
24,1,13,17,1,23,2,0.086957,12.0,8,8,6,1,1,true,true,9,9
24,1,13,17,2,23,1,0.043478,12.0,8,8,6,1,1,true,true,13,13
24,1,13,17,3,23,2,0.086957,12.0,8,8,6,1,1,true,true,17,17
24,1,13,19,0,23,6,0.260870,12.0,8,8,6,1,1,true,true,5,5
24,1,13,19,1,23,1,0.043478,12.0,8,8,6,1,1,true,true,9,9
24,1,13,19,2,23,5,0.217391,12.0,8,8,6,1,1,true,true,13,13
24,1,13,19,3,23,0,0.000000,12.0,8,8,6,1,1,true,true,17,17
24,1,13,23,0,23,7,0.304348,12.0,8,8,6,1,1,true,true,5,5
24,1,13,23,1,23,3,0.130435,12.0,8,8,6,1,1,true,true,9,9
24,1,13,23,2,23,2,0.086957,12.0,8,8,6,1,1,true,true,13,13
24,1,13,23,3,23,0,0.000000,12.0,8,8,6,1,1,true,true,17,17
24,1,17,1,0,23,4,0.173913,12.0,8,8,6,1,1,true,false,5,5
24,1,17,1,1,23,0,0.000000,12.0,8,8,6,1,1,true,false,9,9
24,1,17,1,2,23,0,0.000000,12.0,8,8,6,1,1,true,false,13,13
24,1,17,1,3,23,2,0.086957,12.0,8,8,6,1,1,true,false,17,17
24,1,17,5,0,23,4,0.173913,12.0,8,8,6,1,1,true,true,5,5
24,1,17,5,1,23,4,0.173913,12.0,8,8,6,1,1,true,true,9,9
24,1,17,5,2,23,1,0.043478,12.0,8,8,6,1,1,true,true,13,13
24,1,17,5,3,23,0,0.000000,12.0,8,8,6,1,1,true,true,17,17
24,1,17,7,0,23,4,0.173913,12.0,8,8,6,1,1,true,true,5,5
24,1,17,7,1,23,5,0.217391,12.0,8,8,6,1,1,true,true,9,9
24,1,17,7,2,23,1,0.043478,12.0,8,8,6,1,1,true,true,13,13
24,1,17,7,3,23,2,0.086957,12.0,8,8,6,1,1,true,true,17,17
24,1,17,11,0,23,2,0.086957,12.0,8,8,6,1,1,true,true,5,5
24,1,17,11,1,23,5,0.217391,12.0,8,8,6,1,1,true,true,9,9
24,1,17,11,2,23,3,0.130435,12.0,8,8,6,1,1,true,true,13,13
24,1,17,11,3,23,1,0.043478,12.0,8,8,6,1,1,true,true,17,17
24,1,17,13,0,23,4,0.173913,12.0,8,8,6,1,1,true,true,5,5
24,1,17,13,1,23,1,0.043478,12.0,8,8,6,1,1,true,true,9,9
24,1,17,13,2,23,2,0.086957,12.0,8,8,6,1,1,true,true,13,13
24,1,17,13,3,23,1,0.043478,12.0,8,8,6,1,1,true,true,17,17
24,1,17,19,0,23,5,0.217391,12.0,8,8,6,1,1,true,true,5,5
24,1,17,19,1,23,1,0.043478,12.0,8,8,6,1,1,true,true,9,9
24,1,17,19,2,23,2,0.086957,12.0,8,8,6,1,1,true,true,13,13
24,1,17,19,3,23,3,0.130435,12.0,8,8,6,1,1,true,true,17,17
24,1,17,23,0,23,3,0.130435,12.0,8,8,6,1,1,true,true,5,5
24,1,17,23,1,23,3,0.130435,12.0,8,8,6,1,1,true,true,9,9
24,1,17,23,2,23,1,0.043478,12.0,8,8,6,1,1,true,true,13,13
24,1,17,23,3,23,2,0.086957,12.0,8,8,6,1,1,true,true,17,17
24,1,19,1,0,23,5,0.217391,12.0,8,8,6,1,1,true,false,5,5
24,1,19,1,1,23,5,0.217391,12.0,8,8,6,1,1,true,false,9,9
24,1,19,1,2,23,0,0.000000,12.0,8,8,6,1,1,true,false,13,13
24,1,19,1,3,23,3,0.130435,12.0,8,8,6,1,1,true,false,17,17
24,1,19,5,0,23,5,0.217391,12.0,8,8,6,1,1,true,true,5,5
24,1,19,5,1,23,4,0.173913,12.0,8,8,6,1,1,true,true,9,9
24,1,19,5,2,23,1,0.043478,12.0,8,8,6,1,1,true,true,13,13
24,1,19,5,3,23,1,0.043478,12.0,8,8,6,1,1,true,true,17,17
24,1,19,7,0,23,2,0.086957,12.0,8,8,6,1,1,true,true,5,5
24,1,19,7,1,23,3,0.130435,12.0,8,8,6,1,1,true,true,9,9
24,1,19,7,2,23,3,0.130435,12.0,8,8,6,1,1,true,true,13,13
24,1,19,7,3,23,1,0.043478,12.0,8,8,6,1,1,true,true,17,17
24,1,19,11,0,23,3,0.130435,12.0,8,8,6,1,1,true,true,5,5
24,1,19,11,1,23,1,0.043478,12.0,8,8,6,1,1,true,true,9,9
24,1,19,11,2,23,5,0.217391,12.0,8,8,6,1,1,true,true,13,13
24,1,19,11,3,23,1,0.043478,12.0,8,8,6,1,1,true,true,17,17
24,1,19,13,0,23,4,0.173913,12.0,8,8,6,1,1,true,true,5,5
24,1,19,13,1,23,2,0.086957,12.0,8,8,6,1,1,true,true,9,9
24,1,19,13,2,23,3,0.130435,12.0,8,8,6,1,1,true,true,13,13
24,1,19,13,3,23,3,0.130435,12.0,8,8,6,1,1,true,true,17,17
24,1,19,17,0,23,3,0.130435,12.0,8,8,6,1,1,true,true,5,5
24,1,19,17,1,23,1,0.043478,12.0,8,8,6,1,1,true,true,9,9
24,1,19,17,2,23,4,0.173913,12.0,8,8,6,1,1,true,true,13,13
24,1,19,17,3,23,3,0.130435,12.0,8,8,6,1,1,true,true,17,17
24,1,19,23,0,23,4,0.173913,12.0,8,8,6,1,1,true,true,5,5
24,1,19,23,1,23,3,0.130435,12.0,8,8,6,1,1,true,true,9,9
24,1,19,23,2,23,2,0.086957,12.0,8,8,6,1,1,true,true,13,13
24,1,19,23,3,23,2,0.086957,12.0,8,8,6,1,1,true,true,17,17
24,1,23,1,0,23,6,0.260870,12.0,8,8,6,1,1,true,false,5,5
24,1,23,1,1,23,3,0.130435,12.0,8,8,6,1,1,true,false,9,9
24,1,23,1,2,23,2,0.086957,12.0,8,8,6,1,1,true,false,13,13
24,1,23,1,3,23,1,0.043478,12.0,8,8,6,1,1,true,false,17,17
24,1,23,5,0,23,5,0.217391,12.0,8,8,6,1,1,true,true,5,5
24,1,23,5,1,23,1,0.043478,12.0,8,8,6,1,1,true,true,9,9
24,1,23,5,2,23,2,0.086957,12.0,8,8,6,1,1,true,true,13,13
24,1,23,5,3,23,2,0.086957,12.0,8,8,6,1,1,true,true,17,17
24,1,23,7,0,23,5,0.217391,12.0,8,8,6,1,1,true,true,5,5
24,1,23,7,1,23,2,0.086957,12.0,8,8,6,1,1,true,true,9,9
24,1,23,7,2,23,0,0.000000,12.0,8,8,6,1,1,true,true,13,13
24,1,23,7,3,23,3,0.130435,12.0,8,8,6,1,1,true,true,17,17
24,1,23,11,0,23,1,0.043478,12.0,8,8,6,1,1,true,true,5,5
24,1,23,11,1,23,5,0.217391,12.0,8,8,6,1,1,true,true,9,9
24,1,23,11,2,23,3,0.130435,12.0,8,8,6,1,1,true,true,13,13
24,1,23,11,3,23,0,0.000000,12.0,8,8,6,1,1,true,true,17,17
24,1,23,13,0,23,2,0.086957,12.0,8,8,6,1,1,true,true,5,5
24,1,23,13,1,23,5,0.217391,12.0,8,8,6,1,1,true,true,9,9
24,1,23,13,2,23,3,0.130435,12.0,8,8,6,1,1,true,true,13,13
24,1,23,13,3,23,0,0.000000,12.0,8,8,6,1,1,true,true,17,17
24,1,23,17,0,23,5,0.217391,12.0,8,8,6,1,1,true,true,5,5
24,1,23,17,1,23,4,0.173913,12.0,8,8,6,1,1,true,true,9,9
24,1,23,17,2,23,0,0.000000,12.0,8,8,6,1,1,true,true,13,13
24,1,23,17,3,23,2,0.086957,12.0,8,8,6,1,1,true,true,17,17
24,1,23,19,0,23,3,0.130435,12.0,8,8,6,1,1,true,true,5,5
24,1,23,19,1,23,3,0.130435,12.0,8,8,6,1,1,true,true,9,9
24,1,23,19,2,23,4,0.173913,12.0,8,8,6,1,1,true,true,13,13
24,1,23,19,3,23,1,0.043478,12.0,8,8,6,1,1,true,true,17,17
24,2,1,5,0,552,104,0.188406,12.0,8,8,6,1,1,false,true,6,6
24,2,1,5,1,552,58,0.105072,12.0,8,8,6,1,1,false,true,10,10
24,2,1,5,2,552,32,0.057971,12.0,8,8,6,1,1,false,true,14,14
24,2,1,5,3,552,38,0.068841,12.0,8,8,6,1,1,false,true,18,18
24,2,1,7,0,552,107,0.193841,12.0,8,8,6,1,1,false,true,6,6
24,2,1,7,1,552,60,0.108696,12.0,8,8,6,1,1,false,true,10,10
24,2,1,7,2,552,35,0.063406,12.0,8,8,6,1,1,false,true,14,14
24,2,1,7,3,552,27,0.048913,12.0,8,8,6,1,1,false,true,18,18
24,2,1,11,0,552,83,0.150362,12.0,8,8,6,1,1,false,true,6,6
24,2,1,11,1,552,58,0.105072,12.0,8,8,6,1,1,false,true,10,10
24,2,1,11,2,552,53,0.096014,12.0,8,8,6,1,1,false,true,14,14
24,2,1,11,3,552,44,0.079710,12.0,8,8,6,1,1,false,true,18,18
24,2,1,13,0,552,100,0.181159,12.0,8,8,6,1,1,false,true,6,6
24,2,1,13,1,552,62,0.112319,12.0,8,8,6,1,1,false,true,10,10
24,2,1,13,2,552,47,0.085145,12.0,8,8,6,1,1,false,true,14,14
24,2,1,13,3,552,31,0.056159,12.0,8,8,6,1,1,false,true,18,18
24,2,1,17,0,552,104,0.188406,12.0,8,8,6,1,1,false,true,6,6
24,2,1,17,1,552,65,0.117754,12.0,8,8,6,1,1,false,true,10,10
24,2,1,17,2,552,39,0.070652,12.0,8,8,6,1,1,false,true,14,14
24,2,1,17,3,552,30,0.054348,12.0,8,8,6,1,1,false,true,18,18
24,2,1,19,0,552,107,0.193841,12.0,8,8,6,1,1,false,true,6,6
24,2,1,19,1,552,56,0.101449,12.0,8,8,6,1,1,false,true,10,10
24,2,1,19,2,552,47,0.085145,12.0,8,8,6,1,1,false,true,14,14
24,2,1,19,3,552,30,0.054348,12.0,8,8,6,1,1,false,true,18,18
24,2,1,23,0,552,102,0.184783,12.0,8,8,6,1,1,false,true,6,6
24,2,1,23,1,552,56,0.101449,12.0,8,8,6,1,1,false,true,10,10
24,2,1,23,2,552,38,0.068841,12.0,8,8,6,1,1,false,true,14,14
24,2,1,23,3,552,32,0.057971,12.0,8,8,6,1,1,false,true,18,18
24,2,5,1,0,552,99,0.179348,12.0,8,8,6,1,1,true,false,6,6
24,2,5,1,1,552,58,0.105072,12.0,8,8,6,1,1,true,false,10,10
24,2,5,1,2,552,46,0.083333,12.0,8,8,6,1,1,true,false,14,14
24,2,5,1,3,552,25,0.045290,12.0,8,8,6,1,1,true,false,18,18
24,2,5,7,0,552,103,0.186594,12.0,8,8,6,1,1,true,true,6,6
24,2,5,7,1,552,53,0.096014,12.0,8,8,6,1,1,true,true,10,10
24,2,5,7,2,552,44,0.079710,12.0,8,8,6,1,1,true,true,14,14
24,2,5,7,3,552,27,0.048913,12.0,8,8,6,1,1,true,true,18,18
24,2,5,11,0,552,102,0.184783,12.0,8,8,6,1,1,true,true,6,6
24,2,5,11,1,552,58,0.105072,12.0,8,8,6,1,1,true,true,10,10
24,2,5,11,2,552,35,0.063406,12.0,8,8,6,1,1,true,true,14,14
24,2,5,11,3,552,28,0.050725,12.0,8,8,6,1,1,true,true,18,18
24,2,5,13,0,552,91,0.164855,12.0,8,8,6,1,1,true,true,6,6
24,2,5,13,1,552,53,0.096014,12.0,8,8,6,1,1,true,true,10,10
24,2,5,13,2,552,41,0.074275,12.0,8,8,6,1,1,true,true,14,14
24,2,5,13,3,552,27,0.048913,12.0,8,8,6,1,1,true,true,18,18
24,2,5,17,0,552,89,0.161232,12.0,8,8,6,1,1,true,true,6,6
24,2,5,17,1,552,56,0.101449,12.0,8,8,6,1,1,true,true,10,10
24,2,5,17,2,552,37,0.067029,12.0,8,8,6,1,1,true,true,14,14
24,2,5,17,3,552,29,0.052536,12.0,8,8,6,1,1,true,true,18,18
24,2,5,19,0,552,98,0.177536,12.0,8,8,6,1,1,true,true,6,6
24,2,5,19,1,552,45,0.081522,12.0,8,8,6,1,1,true,true,10,10
24,2,5,19,2,552,35,0.063406,12.0,8,8,6,1,1,true,true,14,14
24,2,5,19,3,552,26,0.047101,12.0,8,8,6,1,1,true,true,18,18
24,2,5,23,0,552,102,0.184783,12.0,8,8,6,1,1,true,true,6,6
24,2,5,23,1,552,46,0.083333,12.0,8,8,6,1,1,true,true,10,10
24,2,5,23,2,552,38,0.068841,12.0,8,8,6,1,1,true,true,14,14
24,2,5,23,3,552,43,0.077899,12.0,8,8,6,1,1,true,true,18,18
24,2,7,1,0,552,92,0.166667,12.0,8,8,6,1,1,true,false,6,6
24,2,7,1,1,552,52,0.094203,12.0,8,8,6,1,1,true,false,10,10
24,2,7,1,2,552,44,0.079710,12.0,8,8,6,1,1,true,false,14,14
24,2,7,1,3,552,31,0.056159,12.0,8,8,6,1,1,true,false,18,18
24,2,7,5,0,552,95,0.172101,12.0,8,8,6,1,1,true,true,6,6
24,2,7,5,1,552,53,0.096014,12.0,8,8,6,1,1,true,true,10,10
24,2,7,5,2,552,32,0.057971,12.0,8,8,6,1,1,true,true,14,14
24,2,7,5,3,552,33,0.059783,12.0,8,8,6,1,1,true,true,18,18
24,2,7,11,0,552,96,0.173913,12.0,8,8,6,1,1,true,true,6,6
24,2,7,11,1,552,56,0.101449,12.0,8,8,6,1,1,true,true,10,10
24,2,7,11,2,552,42,0.076087,12.0,8,8,6,1,1,true,true,14,14
24,2,7,11,3,552,19,0.034420,12.0,8,8,6,1,1,true,true,18,18
24,2,7,13,0,552,88,0.159420,12.0,8,8,6,1,1,true,true,6,6
24,2,7,13,1,552,52,0.094203,12.0,8,8,6,1,1,true,true,10,10
24,2,7,13,2,552,37,0.067029,12.0,8,8,6,1,1,true,true,14,14
24,2,7,13,3,552,27,0.048913,12.0,8,8,6,1,1,true,true,18,18
24,2,7,17,0,552,107,0.193841,12.0,8,8,6,1,1,true,true,6,6
24,2,7,17,1,552,50,0.090580,12.0,8,8,6,1,1,true,true,10,10
24,2,7,17,2,552,43,0.077899,12.0,8,8,6,1,1,true,true,14,14
24,2,7,17,3,552,25,0.045290,12.0,8,8,6,1,1,true,true,18,18
24,2,7,19,0,552,86,0.155797,12.0,8,8,6,1,1,true,true,6,6
24,2,7,19,1,552,66,0.119565,12.0,8,8,6,1,1,true,true,10,10
24,2,7,19,2,552,33,0.059783,12.0,8,8,6,1,1,true,true,14,14
24,2,7,19,3,552,30,0.054348,12.0,8,8,6,1,1,true,true,18,18
24,2,7,23,0,552,86,0.155797,12.0,8,8,6,1,1,true,true,6,6
24,2,7,23,1,552,54,0.097826,12.0,8,8,6,1,1,true,true,10,10
24,2,7,23,2,552,37,0.067029,12.0,8,8,6,1,1,true,true,14,14
24,2,7,23,3,552,37,0.067029,12.0,8,8,6,1,1,true,true,18,18
24,2,11,1,0,552,88,0.159420,12.0,8,8,6,1,1,true,false,6,6
24,2,11,1,1,552,50,0.090580,12.0,8,8,6,1,1,true,false,10,10
24,2,11,1,2,552,29,0.052536,12.0,8,8,6,1,1,true,false,14,14
24,2,11,1,3,552,31,0.056159,12.0,8,8,6,1,1,true,false,18,18
24,2,11,5,0,552,89,0.161232,12.0,8,8,6,1,1,true,true,6,6
24,2,11,5,1,552,46,0.083333,12.0,8,8,6,1,1,true,true,10,10
24,2,11,5,2,552,34,0.061594,12.0,8,8,6,1,1,true,true,14,14
24,2,11,5,3,552,41,0.074275,12.0,8,8,6,1,1,true,true,18,18
24,2,11,7,0,552,92,0.166667,12.0,8,8,6,1,1,true,true,6,6
24,2,11,7,1,552,49,0.088768,12.0,8,8,6,1,1,true,true,10,10
24,2,11,7,2,552,50,0.090580,12.0,8,8,6,1,1,true,true,14,14
24,2,11,7,3,552,22,0.039855,12.0,8,8,6,1,1,true,true,18,18
24,2,11,13,0,552,77,0.139493,12.0,8,8,6,1,1,true,true,6,6
24,2,11,13,1,552,48,0.086957,12.0,8,8,6,1,1,true,true,10,10
24,2,11,13,2,552,37,0.067029,12.0,8,8,6,1,1,true,true,14,14
24,2,11,13,3,552,29,0.052536,12.0,8,8,6,1,1,true,true,18,18
24,2,11,17,0,552,91,0.164855,12.0,8,8,6,1,1,true,true,6,6
24,2,11,17,1,552,57,0.103261,12.0,8,8,6,1,1,true,true,10,10
24,2,11,17,2,552,38,0.068841,12.0,8,8,6,1,1,true,true,14,14
24,2,11,17,3,552,30,0.054348,12.0,8,8,6,1,1,true,true,18,18
24,2,11,19,0,552,84,0.152174,12.0,8,8,6,1,1,true,true,6,6
24,2,11,19,1,552,54,0.097826,12.0,8,8,6,1,1,true,true,10,10
24,2,11,19,2,552,29,0.052536,12.0,8,8,6,1,1,true,true,14,14
24,2,11,19,3,552,22,0.039855,12.0,8,8,6,1,1,true,true,18,18
24,2,11,23,0,552,85,0.153986,12.0,8,8,6,1,1,true,true,6,6
24,2,11,23,1,552,56,0.101449,12.0,8,8,6,1,1,true,true,10,10
24,2,11,23,2,552,44,0.079710,12.0,8,8,6,1,1,true,true,14,14
24,2,11,23,3,552,31,0.056159,12.0,8,8,6,1,1,true,true,18,18
24,2,13,1,0,552,98,0.177536,12.0,8,8,6,1,1,true,false,6,6
24,2,13,1,1,552,60,0.108696,12.0,8,8,6,1,1,true,false,10,10
24,2,13,1,2,552,35,0.063406,12.0,8,8,6,1,1,true,false,14,14
24,2,13,1,3,552,24,0.043478,12.0,8,8,6,1,1,true,false,18,18
24,2,13,5,0,552,86,0.155797,12.0,8,8,6,1,1,true,true,6,6
24,2,13,5,1,552,59,0.106884,12.0,8,8,6,1,1,true,true,10,10
24,2,13,5,2,552,45,0.081522,12.0,8,8,6,1,1,true,true,14,14
24,2,13,5,3,552,22,0.039855,12.0,8,8,6,1,1,true,true,18,18
24,2,13,7,0,552,98,0.177536,12.0,8,8,6,1,1,true,true,6,6
24,2,13,7,1,552,56,0.101449,12.0,8,8,6,1,1,true,true,10,10
24,2,13,7,2,552,32,0.057971,12.0,8,8,6,1,1,true,true,14,14
24,2,13,7,3,552,27,0.048913,12.0,8,8,6,1,1,true,true,18,18
24,2,13,11,0,552,87,0.157609,12.0,8,8,6,1,1,true,true,6,6
24,2,13,11,1,552,58,0.105072,12.0,8,8,6,1,1,true,true,10,10
24,2,13,11,2,552,26,0.047101,12.0,8,8,6,1,1,true,true,14,14
24,2,13,11,3,552,28,0.050725,12.0,8,8,6,1,1,true,true,18,18
24,2,13,17,0,552,91,0.164855,12.0,8,8,6,1,1,true,true,6,6
24,2,13,17,1,552,60,0.108696,12.0,8,8,6,1,1,true,true,10,10
24,2,13,17,2,552,28,0.050725,12.0,8,8,6,1,1,true,true,14,14
24,2,13,17,3,552,30,0.054348,12.0,8,8,6,1,1,true,true,18,18
24,2,13,19,0,552,101,0.182971,12.0,8,8,6,1,1,true,true,6,6
24,2,13,19,1,552,47,0.085145,12.0,8,8,6,1,1,true,true,10,10
24,2,13,19,2,552,36,0.065217,12.0,8,8,6,1,1,true,true,14,14
24,2,13,19,3,552,27,0.048913,12.0,8,8,6,1,1,true,true,18,18
24,2,13,23,0,552,91,0.164855,12.0,8,8,6,1,1,true,true,6,6
24,2,13,23,1,552,53,0.096014,12.0,8,8,6,1,1,true,true,10,10
24,2,13,23,2,552,43,0.077899,12.0,8,8,6,1,1,true,true,14,14
24,2,13,23,3,552,19,0.034420,12.0,8,8,6,1,1,true,true,18,18
24,2,17,1,0,552,85,0.153986,12.0,8,8,6,1,1,true,false,6,6
24,2,17,1,1,552,54,0.097826,12.0,8,8,6,1,1,true,false,10,10
24,2,17,1,2,552,40,0.072464,12.0,8,8,6,1,1,true,false,14,14
24,2,17,1,3,552,30,0.054348,12.0,8,8,6,1,1,true,false,18,18
24,2,17,5,0,552,86,0.155797,12.0,8,8,6,1,1,true,true,6,6
24,2,17,5,1,552,51,0.092391,12.0,8,8,6,1,1,true,true,10,10
24,2,17,5,2,552,31,0.056159,12.0,8,8,6,1,1,true,true,14,14
24,2,17,5,3,552,23,0.041667,12.0,8,8,6,1,1,true,true,18,18
24,2,17,7,0,552,77,0.139493,12.0,8,8,6,1,1,true,true,6,6
24,2,17,7,1,552,60,0.108696,12.0,8,8,6,1,1,true,true,10,10
24,2,17,7,2,552,36,0.065217,12.0,8,8,6,1,1,true,true,14,14
24,2,17,7,3,552,30,0.054348,12.0,8,8,6,1,1,true,true,18,18
24,2,17,11,0,552,81,0.146739,12.0,8,8,6,1,1,true,true,6,6
24,2,17,11,1,552,63,0.114130,12.0,8,8,6,1,1,true,true,10,10
24,2,17,11,2,552,46,0.083333,12.0,8,8,6,1,1,true,true,14,14
24,2,17,11,3,552,27,0.048913,12.0,8,8,6,1,1,true,true,18,18
24,2,17,13,0,552,90,0.163043,12.0,8,8,6,1,1,true,true,6,6
24,2,17,13,1,552,48,0.086957,12.0,8,8,6,1,1,true,true,10,10
24,2,17,13,2,552,34,0.061594,12.0,8,8,6,1,1,true,true,14,14
24,2,17,13,3,552,31,0.056159,12.0,8,8,6,1,1,true,true,18,18
24,2,17,19,0,552,84,0.152174,12.0,8,8,6,1,1,true,true,6,6
24,2,17,19,1,552,49,0.088768,12.0,8,8,6,1,1,true,true,10,10
24,2,17,19,2,552,30,0.054348,12.0,8,8,6,1,1,true,true,14,14
24,2,17,19,3,552,30,0.054348,12.0,8,8,6,1,1,true,true,18,18
24,2,17,23,0,552,88,0.159420,12.0,8,8,6,1,1,true,true,6,6
24,2,17,23,1,552,47,0.085145,12.0,8,8,6,1,1,true,true,10,10
24,2,17,23,2,552,38,0.068841,12.0,8,8,6,1,1,true,true,14,14
24,2,17,23,3,552,31,0.056159,12.0,8,8,6,1,1,true,true,18,18
24,2,19,1,0,552,76,0.137681,12.0,8,8,6,1,1,true,false,6,6
24,2,19,1,1,552,47,0.085145,12.0,8,8,6,1,1,true,false,10,10
24,2,19,1,2,552,36,0.065217,12.0,8,8,6,1,1,true,false,14,14
24,2,19,1,3,552,22,0.039855,12.0,8,8,6,1,1,true,false,18,18
24,2,19,5,0,552,80,0.144928,12.0,8,8,6,1,1,true,true,6,6
24,2,19,5,1,552,55,0.099638,12.0,8,8,6,1,1,true,true,10,10
24,2,19,5,2,552,33,0.059783,12.0,8,8,6,1,1,true,true,14,14
24,2,19,5,3,552,23,0.041667,12.0,8,8,6,1,1,true,true,18,18
24,2,19,7,0,552,94,0.170290,12.0,8,8,6,1,1,true,true,6,6
24,2,19,7,1,552,43,0.077899,12.0,8,8,6,1,1,true,true,10,10
24,2,19,7,2,552,40,0.072464,12.0,8,8,6,1,1,true,true,14,14
24,2,19,7,3,552,36,0.065217,12.0,8,8,6,1,1,true,true,18,18
24,2,19,11,0,552,92,0.166667,12.0,8,8,6,1,1,true,true,6,6
24,2,19,11,1,552,53,0.096014,12.0,8,8,6,1,1,true,true,10,10
24,2,19,11,2,552,51,0.092391,12.0,8,8,6,1,1,true,true,14,14
24,2,19,11,3,552,30,0.054348,12.0,8,8,6,1,1,true,true,18,18
24,2,19,13,0,552,93,0.168478,12.0,8,8,6,1,1,true,true,6,6
24,2,19,13,1,552,53,0.096014,12.0,8,8,6,1,1,true,true,10,10
24,2,19,13,2,552,47,0.085145,12.0,8,8,6,1,1,true,true,14,14
24,2,19,13,3,552,22,0.039855,12.0,8,8,6,1,1,true,true,18,18
24,2,19,17,0,552,76,0.137681,12.0,8,8,6,1,1,true,true,6,6
24,2,19,17,1,552,59,0.106884,12.0,8,8,6,1,1,true,true,10,10
24,2,19,17,2,552,44,0.079710,12.0,8,8,6,1,1,true,true,14,14
24,2,19,17,3,552,30,0.054348,12.0,8,8,6,1,1,true,true,18,18
24,2,19,23,0,552,86,0.155797,12.0,8,8,6,1,1,true,true,6,6
24,2,19,23,1,552,49,0.088768,12.0,8,8,6,1,1,true,true,10,10
24,2,19,23,2,552,38,0.068841,12.0,8,8,6,1,1,true,true,14,14
24,2,19,23,3,552,26,0.047101,12.0,8,8,6,1,1,true,true,18,18
24,2,23,1,0,552,77,0.139493,12.0,8,8,6,1,1,true,false,6,6
24,2,23,1,1,552,41,0.074275,12.0,8,8,6,1,1,true,false,10,10
24,2,23,1,2,552,33,0.059783,12.0,8,8,6,1,1,true,false,14,14
24,2,23,1,3,552,31,0.056159,12.0,8,8,6,1,1,true,false,18,18
24,2,23,5,0,552,78,0.141304,12.0,8,8,6,1,1,true,true,6,6
24,2,23,5,1,552,46,0.083333,12.0,8,8,6,1,1,true,true,10,10
24,2,23,5,2,552,38,0.068841,12.0,8,8,6,1,1,true,true,14,14
24,2,23,5,3,552,31,0.056159,12.0,8,8,6,1,1,true,true,18,18
24,2,23,7,0,552,93,0.168478,12.0,8,8,6,1,1,true,true,6,6
24,2,23,7,1,552,60,0.108696,12.0,8,8,6,1,1,true,true,10,10
24,2,23,7,2,552,29,0.052536,12.0,8,8,6,1,1,true,true,14,14
24,2,23,7,3,552,25,0.045290,12.0,8,8,6,1,1,true,true,18,18
24,2,23,11,0,552,95,0.172101,12.0,8,8,6,1,1,true,true,6,6
24,2,23,11,1,552,57,0.103261,12.0,8,8,6,1,1,true,true,10,10
24,2,23,11,2,552,25,0.045290,12.0,8,8,6,1,1,true,true,14,14
24,2,23,11,3,552,30,0.054348,12.0,8,8,6,1,1,true,true,18,18
24,2,23,13,0,552,86,0.155797,12.0,8,8,6,1,1,true,true,6,6
24,2,23,13,1,552,53,0.096014,12.0,8,8,6,1,1,true,true,10,10
24,2,23,13,2,552,37,0.067029,12.0,8,8,6,1,1,true,true,14,14
24,2,23,13,3,552,40,0.072464,12.0,8,8,6,1,1,true,true,18,18
24,2,23,17,0,552,89,0.161232,12.0,8,8,6,1,1,true,true,6,6
24,2,23,17,1,552,57,0.103261,12.0,8,8,6,1,1,true,true,10,10
24,2,23,17,2,552,35,0.063406,12.0,8,8,6,1,1,true,true,14,14
24,2,23,17,3,552,33,0.059783,12.0,8,8,6,1,1,true,true,18,18
24,2,23,19,0,552,96,0.173913,12.0,8,8,6,1,1,true,true,6,6
24,2,23,19,1,552,52,0.094203,12.0,8,8,6,1,1,true,true,10,10
24,2,23,19,2,552,35,0.063406,12.0,8,8,6,1,1,true,true,14,14
24,2,23,19,3,552,26,0.047101,12.0,8,8,6,1,1,true,true,18,18
24,3,1,5,0,13248,2045,0.154363,12.0,8,8,6,1,1,false,true,7,7
24,3,1,5,1,13248,1271,0.095939,12.0,8,8,6,1,1,false,true,11,11
24,3,1,5,2,13248,891,0.067255,12.0,8,8,6,1,1,false,true,15,15
24,3,1,5,3,13248,737,0.055631,12.0,8,8,6,1,1,false,true,19,19
24,3,1,7,0,13248,2029,0.153155,12.0,8,8,6,1,1,false,true,7,7
24,3,1,7,1,13248,1254,0.094656,12.0,8,8,6,1,1,false,true,11,11
24,3,1,7,2,13248,886,0.066878,12.0,8,8,6,1,1,false,true,15,15
24,3,1,7,3,13248,713,0.053819,12.0,8,8,6,1,1,false,true,19,19
24,3,1,11,0,13248,2020,0.152476,12.0,8,8,6,1,1,false,true,7,7
24,3,1,11,1,13248,1265,0.095486,12.0,8,8,6,1,1,false,true,11,11
24,3,1,11,2,13248,919,0.069369,12.0,8,8,6,1,1,false,true,15,15
24,3,1,11,3,13248,686,0.051781,12.0,8,8,6,1,1,false,true,19,19
24,3,1,13,0,13248,2065,0.155873,12.0,8,8,6,1,1,false,true,7,7
24,3,1,13,1,13248,1265,0.095486,12.0,8,8,6,1,1,false,true,11,11
24,3,1,13,2,13248,862,0.065066,12.0,8,8,6,1,1,false,true,15,15
24,3,1,13,3,13248,708,0.053442,12.0,8,8,6,1,1,false,true,19,19
24,3,1,17,0,13248,2031,0.153306,12.0,8,8,6,1,1,false,true,7,7
24,3,1,17,1,13248,1263,0.095335,12.0,8,8,6,1,1,false,true,11,11
24,3,1,17,2,13248,881,0.066501,12.0,8,8,6,1,1,false,true,15,15
24,3,1,17,3,13248,711,0.053668,12.0,8,8,6,1,1,false,true,19,19
24,3,1,19,0,13248,2030,0.153231,12.0,8,8,6,1,1,false,true,7,7
24,3,1,19,1,13248,1217,0.091863,12.0,8,8,6,1,1,false,true,11,11
24,3,1,19,2,13248,889,0.067104,12.0,8,8,6,1,1,false,true,15,15
24,3,1,19,3,13248,679,0.051253,12.0,8,8,6,1,1,false,true,19,19
24,3,1,23,0,13248,2022,0.152627,12.0,8,8,6,1,1,false,true,7,7
24,3,1,23,1,13248,1262,0.095260,12.0,8,8,6,1,1,false,true,11,11
24,3,1,23,2,13248,870,0.065670,12.0,8,8,6,1,1,false,true,15,15
24,3,1,23,3,13248,689,0.052008,12.0,8,8,6,1,1,false,true,19,19
24,3,5,1,0,13248,1919,0.144852,12.0,8,8,6,1,1,true,false,7,7
24,3,5,1,1,13248,1194,0.090127,12.0,8,8,6,1,1,true,false,11,11
24,3,5,1,2,13248,839,0.063330,12.0,8,8,6,1,1,true,false,15,15
24,3,5,1,3,13248,644,0.048611,12.0,8,8,6,1,1,true,false,19,19
24,3,5,7,0,13248,1912,0.144324,12.0,8,8,6,1,1,true,true,7,7
24,3,5,7,1,13248,1162,0.087711,12.0,8,8,6,1,1,true,true,11,11
24,3,5,7,2,13248,916,0.069143,12.0,8,8,6,1,1,true,true,15,15
24,3,5,7,3,13248,652,0.049215,12.0,8,8,6,1,1,true,true,19,19
24,3,5,11,0,13248,1950,0.147192,12.0,8,8,6,1,1,true,true,7,7
24,3,5,11,1,13248,1185,0.089447,12.0,8,8,6,1,1,true,true,11,11
24,3,5,11,2,13248,880,0.066425,12.0,8,8,6,1,1,true,true,15,15
24,3,5,11,3,13248,694,0.052385,12.0,8,8,6,1,1,true,true,19,19
24,3,5,13,0,13248,1889,0.142588,12.0,8,8,6,1,1,true,true,7,7
24,3,5,13,1,13248,1200,0.090580,12.0,8,8,6,1,1,true,true,11,11
24,3,5,13,2,13248,853,0.064387,12.0,8,8,6,1,1,true,true,15,15
24,3,5,13,3,13248,677,0.051102,12.0,8,8,6,1,1,true,true,19,19
24,3,5,17,0,13248,1922,0.145079,12.0,8,8,6,1,1,true,true,7,7
24,3,5,17,1,13248,1153,0.087032,12.0,8,8,6,1,1,true,true,11,11
24,3,5,17,2,13248,861,0.064991,12.0,8,8,6,1,1,true,true,15,15
24,3,5,17,3,13248,677,0.051102,12.0,8,8,6,1,1,true,true,19,19
24,3,5,19,0,13248,1896,0.143116,12.0,8,8,6,1,1,true,true,7,7
24,3,5,19,1,13248,1217,0.091863,12.0,8,8,6,1,1,true,true,11,11
24,3,5,19,2,13248,845,0.063783,12.0,8,8,6,1,1,true,true,15,15
24,3,5,19,3,13248,692,0.052234,12.0,8,8,6,1,1,true,true,19,19
24,3,5,23,0,13248,1883,0.142135,12.0,8,8,6,1,1,true,true,7,7
24,3,5,23,1,13248,1158,0.087409,12.0,8,8,6,1,1,true,true,11,11
24,3,5,23,2,13248,840,0.063406,12.0,8,8,6,1,1,true,true,15,15
24,3,5,23,3,13248,693,0.052310,12.0,8,8,6,1,1,true,true,19,19
24,3,7,1,0,13248,1883,0.142135,12.0,8,8,6,1,1,true,false,7,7
24,3,7,1,1,13248,1146,0.086504,12.0,8,8,6,1,1,true,false,11,11
24,3,7,1,2,13248,853,0.064387,12.0,8,8,6,1,1,true,false,15,15
24,3,7,1,3,13248,679,0.051253,12.0,8,8,6,1,1,true,false,19,19
24,3,7,5,0,13248,1930,0.145682,12.0,8,8,6,1,1,true,true,7,7
24,3,7,5,1,13248,1179,0.088995,12.0,8,8,6,1,1,true,true,11,11
24,3,7,5,2,13248,849,0.064085,12.0,8,8,6,1,1,true,true,15,15
24,3,7,5,3,13248,638,0.048158,12.0,8,8,6,1,1,true,true,19,19
24,3,7,11,0,13248,1908,0.144022,12.0,8,8,6,1,1,true,true,7,7
24,3,7,11,1,13248,1175,0.088693,12.0,8,8,6,1,1,true,true,11,11
24,3,7,11,2,13248,886,0.066878,12.0,8,8,6,1,1,true,true,15,15
24,3,7,11,3,13248,699,0.052763,12.0,8,8,6,1,1,true,true,19,19
24,3,7,13,0,13248,1901,0.143493,12.0,8,8,6,1,1,true,true,7,7
24,3,7,13,1,13248,1143,0.086277,12.0,8,8,6,1,1,true,true,11,11
24,3,7,13,2,13248,841,0.063481,12.0,8,8,6,1,1,true,true,15,15
24,3,7,13,3,13248,651,0.049139,12.0,8,8,6,1,1,true,true,19,19
24,3,7,17,0,13248,1876,0.141606,12.0,8,8,6,1,1,true,true,7,7
24,3,7,17,1,13248,1235,0.093222,12.0,8,8,6,1,1,true,true,11,11
24,3,7,17,2,13248,856,0.064614,12.0,8,8,6,1,1,true,true,15,15
24,3,7,17,3,13248,663,0.050045,12.0,8,8,6,1,1,true,true,19,19
24,3,7,19,0,13248,1900,0.143418,12.0,8,8,6,1,1,true,true,7,7
24,3,7,19,1,13248,1184,0.089372,12.0,8,8,6,1,1,true,true,11,11
24,3,7,19,2,13248,840,0.063406,12.0,8,8,6,1,1,true,true,15,15
24,3,7,19,3,13248,671,0.050649,12.0,8,8,6,1,1,true,true,19,19
24,3,7,23,0,13248,1859,0.140323,12.0,8,8,6,1,1,true,true,7,7
24,3,7,23,1,13248,1142,0.086202,12.0,8,8,6,1,1,true,true,11,11
24,3,7,23,2,13248,839,0.063330,12.0,8,8,6,1,1,true,true,15,15
24,3,7,23,3,13248,688,0.051932,12.0,8,8,6,1,1,true,true,19,19
24,3,11,1,0,13248,1892,0.142814,12.0,8,8,6,1,1,true,false,7,7
24,3,11,1,1,13248,1131,0.085371,12.0,8,8,6,1,1,true,false,11,11
24,3,11,1,2,13248,840,0.063406,12.0,8,8,6,1,1,true,false,15,15
24,3,11,1,3,13248,646,0.048762,12.0,8,8,6,1,1,true,false,19,19
24,3,11,5,0,13248,1839,0.138813,12.0,8,8,6,1,1,true,true,7,7
24,3,11,5,1,13248,1142,0.086202,12.0,8,8,6,1,1,true,true,11,11
24,3,11,5,2,13248,827,0.062425,12.0,8,8,6,1,1,true,true,15,15
24,3,11,5,3,13248,655,0.049441,12.0,8,8,6,1,1,true,true,19,19
24,3,11,7,0,13248,1900,0.143418,12.0,8,8,6,1,1,true,true,7,7
24,3,11,7,1,13248,1163,0.087787,12.0,8,8,6,1,1,true,true,11,11
24,3,11,7,2,13248,825,0.062274,12.0,8,8,6,1,1,true,true,15,15
24,3,11,7,3,13248,612,0.046196,12.0,8,8,6,1,1,true,true,19,19
24,3,11,13,0,13248,1853,0.139870,12.0,8,8,6,1,1,true,true,7,7
24,3,11,13,1,13248,1130,0.085296,12.0,8,8,6,1,1,true,true,11,11
24,3,11,13,2,13248,852,0.064312,12.0,8,8,6,1,1,true,true,15,15
24,3,11,13,3,13248,663,0.050045,12.0,8,8,6,1,1,true,true,19,19
24,3,11,17,0,13248,1800,0.135870,12.0,8,8,6,1,1,true,true,7,7
24,3,11,17,1,13248,1149,0.086730,12.0,8,8,6,1,1,true,true,11,11
24,3,11,17,2,13248,853,0.064387,12.0,8,8,6,1,1,true,true,15,15
24,3,11,17,3,13248,653,0.049290,12.0,8,8,6,1,1,true,true,19,19
24,3,11,19,0,13248,1857,0.140172,12.0,8,8,6,1,1,true,true,7,7
24,3,11,19,1,13248,1136,0.085749,12.0,8,8,6,1,1,true,true,11,11
24,3,11,19,2,13248,823,0.062123,12.0,8,8,6,1,1,true,true,15,15
24,3,11,19,3,13248,671,0.050649,12.0,8,8,6,1,1,true,true,19,19
24,3,11,23,0,13248,1883,0.142135,12.0,8,8,6,1,1,true,true,7,7
24,3,11,23,1,13248,1137,0.085824,12.0,8,8,6,1,1,true,true,11,11
24,3,11,23,2,13248,863,0.065142,12.0,8,8,6,1,1,true,true,15,15
24,3,11,23,3,13248,647,0.048838,12.0,8,8,6,1,1,true,true,19,19
24,3,13,1,0,13248,1838,0.138738,12.0,8,8,6,1,1,true,false,7,7
24,3,13,1,1,13248,1145,0.086428,12.0,8,8,6,1,1,true,false,11,11
24,3,13,1,2,13248,838,0.063255,12.0,8,8,6,1,1,true,false,15,15
24,3,13,1,3,13248,661,0.049894,12.0,8,8,6,1,1,true,false,19,19
24,3,13,5,0,13248,1867,0.140927,12.0,8,8,6,1,1,true,true,7,7
24,3,13,5,1,13248,1159,0.087485,12.0,8,8,6,1,1,true,true,11,11
24,3,13,5,2,13248,811,0.061217,12.0,8,8,6,1,1,true,true,15,15
24,3,13,5,3,13248,672,0.050725,12.0,8,8,6,1,1,true,true,19,19
24,3,13,7,0,13248,1854,0.139946,12.0,8,8,6,1,1,true,true,7,7
24,3,13,7,1,13248,1125,0.084918,12.0,8,8,6,1,1,true,true,11,11
24,3,13,7,2,13248,855,0.064538,12.0,8,8,6,1,1,true,true,15,15
24,3,13,7,3,13248,665,0.050196,12.0,8,8,6,1,1,true,true,19,19
24,3,13,11,0,13248,1789,0.135039,12.0,8,8,6,1,1,true,true,7,7
24,3,13,11,1,13248,1163,0.087787,12.0,8,8,6,1,1,true,true,11,11
24,3,13,11,2,13248,825,0.062274,12.0,8,8,6,1,1,true,true,15,15
24,3,13,11,3,13248,681,0.051404,12.0,8,8,6,1,1,true,true,19,19
24,3,13,17,0,13248,1839,0.138813,12.0,8,8,6,1,1,true,true,7,7
24,3,13,17,1,13248,1129,0.085220,12.0,8,8,6,1,1,true,true,11,11
24,3,13,17,2,13248,815,0.061519,12.0,8,8,6,1,1,true,true,15,15
24,3,13,17,3,13248,665,0.050196,12.0,8,8,6,1,1,true,true,19,19
24,3,13,19,0,13248,1833,0.138361,12.0,8,8,6,1,1,true,true,7,7
24,3,13,19,1,13248,1140,0.086051,12.0,8,8,6,1,1,true,true,11,11
24,3,13,19,2,13248,842,0.063557,12.0,8,8,6,1,1,true,true,15,15
24,3,13,19,3,13248,618,0.046649,12.0,8,8,6,1,1,true,true,19,19
24,3,13,23,0,13248,1853,0.139870,12.0,8,8,6,1,1,true,true,7,7
24,3,13,23,1,13248,1119,0.084466,12.0,8,8,6,1,1,true,true,11,11
24,3,13,23,2,13248,880,0.066425,12.0,8,8,6,1,1,true,true,15,15
24,3,13,23,3,13248,663,0.050045,12.0,8,8,6,1,1,true,true,19,19
24,3,17,1,0,13248,1842,0.139040,12.0,8,8,6,1,1,true,false,7,7
24,3,17,1,1,13248,1154,0.087107,12.0,8,8,6,1,1,true,false,11,11
24,3,17,1,2,13248,859,0.064840,12.0,8,8,6,1,1,true,false,15,15
24,3,17,1,3,13248,656,0.049517,12.0,8,8,6,1,1,true,false,19,19
24,3,17,5,0,13248,1834,0.138436,12.0,8,8,6,1,1,true,true,7,7
24,3,17,5,1,13248,1114,0.084088,12.0,8,8,6,1,1,true,true,11,11
24,3,17,5,2,13248,801,0.060462,12.0,8,8,6,1,1,true,true,15,15
24,3,17,5,3,13248,718,0.054197,12.0,8,8,6,1,1,true,true,19,19
24,3,17,7,0,13248,1834,0.138436,12.0,8,8,6,1,1,true,true,7,7
24,3,17,7,1,13248,1138,0.085900,12.0,8,8,6,1,1,true,true,11,11
24,3,17,7,2,13248,890,0.067180,12.0,8,8,6,1,1,true,true,15,15
24,3,17,7,3,13248,640,0.048309,12.0,8,8,6,1,1,true,true,19,19
24,3,17,11,0,13248,1792,0.135266,12.0,8,8,6,1,1,true,true,7,7
24,3,17,11,1,13248,1165,0.087938,12.0,8,8,6,1,1,true,true,11,11
24,3,17,11,2,13248,847,0.063934,12.0,8,8,6,1,1,true,true,15,15
24,3,17,11,3,13248,661,0.049894,12.0,8,8,6,1,1,true,true,19,19
24,3,17,13,0,13248,1775,0.133982,12.0,8,8,6,1,1,true,true,7,7
24,3,17,13,1,13248,1109,0.083711,12.0,8,8,6,1,1,true,true,11,11
24,3,17,13,2,13248,902,0.068086,12.0,8,8,6,1,1,true,true,15,15
24,3,17,13,3,13248,686,0.051781,12.0,8,8,6,1,1,true,true,19,19
24,3,17,19,0,13248,1791,0.135190,12.0,8,8,6,1,1,true,true,7,7
24,3,17,19,1,13248,1135,0.085673,12.0,8,8,6,1,1,true,true,11,11
24,3,17,19,2,13248,861,0.064991,12.0,8,8,6,1,1,true,true,15,15
24,3,17,19,3,13248,656,0.049517,12.0,8,8,6,1,1,true,true,19,19
24,3,17,23,0,13248,1792,0.135266,12.0,8,8,6,1,1,true,true,7,7
24,3,17,23,1,13248,1107,0.083560,12.0,8,8,6,1,1,true,true,11,11
24,3,17,23,2,13248,822,0.062047,12.0,8,8,6,1,1,true,true,15,15
24,3,17,23,3,13248,634,0.047856,12.0,8,8,6,1,1,true,true,19,19
24,3,19,1,0,13248,1772,0.133756,12.0,8,8,6,1,1,true,false,7,7
24,3,19,1,1,13248,1167,0.088089,12.0,8,8,6,1,1,true,false,11,11
24,3,19,1,2,13248,856,0.064614,12.0,8,8,6,1,1,true,false,15,15
24,3,19,1,3,13248,669,0.050498,12.0,8,8,6,1,1,true,false,19,19
24,3,19,5,0,13248,1862,0.140550,12.0,8,8,6,1,1,true,true,7,7
24,3,19,5,1,13248,1134,0.085598,12.0,8,8,6,1,1,true,true,11,11
24,3,19,5,2,13248,857,0.064689,12.0,8,8,6,1,1,true,true,15,15
24,3,19,5,3,13248,694,0.052385,12.0,8,8,6,1,1,true,true,19,19
24,3,19,7,0,13248,1818,0.137228,12.0,8,8,6,1,1,true,true,7,7
24,3,19,7,1,13248,1149,0.086730,12.0,8,8,6,1,1,true,true,11,11
24,3,19,7,2,13248,841,0.063481,12.0,8,8,6,1,1,true,true,15,15
24,3,19,7,3,13248,656,0.049517,12.0,8,8,6,1,1,true,true,19,19
24,3,19,11,0,13248,1762,0.133001,12.0,8,8,6,1,1,true,true,7,7
24,3,19,11,1,13248,1135,0.085673,12.0,8,8,6,1,1,true,true,11,11
24,3,19,11,2,13248,877,0.066199,12.0,8,8,6,1,1,true,true,15,15
24,3,19,11,3,13248,688,0.051932,12.0,8,8,6,1,1,true,true,19,19
24,3,19,13,0,13248,1795,0.135492,12.0,8,8,6,1,1,true,true,7,7
24,3,19,13,1,13248,1166,0.088013,12.0,8,8,6,1,1,true,true,11,11
24,3,19,13,2,13248,805,0.060764,12.0,8,8,6,1,1,true,true,15,15
24,3,19,13,3,13248,666,0.050272,12.0,8,8,6,1,1,true,true,19,19
24,3,19,17,0,13248,1835,0.138511,12.0,8,8,6,1,1,true,true,7,7
24,3,19,17,1,13248,1140,0.086051,12.0,8,8,6,1,1,true,true,11,11
24,3,19,17,2,13248,821,0.061972,12.0,8,8,6,1,1,true,true,15,15
24,3,19,17,3,13248,630,0.047554,12.0,8,8,6,1,1,true,true,19,19
24,3,19,23,0,13248,1752,0.132246,12.0,8,8,6,1,1,true,true,7,7
24,3,19,23,1,13248,1146,0.086504,12.0,8,8,6,1,1,true,true,11,11
24,3,19,23,2,13248,856,0.064614,12.0,8,8,6,1,1,true,true,15,15
24,3,19,23,3,13248,618,0.046649,12.0,8,8,6,1,1,true,true,19,19
24,3,23,1,0,13248,1792,0.135266,12.0,8,8,6,1,1,true,false,7,7
24,3,23,1,1,13248,1142,0.086202,12.0,8,8,6,1,1,true,false,11,11
24,3,23,1,2,13248,811,0.061217,12.0,8,8,6,1,1,true,false,15,15
24,3,23,1,3,13248,654,0.049366,12.0,8,8,6,1,1,true,false,19,19
24,3,23,5,0,13248,1777,0.134133,12.0,8,8,6,1,1,true,true,7,7
24,3,23,5,1,13248,1181,0.089146,12.0,8,8,6,1,1,true,true,11,11
24,3,23,5,2,13248,829,0.062575,12.0,8,8,6,1,1,true,true,15,15
24,3,23,5,3,13248,672,0.050725,12.0,8,8,6,1,1,true,true,19,19
24,3,23,7,0,13248,1797,0.135643,12.0,8,8,6,1,1,true,true,7,7
24,3,23,7,1,13248,1075,0.081144,12.0,8,8,6,1,1,true,true,11,11
24,3,23,7,2,13248,871,0.065746,12.0,8,8,6,1,1,true,true,15,15
24,3,23,7,3,13248,672,0.050725,12.0,8,8,6,1,1,true,true,19,19
24,3,23,11,0,13248,1785,0.134737,12.0,8,8,6,1,1,true,true,7,7
24,3,23,11,1,13248,1131,0.085371,12.0,8,8,6,1,1,true,true,11,11
24,3,23,11,2,13248,847,0.063934,12.0,8,8,6,1,1,true,true,15,15
24,3,23,11,3,13248,666,0.050272,12.0,8,8,6,1,1,true,true,19,19
24,3,23,13,0,13248,1785,0.134737,12.0,8,8,6,1,1,true,true,7,7
24,3,23,13,1,13248,1133,0.085522,12.0,8,8,6,1,1,true,true,11,11
24,3,23,13,2,13248,774,0.058424,12.0,8,8,6,1,1,true,true,15,15
24,3,23,13,3,13248,703,0.053065,12.0,8,8,6,1,1,true,true,19,19
24,3,23,17,0,13248,1772,0.133756,12.0,8,8,6,1,1,true,true,7,7
24,3,23,17,1,13248,1143,0.086277,12.0,8,8,6,1,1,true,true,11,11
24,3,23,17,2,13248,820,0.061896,12.0,8,8,6,1,1,true,true,15,15
24,3,23,17,3,13248,676,0.051027,12.0,8,8,6,1,1,true,true,19,19
24,3,23,19,0,13248,1751,0.132171,12.0,8,8,6,1,1,true,true,7,7
24,3,23,19,1,13248,1119,0.084466,12.0,8,8,6,1,1,true,true,11,11
24,3,23,19,2,13248,820,0.061896,12.0,8,8,6,1,1,true,true,15,15
24,3,23,19,3,13248,695,0.052461,12.0,8,8,6,1,1,true,true,19,19
30,1,1,7,0,29,5,0.172414,15.0,8,8,30,1,1,false,true,5,5
30,1,1,7,1,29,5,0.172414,15.0,8,8,30,1,1,false,true,9,9
30,1,1,7,2,29,4,0.137931,15.0,8,8,30,1,1,false,true,13,13
30,1,1,7,3,29,5,0.172414,15.0,8,8,30,1,1,false,true,17,17
30,1,1,11,0,29,7,0.241379,15.0,8,8,30,1,1,false,true,5,5
30,1,1,11,1,29,1,0.034483,15.0,8,8,30,1,1,false,true,9,9
30,1,1,11,2,29,1,0.034483,15.0,8,8,30,1,1,false,true,13,13
30,1,1,11,3,29,1,0.034483,15.0,8,8,30,1,1,false,true,17,17
30,1,1,13,0,29,6,0.206897,15.0,8,8,30,1,1,false,true,5,5
30,1,1,13,1,29,3,0.103448,15.0,8,8,30,1,1,false,true,9,9
30,1,1,13,2,29,1,0.034483,15.0,8,8,30,1,1,false,true,13,13
30,1,1,13,3,29,2,0.068966,15.0,8,8,30,1,1,false,true,17,17
30,1,1,17,0,29,8,0.275862,15.0,8,8,30,1,1,false,true,5,5
30,1,1,17,1,29,5,0.172414,15.0,8,8,30,1,1,false,true,9,9
30,1,1,17,2,29,1,0.034483,15.0,8,8,30,1,1,false,true,13,13
30,1,1,17,3,29,2,0.068966,15.0,8,8,30,1,1,false,true,17,17
30,1,1,19,0,29,11,0.379310,15.0,8,8,30,1,1,false,true,5,5
30,1,1,19,1,29,4,0.137931,15.0,8,8,30,1,1,false,true,9,9
30,1,1,19,2,29,4,0.137931,15.0,8,8,30,1,1,false,true,13,13
30,1,1,19,3,29,3,0.103448,15.0,8,8,30,1,1,false,true,17,17
30,1,1,23,0,29,13,0.448276,15.0,8,8,30,1,1,false,true,5,5
30,1,1,23,1,29,4,0.137931,15.0,8,8,30,1,1,false,true,9,9
30,1,1,23,2,29,2,0.068966,15.0,8,8,30,1,1,false,true,13,13
30,1,1,23,3,29,1,0.034483,15.0,8,8,30,1,1,false,true,17,17
30,1,1,29,0,29,8,0.275862,15.0,8,8,30,1,1,false,true,5,5
30,1,1,29,1,29,9,0.310345,15.0,8,8,30,1,1,false,true,9,9
30,1,1,29,2,29,4,0.137931,15.0,8,8,30,1,1,false,true,13,13
30,1,1,29,3,29,0,0.000000,15.0,8,8,30,1,1,false,true,17,17
30,1,7,1,0,29,8,0.275862,15.0,8,8,30,1,1,true,false,5,5
30,1,7,1,1,29,3,0.103448,15.0,8,8,30,1,1,true,false,9,9
30,1,7,1,2,29,2,0.068966,15.0,8,8,30,1,1,true,false,13,13
30,1,7,1,3,29,0,0.000000,15.0,8,8,30,1,1,true,false,17,17
30,1,7,11,0,29,9,0.310345,15.0,8,8,30,1,1,true,true,5,5
30,1,7,11,1,29,4,0.137931,15.0,8,8,30,1,1,true,true,9,9
30,1,7,11,2,29,1,0.034483,15.0,8,8,30,1,1,true,true,13,13
30,1,7,11,3,29,2,0.068966,15.0,8,8,30,1,1,true,true,17,17
30,1,7,13,0,29,7,0.241379,15.0,8,8,30,1,1,true,true,5,5
30,1,7,13,1,29,5,0.172414,15.0,8,8,30,1,1,true,true,9,9
30,1,7,13,2,29,7,0.241379,15.0,8,8,30,1,1,true,true,13,13
30,1,7,13,3,29,2,0.068966,15.0,8,8,30,1,1,true,true,17,17
30,1,7,17,0,29,6,0.206897,15.0,8,8,30,1,1,true,true,5,5
30,1,7,17,1,29,3,0.103448,15.0,8,8,30,1,1,true,true,9,9
30,1,7,17,2,29,2,0.068966,15.0,8,8,30,1,1,true,true,13,13
30,1,7,17,3,29,4,0.137931,15.0,8,8,30,1,1,true,true,17,17
30,1,7,19,0,29,6,0.206897,15.0,8,8,30,1,1,true,true,5,5
30,1,7,19,1,29,2,0.068966,15.0,8,8,30,1,1,true,true,9,9
30,1,7,19,2,29,3,0.103448,15.0,8,8,30,1,1,true,true,13,13
30,1,7,19,3,29,4,0.137931,15.0,8,8,30,1,1,true,true,17,17
30,1,7,23,0,29,7,0.241379,15.0,8,8,30,1,1,true,true,5,5
30,1,7,23,1,29,7,0.241379,15.0,8,8,30,1,1,true,true,9,9
30,1,7,23,2,29,3,0.103448,15.0,8,8,30,1,1,true,true,13,13
30,1,7,23,3,29,1,0.034483,15.0,8,8,30,1,1,true,true,17,17
30,1,7,29,0,29,10,0.344828,15.0,8,8,30,1,1,true,true,5,5
30,1,7,29,1,29,1,0.034483,15.0,8,8,30,1,1,true,true,9,9
30,1,7,29,2,29,2,0.068966,15.0,8,8,30,1,1,true,true,13,13
30,1,7,29,3,29,2,0.068966,15.0,8,8,30,1,1,true,true,17,17
30,1,11,1,0,29,5,0.172414,15.0,8,8,30,1,1,true,false,5,5
30,1,11,1,1,29,3,0.103448,15.0,8,8,30,1,1,true,false,9,9
30,1,11,1,2,29,4,0.137931,15.0,8,8,30,1,1,true,false,13,13
30,1,11,1,3,29,2,0.068966,15.0,8,8,30,1,1,true,false,17,17
30,1,11,7,0,29,10,0.344828,15.0,8,8,30,1,1,true,true,5,5
30,1,11,7,1,29,4,0.137931,15.0,8,8,30,1,1,true,true,9,9
30,1,11,7,2,29,2,0.068966,15.0,8,8,30,1,1,true,true,13,13
30,1,11,7,3,29,1,0.034483,15.0,8,8,30,1,1,true,true,17,17
30,1,11,13,0,29,5,0.172414,15.0,8,8,30,1,1,true,true,5,5
30,1,11,13,1,29,6,0.206897,15.0,8,8,30,1,1,true,true,9,9
30,1,11,13,2,29,4,0.137931,15.0,8,8,30,1,1,true,true,13,13
30,1,11,13,3,29,3,0.103448,15.0,8,8,30,1,1,true,true,17,17
30,1,11,17,0,29,8,0.275862,15.0,8,8,30,1,1,true,true,5,5
30,1,11,17,1,29,4,0.137931,15.0,8,8,30,1,1,true,true,9,9
30,1,11,17,2,29,1,0.034483,15.0,8,8,30,1,1,true,true,13,13
30,1,11,17,3,29,1,0.034483,15.0,8,8,30,1,1,true,true,17,17
30,1,11,19,0,29,14,0.482759,15.0,8,8,30,1,1,true,true,5,5
30,1,11,19,1,29,1,0.034483,15.0,8,8,30,1,1,true,true,9,9
30,1,11,19,2,29,2,0.068966,15.0,8,8,30,1,1,true,true,13,13
30,1,11,19,3,29,0,0.000000,15.0,8,8,30,1,1,true,true,17,17
30,1,11,23,0,29,5,0.172414,15.0,8,8,30,1,1,true,true,5,5
30,1,11,23,1,29,4,0.137931,15.0,8,8,30,1,1,true,true,9,9
30,1,11,23,2,29,3,0.103448,15.0,8,8,30,1,1,true,true,13,13
30,1,11,23,3,29,3,0.103448,15.0,8,8,30,1,1,true,true,17,17
30,1,11,29,0,29,8,0.275862,15.0,8,8,30,1,1,true,true,5,5
30,1,11,29,1,29,3,0.103448,15.0,8,8,30,1,1,true,true,9,9
30,1,11,29,2,29,4,0.137931,15.0,8,8,30,1,1,true,true,13,13
30,1,11,29,3,29,1,0.034483,15.0,8,8,30,1,1,true,true,17,17
30,1,13,1,0,29,6,0.206897,15.0,8,8,30,1,1,true,false,5,5
30,1,13,1,1,29,2,0.068966,15.0,8,8,30,1,1,true,false,9,9
30,1,13,1,2,29,1,0.034483,15.0,8,8,30,1,1,true,false,13,13
30,1,13,1,3,29,1,0.034483,15.0,8,8,30,1,1,true,false,17,17
30,1,13,7,0,29,5,0.172414,15.0,8,8,30,1,1,true,true,5,5
30,1,13,7,1,29,5,0.172414,15.0,8,8,30,1,1,true,true,9,9
30,1,13,7,2,29,4,0.137931,15.0,8,8,30,1,1,true,true,13,13
30,1,13,7,3,29,3,0.103448,15.0,8,8,30,1,1,true,true,17,17
30,1,13,11,0,29,7,0.241379,15.0,8,8,30,1,1,true,true,5,5
30,1,13,11,1,29,6,0.206897,15.0,8,8,30,1,1,true,true,9,9
30,1,13,11,2,29,1,0.034483,15.0,8,8,30,1,1,true,true,13,13
30,1,13,11,3,29,1,0.034483,15.0,8,8,30,1,1,true,true,17,17
30,1,13,17,0,29,9,0.310345,15.0,8,8,30,1,1,true,true,5,5
30,1,13,17,1,29,5,0.172414,15.0,8,8,30,1,1,true,true,9,9
30,1,13,17,2,29,3,0.103448,15.0,8,8,30,1,1,true,true,13,13
30,1,13,17,3,29,2,0.068966,15.0,8,8,30,1,1,true,true,17,17
30,1,13,19,0,29,6,0.206897,15.0,8,8,30,1,1,true,true,5,5
30,1,13,19,1,29,1,0.034483,15.0,8,8,30,1,1,true,true,9,9
30,1,13,19,2,29,5,0.172414,15.0,8,8,30,1,1,true,true,13,13
30,1,13,19,3,29,1,0.034483,15.0,8,8,30,1,1,true,true,17,17
30,1,13,23,0,29,6,0.206897,15.0,8,8,30,1,1,true,true,5,5
30,1,13,23,1,29,2,0.068966,15.0,8,8,30,1,1,true,true,9,9
30,1,13,23,2,29,2,0.068966,15.0,8,8,30,1,1,true,true,13,13
30,1,13,23,3,29,4,0.137931,15.0,8,8,30,1,1,true,true,17,17
30,1,13,29,0,29,6,0.206897,15.0,8,8,30,1,1,true,true,5,5
30,1,13,29,1,29,7,0.241379,15.0,8,8,30,1,1,true,true,9,9
30,1,13,29,2,29,4,0.137931,15.0,8,8,30,1,1,true,true,13,13
30,1,13,29,3,29,2,0.068966,15.0,8,8,30,1,1,true,true,17,17
30,1,17,1,0,29,10,0.344828,15.0,8,8,30,1,1,true,false,5,5
30,1,17,1,1,29,4,0.137931,15.0,8,8,30,1,1,true,false,9,9
30,1,17,1,2,29,2,0.068966,15.0,8,8,30,1,1,true,false,13,13
30,1,17,1,3,29,2,0.068966,15.0,8,8,30,1,1,true,false,17,17
30,1,17,7,0,29,7,0.241379,15.0,8,8,30,1,1,true,true,5,5
30,1,17,7,1,29,4,0.137931,15.0,8,8,30,1,1,true,true,9,9
30,1,17,7,2,29,3,0.103448,15.0,8,8,30,1,1,true,true,13,13
30,1,17,7,3,29,1,0.034483,15.0,8,8,30,1,1,true,true,17,17
30,1,17,11,0,29,6,0.206897,15.0,8,8,30,1,1,true,true,5,5
30,1,17,11,1,29,4,0.137931,15.0,8,8,30,1,1,true,true,9,9
30,1,17,11,2,29,0,0.000000,15.0,8,8,30,1,1,true,true,13,13
30,1,17,11,3,29,4,0.137931,15.0,8,8,30,1,1,true,true,17,17
30,1,17,13,0,29,7,0.241379,15.0,8,8,30,1,1,true,true,5,5
30,1,17,13,1,29,3,0.103448,15.0,8,8,30,1,1,true,true,9,9
30,1,17,13,2,29,0,0.000000,15.0,8,8,30,1,1,true,true,13,13
30,1,17,13,3,29,2,0.068966,15.0,8,8,30,1,1,true,true,17,17
30,1,17,19,0,29,7,0.241379,15.0,8,8,30,1,1,true,true,5,5
30,1,17,19,1,29,4,0.137931,15.0,8,8,30,1,1,true,true,9,9
30,1,17,19,2,29,3,0.103448,15.0,8,8,30,1,1,true,true,13,13
30,1,17,19,3,29,1,0.034483,15.0,8,8,30,1,1,true,true,17,17
30,1,17,23,0,29,7,0.241379,15.0,8,8,30,1,1,true,true,5,5
30,1,17,23,1,29,4,0.137931,15.0,8,8,30,1,1,true,true,9,9
30,1,17,23,2,29,1,0.034483,15.0,8,8,30,1,1,true,true,13,13
30,1,17,23,3,29,1,0.034483,15.0,8,8,30,1,1,true,true,17,17
30,1,17,29,0,29,7,0.241379,15.0,8,8,30,1,1,true,true,5,5
30,1,17,29,1,29,2,0.068966,15.0,8,8,30,1,1,true,true,9,9
30,1,17,29,2,29,3,0.103448,15.0,8,8,30,1,1,true,true,13,13
30,1,17,29,3,29,3,0.103448,15.0,8,8,30,1,1,true,true,17,17
30,1,19,1,0,29,8,0.275862,15.0,8,8,30,1,1,true,false,5,5
30,1,19,1,1,29,4,0.137931,15.0,8,8,30,1,1,true,false,9,9
30,1,19,1,2,29,0,0.000000,15.0,8,8,30,1,1,true,false,13,13
30,1,19,1,3,29,2,0.068966,15.0,8,8,30,1,1,true,false,17,17
30,1,19,7,0,29,6,0.206897,15.0,8,8,30,1,1,true,true,5,5
30,1,19,7,1,29,4,0.137931,15.0,8,8,30,1,1,true,true,9,9
30,1,19,7,2,29,5,0.172414,15.0,8,8,30,1,1,true,true,13,13
30,1,19,7,3,29,1,0.034483,15.0,8,8,30,1,1,true,true,17,17
30,1,19,11,0,29,9,0.310345,15.0,8,8,30,1,1,true,true,5,5
30,1,19,11,1,29,4,0.137931,15.0,8,8,30,1,1,true,true,9,9
30,1,19,11,2,29,3,0.103448,15.0,8,8,30,1,1,true,true,13,13
30,1,19,11,3,29,3,0.103448,15.0,8,8,30,1,1,true,true,17,17
30,1,19,13,0,29,8,0.275862,15.0,8,8,30,1,1,true,true,5,5
30,1,19,13,1,29,4,0.137931,15.0,8,8,30,1,1,true,true,9,9
30,1,19,13,2,29,3,0.103448,15.0,8,8,30,1,1,true,true,13,13
30,1,19,13,3,29,2,0.068966,15.0,8,8,30,1,1,true,true,17,17
30,1,19,17,0,29,5,0.172414,15.0,8,8,30,1,1,true,true,5,5
30,1,19,17,1,29,2,0.068966,15.0,8,8,30,1,1,true,true,9,9
30,1,19,17,2,29,1,0.034483,15.0,8,8,30,1,1,true,true,13,13
30,1,19,17,3,29,1,0.034483,15.0,8,8,30,1,1,true,true,17,17
30,1,19,23,0,29,8,0.275862,15.0,8,8,30,1,1,true,true,5,5
30,1,19,23,1,29,2,0.068966,15.0,8,8,30,1,1,true,true,9,9
30,1,19,23,2,29,4,0.137931,15.0,8,8,30,1,1,true,true,13,13
30,1,19,23,3,29,0,0.000000,15.0,8,8,30,1,1,true,true,17,17
30,1,19,29,0,29,7,0.241379,15.0,8,8,30,1,1,true,true,5,5
30,1,19,29,1,29,2,0.068966,15.0,8,8,30,1,1,true,true,9,9
30,1,19,29,2,29,3,0.103448,15.0,8,8,30,1,1,true,true,13,13
30,1,19,29,3,29,0,0.000000,15.0,8,8,30,1,1,true,true,17,17
30,1,23,1,0,29,7,0.241379,15.0,8,8,30,1,1,true,false,5,5
30,1,23,1,1,29,4,0.137931,15.0,8,8,30,1,1,true,false,9,9
30,1,23,1,2,29,2,0.068966,15.0,8,8,30,1,1,true,false,13,13
30,1,23,1,3,29,3,0.103448,15.0,8,8,30,1,1,true,false,17,17
30,1,23,7,0,29,3,0.103448,15.0,8,8,30,1,1,true,true,5,5
30,1,23,7,1,29,4,0.137931,15.0,8,8,30,1,1,true,true,9,9
30,1,23,7,2,29,3,0.103448,15.0,8,8,30,1,1,true,true,13,13
30,1,23,7,3,29,1,0.034483,15.0,8,8,30,1,1,true,true,17,17
30,1,23,11,0,29,8,0.275862,15.0,8,8,30,1,1,true,true,5,5
30,1,23,11,1,29,4,0.137931,15.0,8,8,30,1,1,true,true,9,9
30,1,23,11,2,29,4,0.137931,15.0,8,8,30,1,1,true,true,13,13
30,1,23,11,3,29,0,0.000000,15.0,8,8,30,1,1,true,true,17,17
30,1,23,13,0,29,6,0.206897,15.0,8,8,30,1,1,true,true,5,5
30,1,23,13,1,29,7,0.241379,15.0,8,8,30,1,1,true,true,9,9
30,1,23,13,2,29,2,0.068966,15.0,8,8,30,1,1,true,true,13,13
30,1,23,13,3,29,4,0.137931,15.0,8,8,30,1,1,true,true,17,17
30,1,23,17,0,29,11,0.379310,15.0,8,8,30,1,1,true,true,5,5
30,1,23,17,1,29,6,0.206897,15.0,8,8,30,1,1,true,true,9,9
30,1,23,17,2,29,5,0.172414,15.0,8,8,30,1,1,true,true,13,13
30,1,23,17,3,29,1,0.034483,15.0,8,8,30,1,1,true,true,17,17
30,1,23,19,0,29,9,0.310345,15.0,8,8,30,1,1,true,true,5,5
30,1,23,19,1,29,3,0.103448,15.0,8,8,30,1,1,true,true,9,9
30,1,23,19,2,29,4,0.137931,15.0,8,8,30,1,1,true,true,13,13
30,1,23,19,3,29,3,0.103448,15.0,8,8,30,1,1,true,true,17,17
30,1,23,29,0,29,6,0.206897,15.0,8,8,30,1,1,true,true,5,5
30,1,23,29,1,29,2,0.068966,15.0,8,8,30,1,1,true,true,9,9
30,1,23,29,2,29,2,0.068966,15.0,8,8,30,1,1,true,true,13,13
30,1,23,29,3,29,2,0.068966,15.0,8,8,30,1,1,true,true,17,17
30,1,29,1,0,29,6,0.206897,15.0,8,8,30,1,1,true,false,5,5
30,1,29,1,1,29,4,0.137931,15.0,8,8,30,1,1,true,false,9,9
30,1,29,1,2,29,3,0.103448,15.0,8,8,30,1,1,true,false,13,13
30,1,29,1,3,29,1,0.034483,15.0,8,8,30,1,1,true,false,17,17
30,1,29,7,0,29,7,0.241379,15.0,8,8,30,1,1,true,true,5,5
30,1,29,7,1,29,4,0.137931,15.0,8,8,30,1,1,true,true,9,9
30,1,29,7,2,29,1,0.034483,15.0,8,8,30,1,1,true,true,13,13
30,1,29,7,3,29,2,0.068966,15.0,8,8,30,1,1,true,true,17,17
30,1,29,11,0,29,9,0.310345,15.0,8,8,30,1,1,true,true,5,5
30,1,29,11,1,29,3,0.103448,15.0,8,8,30,1,1,true,true,9,9
30,1,29,11,2,29,2,0.068966,15.0,8,8,30,1,1,true,true,13,13
30,1,29,11,3,29,1,0.034483,15.0,8,8,30,1,1,true,true,17,17
30,1,29,13,0,29,7,0.241379,15.0,8,8,30,1,1,true,true,5,5
30,1,29,13,1,29,3,0.103448,15.0,8,8,30,1,1,true,true,9,9
30,1,29,13,2,29,1,0.034483,15.0,8,8,30,1,1,true,true,13,13
30,1,29,13,3,29,2,0.068966,15.0,8,8,30,1,1,true,true,17,17
30,1,29,17,0,29,5,0.172414,15.0,8,8,30,1,1,true,true,5,5
30,1,29,17,1,29,2,0.068966,15.0,8,8,30,1,1,true,true,9,9
30,1,29,17,2,29,1,0.034483,15.0,8,8,30,1,1,true,true,13,13
30,1,29,17,3,29,4,0.137931,15.0,8,8,30,1,1,true,true,17,17
30,1,29,19,0,29,7,0.241379,15.0,8,8,30,1,1,true,true,5,5
30,1,29,19,1,29,6,0.206897,15.0,8,8,30,1,1,true,true,9,9
30,1,29,19,2,29,3,0.103448,15.0,8,8,30,1,1,true,true,13,13
30,1,29,19,3,29,1,0.034483,15.0,8,8,30,1,1,true,true,17,17
30,1,29,23,0,29,6,0.206897,15.0,8,8,30,1,1,true,true,5,5
30,1,29,23,1,29,4,0.137931,15.0,8,8,30,1,1,true,true,9,9
30,1,29,23,2,29,1,0.034483,15.0,8,8,30,1,1,true,true,13,13
30,1,29,23,3,29,1,0.034483,15.0,8,8,30,1,1,true,true,17,17
30,2,1,7,0,870,190,0.218391,15.0,8,8,30,1,1,false,true,6,6
30,2,1,7,1,870,113,0.129885,15.0,8,8,30,1,1,false,true,10,10
30,2,1,7,2,870,83,0.095402,15.0,8,8,30,1,1,false,true,14,14
30,2,1,7,3,870,56,0.064368,15.0,8,8,30,1,1,false,true,18,18
30,2,1,11,0,870,185,0.212644,15.0,8,8,30,1,1,false,true,6,6
30,2,1,11,1,870,93,0.106897,15.0,8,8,30,1,1,false,true,10,10
30,2,1,11,2,870,73,0.083908,15.0,8,8,30,1,1,false,true,14,14
30,2,1,11,3,870,66,0.075862,15.0,8,8,30,1,1,false,true,18,18
30,2,1,13,0,870,198,0.227586,15.0,8,8,30,1,1,false,true,6,6
30,2,1,13,1,870,116,0.133333,15.0,8,8,30,1,1,false,true,10,10
30,2,1,13,2,870,72,0.082759,15.0,8,8,30,1,1,false,true,14,14
30,2,1,13,3,870,57,0.065517,15.0,8,8,30,1,1,false,true,18,18
30,2,1,17,0,870,185,0.212644,15.0,8,8,30,1,1,false,true,6,6
30,2,1,17,1,870,113,0.129885,15.0,8,8,30,1,1,false,true,10,10
30,2,1,17,2,870,69,0.079310,15.0,8,8,30,1,1,false,true,14,14
30,2,1,17,3,870,66,0.075862,15.0,8,8,30,1,1,false,true,18,18
30,2,1,19,0,870,181,0.208046,15.0,8,8,30,1,1,false,true,6,6
30,2,1,19,1,870,118,0.135632,15.0,8,8,30,1,1,false,true,10,10
30,2,1,19,2,870,79,0.090805,15.0,8,8,30,1,1,false,true,14,14
30,2,1,19,3,870,48,0.055172,15.0,8,8,30,1,1,false,true,18,18
30,2,1,23,0,870,195,0.224138,15.0,8,8,30,1,1,false,true,6,6
30,2,1,23,1,870,110,0.126437,15.0,8,8,30,1,1,false,true,10,10
30,2,1,23,2,870,68,0.078161,15.0,8,8,30,1,1,false,true,14,14
30,2,1,23,3,870,59,0.067816,15.0,8,8,30,1,1,false,true,18,18
30,2,1,29,0,870,185,0.212644,15.0,8,8,30,1,1,false,true,6,6
30,2,1,29,1,870,113,0.129885,15.0,8,8,30,1,1,false,true,10,10
30,2,1,29,2,870,67,0.077011,15.0,8,8,30,1,1,false,true,14,14
30,2,1,29,3,870,62,0.071264,15.0,8,8,30,1,1,false,true,18,18
30,2,7,1,0,870,169,0.194253,15.0,8,8,30,1,1,true,false,6,6
30,2,7,1,1,870,109,0.125287,15.0,8,8,30,1,1,true,false,10,10
30,2,7,1,2,870,67,0.077011,15.0,8,8,30,1,1,true,false,14,14
30,2,7,1,3,870,68,0.078161,15.0,8,8,30,1,1,true,false,18,18
30,2,7,11,0,870,155,0.178161,15.0,8,8,30,1,1,true,true,6,6
30,2,7,11,1,870,100,0.114943,15.0,8,8,30,1,1,true,true,10,10
30,2,7,11,2,870,69,0.079310,15.0,8,8,30,1,1,true,true,14,14
30,2,7,11,3,870,70,0.080460,15.0,8,8,30,1,1,true,true,18,18
30,2,7,13,0,870,158,0.181609,15.0,8,8,30,1,1,true,true,6,6
30,2,7,13,1,870,110,0.126437,15.0,8,8,30,1,1,true,true,10,10
30,2,7,13,2,870,64,0.073563,15.0,8,8,30,1,1,true,true,14,14
30,2,7,13,3,870,53,0.060920,15.0,8,8,30,1,1,true,true,18,18
30,2,7,17,0,870,162,0.186207,15.0,8,8,30,1,1,true,true,6,6
30,2,7,17,1,870,100,0.114943,15.0,8,8,30,1,1,true,true,10,10
30,2,7,17,2,870,77,0.088506,15.0,8,8,30,1,1,true,true,14,14
30,2,7,17,3,870,57,0.065517,15.0,8,8,30,1,1,true,true,18,18
30,2,7,19,0,870,165,0.189655,15.0,8,8,30,1,1,true,true,6,6
30,2,7,19,1,870,108,0.124138,15.0,8,8,30,1,1,true,true,10,10
30,2,7,19,2,870,77,0.088506,15.0,8,8,30,1,1,true,true,14,14
30,2,7,19,3,870,46,0.052874,15.0,8,8,30,1,1,true,true,18,18
30,2,7,23,0,870,167,0.191954,15.0,8,8,30,1,1,true,true,6,6
30,2,7,23,1,870,100,0.114943,15.0,8,8,30,1,1,true,true,10,10
30,2,7,23,2,870,69,0.079310,15.0,8,8,30,1,1,true,true,14,14
30,2,7,23,3,870,60,0.068966,15.0,8,8,30,1,1,true,true,18,18
30,2,7,29,0,870,191,0.219540,15.0,8,8,30,1,1,true,true,6,6
30,2,7,29,1,870,100,0.114943,15.0,8,8,30,1,1,true,true,10,10
30,2,7,29,2,870,69,0.079310,15.0,8,8,30,1,1,true,true,14,14
30,2,7,29,3,870,58,0.066667,15.0,8,8,30,1,1,true,true,18,18
30,2,11,1,0,870,186,0.213793,15.0,8,8,30,1,1,true,false,6,6
30,2,11,1,1,870,100,0.114943,15.0,8,8,30,1,1,true,false,10,10
30,2,11,1,2,870,74,0.085057,15.0,8,8,30,1,1,true,false,14,14
30,2,11,1,3,870,61,0.070115,15.0,8,8,30,1,1,true,false,18,18
30,2,11,7,0,870,168,0.193103,15.0,8,8,30,1,1,true,true,6,6
30,2,11,7,1,870,93,0.106897,15.0,8,8,30,1,1,true,true,10,10
30,2,11,7,2,870,82,0.094253,15.0,8,8,30,1,1,true,true,14,14
30,2,11,7,3,870,40,0.045977,15.0,8,8,30,1,1,true,true,18,18
30,2,11,13,0,870,173,0.198851,15.0,8,8,30,1,1,true,true,6,6
30,2,11,13,1,870,92,0.105747,15.0,8,8,30,1,1,true,true,10,10
30,2,11,13,2,870,59,0.067816,15.0,8,8,30,1,1,true,true,14,14
30,2,11,13,3,870,58,0.066667,15.0,8,8,30,1,1,true,true,18,18
30,2,11,17,0,870,185,0.212644,15.0,8,8,30,1,1,true,true,6,6
30,2,11,17,1,870,106,0.121839,15.0,8,8,30,1,1,true,true,10,10
30,2,11,17,2,870,83,0.095402,15.0,8,8,30,1,1,true,true,14,14
30,2,11,17,3,870,48,0.055172,15.0,8,8,30,1,1,true,true,18,18
30,2,11,19,0,870,170,0.195402,15.0,8,8,30,1,1,true,true,6,6
30,2,11,19,1,870,95,0.109195,15.0,8,8,30,1,1,true,true,10,10
30,2,11,19,2,870,79,0.090805,15.0,8,8,30,1,1,true,true,14,14
30,2,11,19,3,870,52,0.059770,15.0,8,8,30,1,1,true,true,18,18
30,2,11,23,0,870,171,0.196552,15.0,8,8,30,1,1,true,true,6,6
30,2,11,23,1,870,91,0.104598,15.0,8,8,30,1,1,true,true,10,10
30,2,11,23,2,870,71,0.081609,15.0,8,8,30,1,1,true,true,14,14
30,2,11,23,3,870,47,0.054023,15.0,8,8,30,1,1,true,true,18,18
30,2,11,29,0,870,164,0.188506,15.0,8,8,30,1,1,true,true,6,6
30,2,11,29,1,870,83,0.095402,15.0,8,8,30,1,1,true,true,10,10
30,2,11,29,2,870,67,0.077011,15.0,8,8,30,1,1,true,true,14,14
30,2,11,29,3,870,36,0.041379,15.0,8,8,30,1,1,true,true,18,18
30,2,13,1,0,870,153,0.175862,15.0,8,8,30,1,1,true,false,6,6
30,2,13,1,1,870,109,0.125287,15.0,8,8,30,1,1,true,false,10,10
30,2,13,1,2,870,85,0.097701,15.0,8,8,30,1,1,true,false,14,14
30,2,13,1,3,870,63,0.072414,15.0,8,8,30,1,1,true,false,18,18
30,2,13,7,0,870,164,0.188506,15.0,8,8,30,1,1,true,true,6,6
30,2,13,7,1,870,106,0.121839,15.0,8,8,30,1,1,true,true,10,10
30,2,13,7,2,870,63,0.072414,15.0,8,8,30,1,1,true,true,14,14
30,2,13,7,3,870,53,0.060920,15.0,8,8,30,1,1,true,true,18,18
30,2,13,11,0,870,167,0.191954,15.0,8,8,30,1,1,true,true,6,6
30,2,13,11,1,870,94,0.108046,15.0,8,8,30,1,1,true,true,10,10
30,2,13,11,2,870,76,0.087356,15.0,8,8,30,1,1,true,true,14,14
30,2,13,11,3,870,48,0.055172,15.0,8,8,30,1,1,true,true,18,18
30,2,13,17,0,870,151,0.173563,15.0,8,8,30,1,1,true,true,6,6
30,2,13,17,1,870,100,0.114943,15.0,8,8,30,1,1,true,true,10,10
30,2,13,17,2,870,63,0.072414,15.0,8,8,30,1,1,true,true,14,14
30,2,13,17,3,870,49,0.056322,15.0,8,8,30,1,1,true,true,18,18
30,2,13,19,0,870,154,0.177011,15.0,8,8,30,1,1,true,true,6,6
30,2,13,19,1,870,87,0.100000,15.0,8,8,30,1,1,true,true,10,10
30,2,13,19,2,870,69,0.079310,15.0,8,8,30,1,1,true,true,14,14
30,2,13,19,3,870,47,0.054023,15.0,8,8,30,1,1,true,true,18,18
30,2,13,23,0,870,148,0.170115,15.0,8,8,30,1,1,true,true,6,6
30,2,13,23,1,870,84,0.096552,15.0,8,8,30,1,1,true,true,10,10
30,2,13,23,2,870,65,0.074713,15.0,8,8,30,1,1,true,true,14,14
30,2,13,23,3,870,45,0.051724,15.0,8,8,30,1,1,true,true,18,18
30,2,13,29,0,870,179,0.205747,15.0,8,8,30,1,1,true,true,6,6
30,2,13,29,1,870,96,0.110345,15.0,8,8,30,1,1,true,true,10,10
30,2,13,29,2,870,72,0.082759,15.0,8,8,30,1,1,true,true,14,14
30,2,13,29,3,870,62,0.071264,15.0,8,8,30,1,1,true,true,18,18
30,2,17,1,0,870,164,0.188506,15.0,8,8,30,1,1,true,false,6,6
30,2,17,1,1,870,97,0.111494,15.0,8,8,30,1,1,true,false,10,10
30,2,17,1,2,870,67,0.077011,15.0,8,8,30,1,1,true,false,14,14
30,2,17,1,3,870,54,0.062069,15.0,8,8,30,1,1,true,false,18,18
30,2,17,7,0,870,158,0.181609,15.0,8,8,30,1,1,true,true,6,6
30,2,17,7,1,870,107,0.122989,15.0,8,8,30,1,1,true,true,10,10
30,2,17,7,2,870,59,0.067816,15.0,8,8,30,1,1,true,true,14,14
30,2,17,7,3,870,59,0.067816,15.0,8,8,30,1,1,true,true,18,18
30,2,17,11,0,870,158,0.181609,15.0,8,8,30,1,1,true,true,6,6
30,2,17,11,1,870,93,0.106897,15.0,8,8,30,1,1,true,true,10,10
30,2,17,11,2,870,64,0.073563,15.0,8,8,30,1,1,true,true,14,14
30,2,17,11,3,870,55,0.063218,15.0,8,8,30,1,1,true,true,18,18
30,2,17,13,0,870,155,0.178161,15.0,8,8,30,1,1,true,true,6,6
30,2,17,13,1,870,91,0.104598,15.0,8,8,30,1,1,true,true,10,10
30,2,17,13,2,870,80,0.091954,15.0,8,8,30,1,1,true,true,14,14
30,2,17,13,3,870,51,0.058621,15.0,8,8,30,1,1,true,true,18,18
30,2,17,19,0,870,147,0.168966,15.0,8,8,30,1,1,true,true,6,6
30,2,17,19,1,870,104,0.119540,15.0,8,8,30,1,1,true,true,10,10
30,2,17,19,2,870,72,0.082759,15.0,8,8,30,1,1,true,true,14,14
30,2,17,19,3,870,64,0.073563,15.0,8,8,30,1,1,true,true,18,18
30,2,17,23,0,870,163,0.187356,15.0,8,8,30,1,1,true,true,6,6
30,2,17,23,1,870,93,0.106897,15.0,8,8,30,1,1,true,true,10,10
30,2,17,23,2,870,70,0.080460,15.0,8,8,30,1,1,true,true,14,14
30,2,17,23,3,870,54,0.062069,15.0,8,8,30,1,1,true,true,18,18
30,2,17,29,0,870,164,0.188506,15.0,8,8,30,1,1,true,true,6,6
30,2,17,29,1,870,93,0.106897,15.0,8,8,30,1,1,true,true,10,10
30,2,17,29,2,870,66,0.075862,15.0,8,8,30,1,1,true,true,14,14
30,2,17,29,3,870,46,0.052874,15.0,8,8,30,1,1,true,true,18,18
30,2,19,1,0,870,180,0.206897,15.0,8,8,30,1,1,true,false,6,6
30,2,19,1,1,870,94,0.108046,15.0,8,8,30,1,1,true,false,10,10
30,2,19,1,2,870,89,0.102299,15.0,8,8,30,1,1,true,false,14,14
30,2,19,1,3,870,46,0.052874,15.0,8,8,30,1,1,true,false,18,18
30,2,19,7,0,870,179,0.205747,15.0,8,8,30,1,1,true,true,6,6
30,2,19,7,1,870,93,0.106897,15.0,8,8,30,1,1,true,true,10,10
30,2,19,7,2,870,79,0.090805,15.0,8,8,30,1,1,true,true,14,14
30,2,19,7,3,870,56,0.064368,15.0,8,8,30,1,1,true,true,18,18
30,2,19,11,0,870,158,0.181609,15.0,8,8,30,1,1,true,true,6,6
30,2,19,11,1,870,98,0.112644,15.0,8,8,30,1,1,true,true,10,10
30,2,19,11,2,870,69,0.079310,15.0,8,8,30,1,1,true,true,14,14
30,2,19,11,3,870,49,0.056322,15.0,8,8,30,1,1,true,true,18,18
30,2,19,13,0,870,152,0.174713,15.0,8,8,30,1,1,true,true,6,6
30,2,19,13,1,870,99,0.113793,15.0,8,8,30,1,1,true,true,10,10
30,2,19,13,2,870,64,0.073563,15.0,8,8,30,1,1,true,true,14,14
30,2,19,13,3,870,58,0.066667,15.0,8,8,30,1,1,true,true,18,18
30,2,19,17,0,870,177,0.203448,15.0,8,8,30,1,1,true,true,6,6
30,2,19,17,1,870,109,0.125287,15.0,8,8,30,1,1,true,true,10,10
30,2,19,17,2,870,59,0.067816,15.0,8,8,30,1,1,true,true,14,14
30,2,19,17,3,870,61,0.070115,15.0,8,8,30,1,1,true,true,18,18
30,2,19,23,0,870,155,0.178161,15.0,8,8,30,1,1,true,true,6,6
30,2,19,23,1,870,90,0.103448,15.0,8,8,30,1,1,true,true,10,10
30,2,19,23,2,870,69,0.079310,15.0,8,8,30,1,1,true,true,14,14
30,2,19,23,3,870,57,0.065517,15.0,8,8,30,1,1,true,true,18,18
30,2,19,29,0,870,149,0.171264,15.0,8,8,30,1,1,true,true,6,6
30,2,19,29,1,870,104,0.119540,15.0,8,8,30,1,1,true,true,10,10
30,2,19,29,2,870,68,0.078161,15.0,8,8,30,1,1,true,true,14,14
30,2,19,29,3,870,51,0.058621,15.0,8,8,30,1,1,true,true,18,18
30,2,23,1,0,870,142,0.163218,15.0,8,8,30,1,1,true,false,6,6
30,2,23,1,1,870,99,0.113793,15.0,8,8,30,1,1,true,false,10,10
30,2,23,1,2,870,69,0.079310,15.0,8,8,30,1,1,true,false,14,14
30,2,23,1,3,870,47,0.054023,15.0,8,8,30,1,1,true,false,18,18
30,2,23,7,0,870,163,0.187356,15.0,8,8,30,1,1,true,true,6,6
30,2,23,7,1,870,105,0.120690,15.0,8,8,30,1,1,true,true,10,10
30,2,23,7,2,870,79,0.090805,15.0,8,8,30,1,1,true,true,14,14
30,2,23,7,3,870,50,0.057471,15.0,8,8,30,1,1,true,true,18,18
30,2,23,11,0,870,164,0.188506,15.0,8,8,30,1,1,true,true,6,6
30,2,23,11,1,870,95,0.109195,15.0,8,8,30,1,1,true,true,10,10
30,2,23,11,2,870,64,0.073563,15.0,8,8,30,1,1,true,true,14,14
30,2,23,11,3,870,65,0.074713,15.0,8,8,30,1,1,true,true,18,18
30,2,23,13,0,870,175,0.201149,15.0,8,8,30,1,1,true,true,6,6
30,2,23,13,1,870,86,0.098851,15.0,8,8,30,1,1,true,true,10,10
30,2,23,13,2,870,76,0.087356,15.0,8,8,30,1,1,true,true,14,14
30,2,23,13,3,870,59,0.067816,15.0,8,8,30,1,1,true,true,18,18
30,2,23,17,0,870,157,0.180460,15.0,8,8,30,1,1,true,true,6,6
30,2,23,17,1,870,93,0.106897,15.0,8,8,30,1,1,true,true,10,10
30,2,23,17,2,870,75,0.086207,15.0,8,8,30,1,1,true,true,14,14
30,2,23,17,3,870,47,0.054023,15.0,8,8,30,1,1,true,true,18,18
30,2,23,19,0,870,158,0.181609,15.0,8,8,30,1,1,true,true,6,6
30,2,23,19,1,870,98,0.112644,15.0,8,8,30,1,1,true,true,10,10
30,2,23,19,2,870,74,0.085057,15.0,8,8,30,1,1,true,true,14,14
30,2,23,19,3,870,56,0.064368,15.0,8,8,30,1,1,true,true,18,18
30,2,23,29,0,870,169,0.194253,15.0,8,8,30,1,1,true,true,6,6
30,2,23,29,1,870,94,0.108046,15.0,8,8,30,1,1,true,true,10,10
30,2,23,29,2,870,64,0.073563,15.0,8,8,30,1,1,true,true,14,14
30,2,23,29,3,870,51,0.058621,15.0,8,8,30,1,1,true,true,18,18
30,2,29,1,0,870,158,0.181609,15.0,8,8,30,1,1,true,false,6,6
30,2,29,1,1,870,113,0.129885,15.0,8,8,30,1,1,true,false,10,10
30,2,29,1,2,870,62,0.071264,15.0,8,8,30,1,1,true,false,14,14
30,2,29,1,3,870,49,0.056322,15.0,8,8,30,1,1,true,false,18,18
30,2,29,7,0,870,160,0.183908,15.0,8,8,30,1,1,true,true,6,6
30,2,29,7,1,870,94,0.108046,15.0,8,8,30,1,1,true,true,10,10
30,2,29,7,2,870,69,0.079310,15.0,8,8,30,1,1,true,true,14,14
30,2,29,7,3,870,50,0.057471,15.0,8,8,30,1,1,true,true,18,18
30,2,29,11,0,870,164,0.188506,15.0,8,8,30,1,1,true,true,6,6
30,2,29,11,1,870,97,0.111494,15.0,8,8,30,1,1,true,true,10,10
30,2,29,11,2,870,69,0.079310,15.0,8,8,30,1,1,true,true,14,14
30,2,29,11,3,870,40,0.045977,15.0,8,8,30,1,1,true,true,18,18
30,2,29,13,0,870,169,0.194253,15.0,8,8,30,1,1,true,true,6,6
30,2,29,13,1,870,97,0.111494,15.0,8,8,30,1,1,true,true,10,10
30,2,29,13,2,870,48,0.055172,15.0,8,8,30,1,1,true,true,14,14
30,2,29,13,3,870,48,0.055172,15.0,8,8,30,1,1,true,true,18,18
30,2,29,17,0,870,158,0.181609,15.0,8,8,30,1,1,true,true,6,6
30,2,29,17,1,870,88,0.101149,15.0,8,8,30,1,1,true,true,10,10
30,2,29,17,2,870,85,0.097701,15.0,8,8,30,1,1,true,true,14,14
30,2,29,17,3,870,60,0.068966,15.0,8,8,30,1,1,true,true,18,18
30,2,29,19,0,870,162,0.186207,15.0,8,8,30,1,1,true,true,6,6
30,2,29,19,1,870,90,0.103448,15.0,8,8,30,1,1,true,true,10,10
30,2,29,19,2,870,75,0.086207,15.0,8,8,30,1,1,true,true,14,14
30,2,29,19,3,870,64,0.073563,15.0,8,8,30,1,1,true,true,18,18
30,2,29,23,0,870,160,0.183908,15.0,8,8,30,1,1,true,true,6,6
30,2,29,23,1,870,89,0.102299,15.0,8,8,30,1,1,true,true,10,10
30,2,29,23,2,870,75,0.086207,15.0,8,8,30,1,1,true,true,14,14
30,2,29,23,3,870,48,0.055172,15.0,8,8,30,1,1,true,true,18,18
30,3,1,7,0,26100,4722,0.180920,15.0,8,8,30,1,1,false,true,7,7
30,3,1,7,1,26100,2930,0.112261,15.0,8,8,30,1,1,false,true,11,11
30,3,1,7,2,26100,2075,0.079502,15.0,8,8,30,1,1,false,true,15,15
30,3,1,7,3,26100,1636,0.062682,15.0,8,8,30,1,1,false,true,19,19
30,3,1,11,0,26100,4703,0.180192,15.0,8,8,30,1,1,false,true,7,7
30,3,1,11,1,26100,2854,0.109349,15.0,8,8,30,1,1,false,true,11,11
30,3,1,11,2,26100,2020,0.077395,15.0,8,8,30,1,1,false,true,15,15
30,3,1,11,3,26100,1658,0.063525,15.0,8,8,30,1,1,false,true,19,19
30,3,1,13,0,26100,4651,0.178199,15.0,8,8,30,1,1,false,true,7,7
30,3,1,13,1,26100,2941,0.112682,15.0,8,8,30,1,1,false,true,11,11
30,3,1,13,2,26100,2046,0.078391,15.0,8,8,30,1,1,false,true,15,15
30,3,1,13,3,26100,1559,0.059732,15.0,8,8,30,1,1,false,true,19,19
30,3,1,17,0,26100,4727,0.181111,15.0,8,8,30,1,1,false,true,7,7
30,3,1,17,1,26100,2903,0.111226,15.0,8,8,30,1,1,false,true,11,11
30,3,1,17,2,26100,2061,0.078966,15.0,8,8,30,1,1,false,true,15,15
30,3,1,17,3,26100,1626,0.062299,15.0,8,8,30,1,1,false,true,19,19
30,3,1,19,0,26100,4662,0.178621,15.0,8,8,30,1,1,false,true,7,7
30,3,1,19,1,26100,2915,0.111686,15.0,8,8,30,1,1,false,true,11,11
30,3,1,19,2,26100,2059,0.078889,15.0,8,8,30,1,1,false,true,15,15
30,3,1,19,3,26100,1586,0.060766,15.0,8,8,30,1,1,false,true,19,19
30,3,1,23,0,26100,4658,0.178467,15.0,8,8,30,1,1,false,true,7,7
30,3,1,23,1,26100,2833,0.108544,15.0,8,8,30,1,1,false,true,11,11
30,3,1,23,2,26100,2064,0.079080,15.0,8,8,30,1,1,false,true,15,15
30,3,1,23,3,26100,1685,0.064559,15.0,8,8,30,1,1,false,true,19,19
30,3,1,29,0,26100,4622,0.177088,15.0,8,8,30,1,1,false,true,7,7
30,3,1,29,1,26100,2896,0.110958,15.0,8,8,30,1,1,false,true,11,11
30,3,1,29,2,26100,2071,0.079349,15.0,8,8,30,1,1,false,true,15,15
30,3,1,29,3,26100,1573,0.060268,15.0,8,8,30,1,1,false,true,19,19
30,3,7,1,0,26100,4408,0.168889,15.0,8,8,30,1,1,true,false,7,7
30,3,7,1,1,26100,2701,0.103487,15.0,8,8,30,1,1,true,false,11,11
30,3,7,1,2,26100,2015,0.077203,15.0,8,8,30,1,1,true,false,15,15
30,3,7,1,3,26100,1553,0.059502,15.0,8,8,30,1,1,true,false,19,19
30,3,7,11,0,26100,4301,0.164789,15.0,8,8,30,1,1,true,true,7,7
30,3,7,11,1,26100,2711,0.103870,15.0,8,8,30,1,1,true,true,11,11
30,3,7,11,2,26100,1924,0.073716,15.0,8,8,30,1,1,true,true,15,15
30,3,7,11,3,26100,1521,0.058276,15.0,8,8,30,1,1,true,true,19,19
30,3,7,13,0,26100,4411,0.169004,15.0,8,8,30,1,1,true,true,7,7
30,3,7,13,1,26100,2704,0.103602,15.0,8,8,30,1,1,true,true,11,11
30,3,7,13,2,26100,1959,0.075057,15.0,8,8,30,1,1,true,true,15,15
30,3,7,13,3,26100,1532,0.058697,15.0,8,8,30,1,1,true,true,19,19
30,3,7,17,0,26100,4387,0.168084,15.0,8,8,30,1,1,true,true,7,7
30,3,7,17,1,26100,2742,0.105057,15.0,8,8,30,1,1,true,true,11,11
30,3,7,17,2,26100,2001,0.076667,15.0,8,8,30,1,1,true,true,15,15
30,3,7,17,3,26100,1561,0.059808,15.0,8,8,30,1,1,true,true,19,19
30,3,7,19,0,26100,4383,0.167931,15.0,8,8,30,1,1,true,true,7,7
30,3,7,19,1,26100,2690,0.103065,15.0,8,8,30,1,1,true,true,11,11
30,3,7,19,2,26100,1983,0.075977,15.0,8,8,30,1,1,true,true,15,15
30,3,7,19,3,26100,1582,0.060613,15.0,8,8,30,1,1,true,true,19,19
30,3,7,23,0,26100,4396,0.168429,15.0,8,8,30,1,1,true,true,7,7
30,3,7,23,1,26100,2717,0.104100,15.0,8,8,30,1,1,true,true,11,11
30,3,7,23,2,26100,1934,0.074100,15.0,8,8,30,1,1,true,true,15,15
30,3,7,23,3,26100,1515,0.058046,15.0,8,8,30,1,1,true,true,19,19
30,3,7,29,0,26100,4321,0.165556,15.0,8,8,30,1,1,true,true,7,7
30,3,7,29,1,26100,2670,0.102299,15.0,8,8,30,1,1,true,true,11,11
30,3,7,29,2,26100,2001,0.076667,15.0,8,8,30,1,1,true,true,15,15
30,3,7,29,3,26100,1520,0.058238,15.0,8,8,30,1,1,true,true,19,19
30,3,11,1,0,26100,4297,0.164636,15.0,8,8,30,1,1,true,false,7,7
30,3,11,1,1,26100,2646,0.101379,15.0,8,8,30,1,1,true,false,11,11
30,3,11,1,2,26100,1942,0.074406,15.0,8,8,30,1,1,true,false,15,15
30,3,11,1,3,26100,1539,0.058966,15.0,8,8,30,1,1,true,false,19,19
30,3,11,7,0,26100,4289,0.164330,15.0,8,8,30,1,1,true,true,7,7
30,3,11,7,1,26100,2648,0.101456,15.0,8,8,30,1,1,true,true,11,11
30,3,11,7,2,26100,1982,0.075939,15.0,8,8,30,1,1,true,true,15,15
30,3,11,7,3,26100,1601,0.061341,15.0,8,8,30,1,1,true,true,19,19
30,3,11,13,0,26100,4320,0.165517,15.0,8,8,30,1,1,true,true,7,7
30,3,11,13,1,26100,2688,0.102989,15.0,8,8,30,1,1,true,true,11,11
30,3,11,13,2,26100,1884,0.072184,15.0,8,8,30,1,1,true,true,15,15
30,3,11,13,3,26100,1593,0.061034,15.0,8,8,30,1,1,true,true,19,19
30,3,11,17,0,26100,4242,0.162529,15.0,8,8,30,1,1,true,true,7,7
30,3,11,17,1,26100,2657,0.101801,15.0,8,8,30,1,1,true,true,11,11
30,3,11,17,2,26100,1994,0.076398,15.0,8,8,30,1,1,true,true,15,15
30,3,11,17,3,26100,1561,0.059808,15.0,8,8,30,1,1,true,true,19,19
30,3,11,19,0,26100,4315,0.165326,15.0,8,8,30,1,1,true,true,7,7
30,3,11,19,1,26100,2615,0.100192,15.0,8,8,30,1,1,true,true,11,11
30,3,11,19,2,26100,1917,0.073448,15.0,8,8,30,1,1,true,true,15,15
30,3,11,19,3,26100,1502,0.057548,15.0,8,8,30,1,1,true,true,19,19
30,3,11,23,0,26100,4251,0.162874,15.0,8,8,30,1,1,true,true,7,7
30,3,11,23,1,26100,2715,0.104023,15.0,8,8,30,1,1,true,true,11,11
30,3,11,23,2,26100,2054,0.078697,15.0,8,8,30,1,1,true,true,15,15
30,3,11,23,3,26100,1559,0.059732,15.0,8,8,30,1,1,true,true,19,19
30,3,11,29,0,26100,4237,0.162337,15.0,8,8,30,1,1,true,true,7,7
30,3,11,29,1,26100,2675,0.102490,15.0,8,8,30,1,1,true,true,11,11
30,3,11,29,2,26100,1967,0.075364,15.0,8,8,30,1,1,true,true,15,15
30,3,11,29,3,26100,1534,0.058774,15.0,8,8,30,1,1,true,true,19,19
30,3,13,1,0,26100,4259,0.163180,15.0,8,8,30,1,1,true,false,7,7
30,3,13,1,1,26100,2717,0.104100,15.0,8,8,30,1,1,true,false,11,11
30,3,13,1,2,26100,1942,0.074406,15.0,8,8,30,1,1,true,false,15,15
30,3,13,1,3,26100,1487,0.056973,15.0,8,8,30,1,1,true,false,19,19
30,3,13,7,0,26100,4274,0.163755,15.0,8,8,30,1,1,true,true,7,7
30,3,13,7,1,26100,2645,0.101341,15.0,8,8,30,1,1,true,true,11,11
30,3,13,7,2,26100,2021,0.077433,15.0,8,8,30,1,1,true,true,15,15
30,3,13,7,3,26100,1521,0.058276,15.0,8,8,30,1,1,true,true,19,19
30,3,13,11,0,26100,4375,0.167625,15.0,8,8,30,1,1,true,true,7,7
30,3,13,11,1,26100,2684,0.102835,15.0,8,8,30,1,1,true,true,11,11
30,3,13,11,2,26100,1915,0.073372,15.0,8,8,30,1,1,true,true,15,15
30,3,13,11,3,26100,1528,0.058544,15.0,8,8,30,1,1,true,true,19,19
30,3,13,17,0,26100,4211,0.161341,15.0,8,8,30,1,1,true,true,7,7
30,3,13,17,1,26100,2676,0.102529,15.0,8,8,30,1,1,true,true,11,11
30,3,13,17,2,26100,1983,0.075977,15.0,8,8,30,1,1,true,true,15,15
30,3,13,17,3,26100,1538,0.058927,15.0,8,8,30,1,1,true,true,19,19
30,3,13,19,0,26100,4292,0.164444,15.0,8,8,30,1,1,true,true,7,7
30,3,13,19,1,26100,2641,0.101188,15.0,8,8,30,1,1,true,true,11,11
30,3,13,19,2,26100,1979,0.075824,15.0,8,8,30,1,1,true,true,15,15
30,3,13,19,3,26100,1538,0.058927,15.0,8,8,30,1,1,true,true,19,19
30,3,13,23,0,26100,4273,0.163716,15.0,8,8,30,1,1,true,true,7,7
30,3,13,23,1,26100,2663,0.102031,15.0,8,8,30,1,1,true,true,11,11
30,3,13,23,2,26100,1969,0.075441,15.0,8,8,30,1,1,true,true,15,15
30,3,13,23,3,26100,1503,0.057586,15.0,8,8,30,1,1,true,true,19,19
30,3,13,29,0,26100,4262,0.163295,15.0,8,8,30,1,1,true,true,7,7
30,3,13,29,1,26100,2698,0.103372,15.0,8,8,30,1,1,true,true,11,11
30,3,13,29,2,26100,1897,0.072682,15.0,8,8,30,1,1,true,true,15,15
30,3,13,29,3,26100,1520,0.058238,15.0,8,8,30,1,1,true,true,19,19
30,3,17,1,0,26100,4237,0.162337,15.0,8,8,30,1,1,true,false,7,7
30,3,17,1,1,26100,2603,0.099732,15.0,8,8,30,1,1,true,false,11,11
30,3,17,1,2,26100,1905,0.072989,15.0,8,8,30,1,1,true,false,15,15
30,3,17,1,3,26100,1514,0.058008,15.0,8,8,30,1,1,true,false,19,19
30,3,17,7,0,26100,4191,0.160575,15.0,8,8,30,1,1,true,true,7,7
30,3,17,7,1,26100,2622,0.100460,15.0,8,8,30,1,1,true,true,11,11
30,3,17,7,2,26100,1939,0.074291,15.0,8,8,30,1,1,true,true,15,15
30,3,17,7,3,26100,1473,0.056437,15.0,8,8,30,1,1,true,true,19,19
30,3,17,11,0,26100,4200,0.160920,15.0,8,8,30,1,1,true,true,7,7
30,3,17,11,1,26100,2604,0.099770,15.0,8,8,30,1,1,true,true,11,11
30,3,17,11,2,26100,1972,0.075556,15.0,8,8,30,1,1,true,true,15,15
30,3,17,11,3,26100,1579,0.060498,15.0,8,8,30,1,1,true,true,19,19
30,3,17,13,0,26100,4194,0.160690,15.0,8,8,30,1,1,true,true,7,7
30,3,17,13,1,26100,2618,0.100307,15.0,8,8,30,1,1,true,true,11,11
30,3,17,13,2,26100,1935,0.074138,15.0,8,8,30,1,1,true,true,15,15
30,3,17,13,3,26100,1523,0.058352,15.0,8,8,30,1,1,true,true,19,19
30,3,17,19,0,26100,4208,0.161226,15.0,8,8,30,1,1,true,true,7,7
30,3,17,19,1,26100,2614,0.100153,15.0,8,8,30,1,1,true,true,11,11
30,3,17,19,2,26100,2005,0.076820,15.0,8,8,30,1,1,true,true,15,15
30,3,17,19,3,26100,1564,0.059923,15.0,8,8,30,1,1,true,true,19,19
30,3,17,23,0,26100,4191,0.160575,15.0,8,8,30,1,1,true,true,7,7
30,3,17,23,1,26100,2707,0.103716,15.0,8,8,30,1,1,true,true,11,11
30,3,17,23,2,26100,1985,0.076054,15.0,8,8,30,1,1,true,true,15,15
30,3,17,23,3,26100,1622,0.062146,15.0,8,8,30,1,1,true,true,19,19
30,3,17,29,0,26100,4179,0.160115,15.0,8,8,30,1,1,true,true,7,7
30,3,17,29,1,26100,2607,0.099885,15.0,8,8,30,1,1,true,true,11,11
30,3,17,29,2,26100,1958,0.075019,15.0,8,8,30,1,1,true,true,15,15
30,3,17,29,3,26100,1589,0.060881,15.0,8,8,30,1,1,true,true,19,19
30,3,19,1,0,26100,4130,0.158238,15.0,8,8,30,1,1,true,false,7,7
30,3,19,1,1,26100,2610,0.100000,15.0,8,8,30,1,1,true,false,11,11
30,3,19,1,2,26100,1899,0.072759,15.0,8,8,30,1,1,true,false,15,15
30,3,19,1,3,26100,1521,0.058276,15.0,8,8,30,1,1,true,false,19,19
30,3,19,7,0,26100,4122,0.157931,15.0,8,8,30,1,1,true,true,7,7
30,3,19,7,1,26100,2652,0.101609,15.0,8,8,30,1,1,true,true,11,11
30,3,19,7,2,26100,1964,0.075249,15.0,8,8,30,1,1,true,true,15,15
30,3,19,7,3,26100,1547,0.059272,15.0,8,8,30,1,1,true,true,19,19
30,3,19,11,0,26100,4285,0.164176,15.0,8,8,30,1,1,true,true,7,7
30,3,19,11,1,26100,2587,0.099119,15.0,8,8,30,1,1,true,true,11,11
30,3,19,11,2,26100,2014,0.077165,15.0,8,8,30,1,1,true,true,15,15
30,3,19,11,3,26100,1533,0.058736,15.0,8,8,30,1,1,true,true,19,19
30,3,19,13,0,26100,4197,0.160805,15.0,8,8,30,1,1,true,true,7,7
30,3,19,13,1,26100,2732,0.104674,15.0,8,8,30,1,1,true,true,11,11
30,3,19,13,2,26100,1949,0.074674,15.0,8,8,30,1,1,true,true,15,15
30,3,19,13,3,26100,1569,0.060115,15.0,8,8,30,1,1,true,true,19,19
30,3,19,17,0,26100,4247,0.162720,15.0,8,8,30,1,1,true,true,7,7
30,3,19,17,1,26100,2654,0.101686,15.0,8,8,30,1,1,true,true,11,11
30,3,19,17,2,26100,1994,0.076398,15.0,8,8,30,1,1,true,true,15,15
30,3,19,17,3,26100,1537,0.058889,15.0,8,8,30,1,1,true,true,19,19
30,3,19,23,0,26100,4181,0.160192,15.0,8,8,30,1,1,true,true,7,7
30,3,19,23,1,26100,2652,0.101609,15.0,8,8,30,1,1,true,true,11,11
30,3,19,23,2,26100,1913,0.073295,15.0,8,8,30,1,1,true,true,15,15
30,3,19,23,3,26100,1493,0.057203,15.0,8,8,30,1,1,true,true,19,19
30,3,19,29,0,26100,4214,0.161456,15.0,8,8,30,1,1,true,true,7,7
30,3,19,29,1,26100,2612,0.100077,15.0,8,8,30,1,1,true,true,11,11
30,3,19,29,2,26100,1956,0.074943,15.0,8,8,30,1,1,true,true,15,15
30,3,19,29,3,26100,1514,0.058008,15.0,8,8,30,1,1,true,true,19,19
30,3,23,1,0,26100,4183,0.160268,15.0,8,8,30,1,1,true,false,7,7
30,3,23,1,1,26100,2624,0.100536,15.0,8,8,30,1,1,true,false,11,11
30,3,23,1,2,26100,1940,0.074330,15.0,8,8,30,1,1,true,false,15,15
30,3,23,1,3,26100,1510,0.057854,15.0,8,8,30,1,1,true,false,19,19
30,3,23,7,0,26100,4151,0.159042,15.0,8,8,30,1,1,true,true,7,7
30,3,23,7,1,26100,2699,0.103410,15.0,8,8,30,1,1,true,true,11,11
30,3,23,7,2,26100,1923,0.073678,15.0,8,8,30,1,1,true,true,15,15
30,3,23,7,3,26100,1580,0.060536,15.0,8,8,30,1,1,true,true,19,19
30,3,23,11,0,26100,4148,0.158927,15.0,8,8,30,1,1,true,true,7,7
30,3,23,11,1,26100,2703,0.103563,15.0,8,8,30,1,1,true,true,11,11
30,3,23,11,2,26100,1866,0.071494,15.0,8,8,30,1,1,true,true,15,15
30,3,23,11,3,26100,1525,0.058429,15.0,8,8,30,1,1,true,true,19,19
30,3,23,13,0,26100,4116,0.157701,15.0,8,8,30,1,1,true,true,7,7
30,3,23,13,1,26100,2670,0.102299,15.0,8,8,30,1,1,true,true,11,11
30,3,23,13,2,26100,1946,0.074559,15.0,8,8,30,1,1,true,true,15,15
30,3,23,13,3,26100,1512,0.057931,15.0,8,8,30,1,1,true,true,19,19
30,3,23,17,0,26100,4118,0.157778,15.0,8,8,30,1,1,true,true,7,7
30,3,23,17,1,26100,2638,0.101073,15.0,8,8,30,1,1,true,true,11,11
30,3,23,17,2,26100,1999,0.076590,15.0,8,8,30,1,1,true,true,15,15
30,3,23,17,3,26100,1518,0.058161,15.0,8,8,30,1,1,true,true,19,19
30,3,23,19,0,26100,4161,0.159425,15.0,8,8,30,1,1,true,true,7,7
30,3,23,19,1,26100,2624,0.100536,15.0,8,8,30,1,1,true,true,11,11
30,3,23,19,2,26100,1901,0.072835,15.0,8,8,30,1,1,true,true,15,15
30,3,23,19,3,26100,1518,0.058161,15.0,8,8,30,1,1,true,true,19,19
30,3,23,29,0,26100,4103,0.157203,15.0,8,8,30,1,1,true,true,7,7
30,3,23,29,1,26100,2605,0.099808,15.0,8,8,30,1,1,true,true,11,11
30,3,23,29,2,26100,1957,0.074981,15.0,8,8,30,1,1,true,true,15,15
30,3,23,29,3,26100,1538,0.058927,15.0,8,8,30,1,1,true,true,19,19
30,3,29,1,0,26100,4093,0.156820,15.0,8,8,30,1,1,true,false,7,7
30,3,29,1,1,26100,2532,0.097011,15.0,8,8,30,1,1,true,false,11,11
30,3,29,1,2,26100,1960,0.075096,15.0,8,8,30,1,1,true,false,15,15
30,3,29,1,3,26100,1496,0.057318,15.0,8,8,30,1,1,true,false,19,19
30,3,29,7,0,26100,4149,0.158966,15.0,8,8,30,1,1,true,true,7,7
30,3,29,7,1,26100,2532,0.097011,15.0,8,8,30,1,1,true,true,11,11
30,3,29,7,2,26100,1970,0.075479,15.0,8,8,30,1,1,true,true,15,15
30,3,29,7,3,26100,1563,0.059885,15.0,8,8,30,1,1,true,true,19,19
30,3,29,11,0,26100,4091,0.156743,15.0,8,8,30,1,1,true,true,7,7
30,3,29,11,1,26100,2595,0.099425,15.0,8,8,30,1,1,true,true,11,11
30,3,29,11,2,26100,1895,0.072605,15.0,8,8,30,1,1,true,true,15,15
30,3,29,11,3,26100,1518,0.058161,15.0,8,8,30,1,1,true,true,19,19
30,3,29,13,0,26100,4152,0.159080,15.0,8,8,30,1,1,true,true,7,7
30,3,29,13,1,26100,2600,0.099617,15.0,8,8,30,1,1,true,true,11,11
30,3,29,13,2,26100,1890,0.072414,15.0,8,8,30,1,1,true,true,15,15
30,3,29,13,3,26100,1554,0.059540,15.0,8,8,30,1,1,true,true,19,19
30,3,29,17,0,26100,4129,0.158199,15.0,8,8,30,1,1,true,true,7,7
30,3,29,17,1,26100,2591,0.099272,15.0,8,8,30,1,1,true,true,11,11
30,3,29,17,2,26100,1917,0.073448,15.0,8,8,30,1,1,true,true,15,15
30,3,29,17,3,26100,1512,0.057931,15.0,8,8,30,1,1,true,true,19,19
30,3,29,19,0,26100,4157,0.159272,15.0,8,8,30,1,1,true,true,7,7
30,3,29,19,1,26100,2574,0.098621,15.0,8,8,30,1,1,true,true,11,11
30,3,29,19,2,26100,1897,0.072682,15.0,8,8,30,1,1,true,true,15,15
30,3,29,19,3,26100,1446,0.055402,15.0,8,8,30,1,1,true,true,19,19
30,3,29,23,0,26100,4094,0.156858,15.0,8,8,30,1,1,true,true,7,7
30,3,29,23,1,26100,2527,0.096820,15.0,8,8,30,1,1,true,true,11,11
30,3,29,23,2,26100,1902,0.072874,15.0,8,8,30,1,1,true,true,15,15
30,3,29,23,3,26100,1505,0.057663,15.0,8,8,30,1,1,true,true,19,19
