base,outer,inner,k_outer,k_inner,samples,successes,percentage,is_coprime
3,1,2,0,0,1000,181,18.10,true
3,1,2,0,1,1000,159,15.90,true
3,1,2,1,0,1000,157,15.70,true
3,1,2,1,1,1000,131,13.10,true
3,1,2,2,2,1000,114,11.40,true
3,2,1,0,0,1000,184,18.40,true
3,2,1,0,1,1000,161,16.10,true
3,2,1,1,0,1000,158,15.80,true
3,2,1,1,1,1000,138,13.80,true
3,2,1,2,2,1000,115,11.50,true
4,1,2,0,0,1000,222,22.20,false
4,1,2,0,1,1000,192,19.20,false
4,1,2,1,0,1000,191,19.10,false
4,1,2,1,1,1000,164,16.40,false
4,1,2,2,2,1000,116,11.60,false
4,1,3,0,0,1000,230,23.00,true
4,1,3,0,1,1000,189,18.90,true
4,1,3,1,0,1000,193,19.30,true
4,1,3,1,1,1000,166,16.60,true
4,1,3,2,2,1000,119,11.90,true
4,2,1,0,0,1000,0,0.00,false
4,2,1,0,1,1000,0,0.00,false
4,2,1,1,0,1000,0,0.00,false
4,2,1,1,1,1000,0,0.00,false
4,2,1,2,2,1000,0,0.00,false
4,2,3,0,0,1000,0,0.00,false
4,2,3,0,1,1000,0,0.00,false
4,2,3,1,0,1000,0,0.00,false
4,2,3,1,1,1000,0,0.00,false
4,2,3,2,2,1000,0,0.00,false
4,3,1,0,0,1000,226,22.60,true
4,3,1,0,1,1000,191,19.10,true
4,3,1,1,0,1000,185,18.50,true
4,3,1,1,1,1000,147,14.70,true
4,3,1,2,2,1000,118,11.80,true
4,3,2,0,0,1000,225,22.50,false
4,3,2,0,1,1000,195,19.50,false
4,3,2,1,0,1000,195,19.50,false
4,3,2,1,1,1000,151,15.10,false
4,3,2,2,2,1000,114,11.40,false
5,1,2,0,0,1000,130,13.00,true
5,1,2,0,1,1000,107,10.70,true
5,1,2,1,0,1000,120,12.00,true
5,1,2,1,1,1000,97,9.70,true
5,1,2,2,2,1000,66,6.60,true
5,1,3,0,0,1000,133,13.30,true
5,1,3,0,1,1000,115,11.50,true
5,1,3,1,0,1000,107,10.70,true
5,1,3,1,1,1000,94,9.40,true
5,1,3,2,2,1000,69,6.90,true
5,1,4,0,0,1000,137,13.70,true
5,1,4,0,1,1000,109,10.90,true
5,1,4,1,0,1000,107,10.70,true
5,1,4,1,1,1000,97,9.70,true
5,1,4,2,2,1000,74,7.40,true
5,2,1,0,0,1000,135,13.50,true
5,2,1,0,1,1000,116,11.60,true
5,2,1,1,0,1000,109,10.90,true
5,2,1,1,1,1000,96,9.60,true
5,2,1,2,2,1000,65,6.50,true
5,2,3,0,0,1000,133,13.30,true
5,2,3,0,1,1000,109,10.90,true
5,2,3,1,0,1000,108,10.80,true
5,2,3,1,1,1000,94,9.40,true
5,2,3,2,2,1000,62,6.20,true
5,2,4,0,0,1000,134,13.40,true
5,2,4,0,1,1000,106,10.60,true
5,2,4,1,0,1000,110,11.00,true
5,2,4,1,1,1000,94,9.40,true
5,2,4,2,2,1000,63,6.30,true
5,3,1,0,0,1000,135,13.50,true
5,3,1,0,1,1000,110,11.00,true
5,3,1,1,0,1000,108,10.80,true
5,3,1,1,1,1000,89,8.90,true
5,3,1,2,2,1000,55,5.50,true
5,3,2,0,0,1000,128,12.80,true
5,3,2,0,1,1000,108,10.80,true
5,3,2,1,0,1000,106,10.60,true
5,3,2,1,1,1000,89,8.90,true
5,3,2,2,2,1000,57,5.70,true
5,3,4,0,0,1000,135,13.50,true
5,3,4,0,1,1000,110,11.00,true
5,3,4,1,0,1000,109,10.90,true
5,3,4,1,1,1000,82,8.20,true
5,3,4,2,2,1000,62,6.20,true
5,4,1,0,0,1000,132,13.20,true
5,4,1,0,1,1000,103,10.30,true
5,4,1,1,0,1000,106,10.60,true
5,4,1,1,1,1000,73,7.30,true
5,4,1,2,2,1000,59,5.90,true
5,4,2,0,0,1000,136,13.60,true
5,4,2,0,1,1000,105,10.50,true
5,4,2,1,0,1000,102,10.20,true
5,4,2,1,1,1000,78,7.80,true
5,4,2,2,2,1000,55,5.50,true
5,4,3,0,0,1000,130,13.00,true
5,4,3,0,1,1000,108,10.80,true
5,4,3,1,0,1000,109,10.90,true
5,4,3,1,1,1000,89,8.90,true
5,4,3,2,2,1000,51,5.10,true
6,1,2,0,0,1000,303,30.30,false
6,1,2,0,1,1000,247,24.70,false
6,1,2,1,0,1000,258,25.80,false
6,1,2,1,1,1000,201,20.10,false
6,1,2,2,2,1000,140,14.00,false
6,1,3,0,0,1000,311,31.10,false
6,1,3,0,1,1000,253,25.30,false
6,1,3,1,0,1000,259,25.90,false
6,1,3,1,1,1000,211,21.10,false
6,1,3,2,2,1000,129,12.90,false
6,1,4,0,0,1000,306,30.60,false
6,1,4,0,1,1000,245,24.50,false
6,1,4,1,0,1000,247,24.70,false
6,1,4,1,1,1000,222,22.20,false
6,1,4,2,2,1000,128,12.80,false
6,1,5,0,0,1000,307,30.70,true
6,1,5,0,1,1000,266,26.60,true
6,1,5,1,0,1000,249,24.90,true
6,1,5,1,1,1000,201,20.10,true
6,1,5,2,2,1000,134,13.40,true
6,2,1,0,0,1000,0,0.00,false
6,2,1,0,1,1000,0,0.00,false
6,2,1,1,0,1000,0,0.00,false
6,2,1,1,1,1000,0,0.00,false
6,2,1,2,2,1000,0,0.00,false
6,2,3,0,0,1000,0,0.00,false
6,2,3,0,1,1000,0,0.00,false
6,2,3,1,0,1000,0,0.00,false
6,2,3,1,1,1000,0,0.00,false
6,2,3,2,2,1000,0,0.00,false
6,2,4,0,0,1000,0,0.00,false
6,2,4,0,1,1000,0,0.00,false
6,2,4,1,0,1000,0,0.00,false
6,2,4,1,1,1000,0,0.00,false
6,2,4,2,2,1000,0,0.00,false
6,2,5,0,0,1000,0,0.00,false
6,2,5,0,1,1000,0,0.00,false
6,2,5,1,0,1000,0,0.00,false
6,2,5,1,1,1000,0,0.00,false
6,2,5,2,2,1000,0,0.00,false
6,3,1,0,0,1000,0,0.00,false
6,3,1,0,1,1000,0,0.00,false
6,3,1,1,0,1000,0,0.00,false
6,3,1,1,1,1000,0,0.00,false
6,3,1,2,2,1000,0,0.00,false
6,3,2,0,0,1000,0,0.00,false
6,3,2,0,1,1000,0,0.00,false
6,3,2,1,0,1000,0,0.00,false
6,3,2,1,1,1000,0,0.00,false
6,3,2,2,2,1000,0,0.00,false
6,3,4,0,0,1000,0,0.00,false
6,3,4,0,1,1000,0,0.00,false
6,3,4,1,0,1000,0,0.00,false
6,3,4,1,1,1000,0,0.00,false
6,3,4,2,2,1000,0,0.00,false
6,3,5,0,0,1000,0,0.00,false
6,3,5,0,1,1000,0,0.00,false
6,3,5,1,0,1000,0,0.00,false
6,3,5,1,1,1000,0,0.00,false
6,3,5,2,2,1000,0,0.00,false
6,4,1,0,0,1000,0,0.00,false
6,4,1,0,1,1000,0,0.00,false
6,4,1,1,0,1000,0,0.00,false
6,4,1,1,1,1000,0,0.00,false
6,4,1,2,2,1000,0,0.00,false
6,4,2,0,0,1000,0,0.00,false
6,4,2,0,1,1000,0,0.00,false
6,4,2,1,0,1000,0,0.00,false
6,4,2,1,1,1000,0,0.00,false
6,4,2,2,2,1000,0,0.00,false
6,4,3,0,0,1000,0,0.00,false
6,4,3,0,1,1000,0,0.00,false
6,4,3,1,0,1000,0,0.00,false
6,4,3,1,1,1000,0,0.00,false
6,4,3,2,2,1000,0,0.00,false
6,4,5,0,0,1000,0,0.00,false
6,4,5,0,1,1000,0,0.00,false
6,4,5,1,0,1000,0,0.00,false
6,4,5,1,1,1000,0,0.00,false
6,4,5,2,2,1000,0,0.00,false
6,5,1,0,0,1000,302,30.20,true
6,5,1,0,1,1000,242,24.20,true
6,5,1,1,0,1000,243,24.30,true
6,5,1,1,1,1000,190,19.00,true
6,5,1,2,2,1000,119,11.90,true
6,5,2,0,0,1000,302,30.20,false
6,5,2,0,1,1000,238,23.80,false
6,5,2,1,0,1000,225,22.50,false
6,5,2,1,1,1000,169,16.90,false
6,5,2,2,2,1000,124,12.40,false
6,5,3,0,0,1000,300,30.00,false
6,5,3,0,1,1000,219,21.90,false
6,5,3,1,0,1000,241,24.10,false
6,5,3,1,1,1000,179,17.90,false
6,5,3,2,2,1000,128,12.80,false
6,5,4,0,0,1000,292,29.20,false
6,5,4,0,1,1000,233,23.30,false
6,5,4,1,0,1000,227,22.70,false
6,5,4,1,1,1000,182,18.20,false
6,5,4,2,2,1000,128,12.80,false
7,1,2,0,0,1000,109,10.90,true
7,1,2,0,1,1000,100,10.00,true
7,1,2,1,0,1000,101,10.10,true
7,1,2,1,1,1000,75,7.50,true
7,1,2,2,2,1000,51,5.10,true
7,1,3,0,0,1000,115,11.50,true
7,1,3,0,1,1000,88,8.80,true
7,1,3,1,0,1000,89,8.90,true
7,1,3,1,1,1000,75,7.50,true
7,1,3,2,2,1000,57,5.70,true
7,1,4,0,0,1000,120,12.00,true
7,1,4,0,1,1000,82,8.20,true
7,1,4,1,0,1000,87,8.70,true
7,1,4,1,1,1000,74,7.40,true
7,1,4,2,2,1000,47,4.70,true
7,1,5,0,0,1000,115,11.50,true
7,1,5,0,1,1000,83,8.30,true
7,1,5,1,0,1000,86,8.60,true
7,1,5,1,1,1000,82,8.20,true
7,1,5,2,2,1000,55,5.50,true
7,1,6,0,0,1000,111,11.10,true
7,1,6,0,1,1000,85,8.50,true
7,1,6,1,0,1000,94,9.40,true
7,1,6,1,1,1000,78,7.80,true
7,1,6,2,2,1000,46,4.60,true
7,2,1,0,0,1000,117,11.70,true
7,2,1,0,1,1000,97,9.70,true
7,2,1,1,0,1000,91,9.10,true
7,2,1,1,1,1000,69,6.90,true
7,2,1,2,2,1000,45,4.50,true
7,2,3,0,0,1000,116,11.60,true
7,2,3,0,1,1000,95,9.50,true
7,2,3,1,0,1000,89,8.90,true
7,2,3,1,1,1000,71,7.10,true
7,2,3,2,2,1000,47,4.70,true
7,2,4,0,0,1000,121,12.10,true
7,2,4,0,1,1000,88,8.80,true
7,2,4,1,0,1000,91,9.10,true
7,2,4,1,1,1000,68,6.80,true
7,2,4,2,2,1000,43,4.30,true
7,2,5,0,0,1000,109,10.90,true
7,2,5,0,1,1000,86,8.60,true
7,2,5,1,0,1000,86,8.60,true
7,2,5,1,1,1000,66,6.60,true
7,2,5,2,2,1000,53,5.30,true
7,2,6,0,0,1000,110,11.00,true
7,2,6,0,1,1000,91,9.10,true
7,2,6,1,0,1000,97,9.70,true
7,2,6,1,1,1000,74,7.40,true
7,2,6,2,2,1000,64,6.40,true
7,3,1,0,0,1000,116,11.60,true
7,3,1,0,1,1000,88,8.80,true
7,3,1,1,0,1000,81,8.10,true
7,3,1,1,1,1000,69,6.90,true
7,3,1,2,2,1000,43,4.30,true
7,3,2,0,0,1000,114,11.40,true
7,3,2,0,1,1000,92,9.20,true
7,3,2,1,0,1000,96,9.60,true
7,3,2,1,1,1000,61,6.10,true
7,3,2,2,2,1000,50,5.00,true
7,3,4,0,0,1000,119,11.90,true
7,3,4,0,1,1000,90,9.00,true
7,3,4,1,0,1000,81,8.10,true
7,3,4,1,1,1000,64,6.40,true
7,3,4,2,2,1000,51,5.10,true
7,3,5,0,0,1000,114,11.40,true
7,3,5,0,1,1000,95,9.50,true
7,3,5,1,0,1000,89,8.90,true
7,3,5,1,1,1000,77,7.70,true
7,3,5,2,2,1000,49,4.90,true
7,3,6,0,0,1000,109,10.90,true
7,3,6,0,1,1000,89,8.90,true
7,3,6,1,0,1000,80,8.00,true
7,3,6,1,1,1000,65,6.50,true
7,3,6,2,2,1000,43,4.30,true
7,4,1,0,0,1000,108,10.80,true
7,4,1,0,1,1000,88,8.80,true
7,4,1,1,0,1000,84,8.40,true
7,4,1,1,1,1000,61,6.10,true
7,4,1,2,2,1000,48,4.80,true
7,4,2,0,0,1000,111,11.10,true
7,4,2,0,1,1000,88,8.80,true
7,4,2,1,0,1000,106,10.60,true
7,4,2,1,1,1000,70,7.00,true
7,4,2,2,2,1000,43,4.30,true
7,4,3,0,0,1000,113,11.30,true
7,4,3,0,1,1000,85,8.50,true
7,4,3,1,0,1000,87,8.70,true
7,4,3,1,1,1000,75,7.50,true
7,4,3,2,2,1000,47,4.70,true
7,4,5,0,0,1000,107,10.70,true
7,4,5,0,1,1000,79,7.90,true
7,4,5,1,0,1000,94,9.40,true
7,4,5,1,1,1000,72,7.20,true
7,4,5,2,2,1000,54,5.40,true
7,4,6,0,0,1000,118,11.80,true
7,4,6,0,1,1000,89,8.90,true
7,4,6,1,0,1000,84,8.40,true
7,4,6,1,1,1000,67,6.70,true
7,4,6,2,2,1000,59,5.90,true
7,5,1,0,0,1000,127,12.70,true
7,5,1,0,1,1000,76,7.60,true
7,5,1,1,0,1000,90,9.00,true
7,5,1,1,1,1000,66,6.60,true
7,5,1,2,2,1000,48,4.80,true
7,5,2,0,0,1000,110,11.00,true
7,5,2,0,1,1000,85,8.50,true
7,5,2,1,0,1000,88,8.80,true
7,5,2,1,1,1000,64,6.40,true
7,5,2,2,2,1000,55,5.50,true
7,5,3,0,0,1000,114,11.40,true
7,5,3,0,1,1000,78,7.80,true
7,5,3,1,0,1000,77,7.70,true
7,5,3,1,1,1000,69,6.90,true
7,5,3,2,2,1000,48,4.80,true
7,5,4,0,0,1000,115,11.50,true
7,5,4,0,1,1000,75,7.50,true
7,5,4,1,0,1000,79,7.90,true
7,5,4,1,1,1000,69,6.90,true
7,5,4,2,2,1000,40,4.00,true
7,5,6,0,0,1000,98,9.80,true
7,5,6,0,1,1000,83,8.30,true
7,5,6,1,0,1000,82,8.20,true
7,5,6,1,1,1000,73,7.30,true
7,5,6,2,2,1000,48,4.80,true
7,6,1,0,0,1000,103,10.30,true
7,6,1,0,1,1000,82,8.20,true
7,6,1,1,0,1000,81,8.10,true
7,6,1,1,1,1000,58,5.80,true
7,6,1,2,2,1000,43,4.30,true
7,6,2,0,0,1000,120,12.00,true
7,6,2,0,1,1000,81,8.10,true
7,6,2,1,0,1000,86,8.60,true
7,6,2,1,1,1000,61,6.10,true
7,6,2,2,2,1000,45,4.50,true
7,6,3,0,0,1000,111,11.10,true
7,6,3,0,1,1000,101,10.10,true
7,6,3,1,0,1000,85,8.50,true
7,6,3,1,1,1000,72,7.20,true
7,6,3,2,2,1000,43,4.30,true
7,6,4,0,0,1000,110,11.00,true
7,6,4,0,1,1000,85,8.50,true
7,6,4,1,0,1000,74,7.40,true
7,6,4,1,1,1000,64,6.40,true
7,6,4,2,2,1000,44,4.40,true
7,6,5,0,0,1000,111,11.10,true
7,6,5,0,1,1000,87,8.70,true
7,6,5,1,0,1000,88,8.80,true
7,6,5,1,1,1000,72,7.20,true
7,6,5,2,2,1000,46,4.60,true
8,1,2,0,0,1000,189,18.90,false
8,1,2,0,1,1000,155,15.50,false
8,1,2,1,0,1000,149,14.90,false
8,1,2,1,1,1000,116,11.60,false
8,1,2,2,2,1000,76,7.60,false
8,1,3,0,0,1000,183,18.30,true
8,1,3,0,1,1000,151,15.10,true
8,1,3,1,0,1000,151,15.10,true
8,1,3,1,1,1000,119,11.90,true
8,1,3,2,2,1000,85,8.50,true
8,1,4,0,0,1000,192,19.20,false
8,1,4,0,1,1000,147,14.70,false
8,1,4,1,0,1000,158,15.80,false
8,1,4,1,1,1000,122,12.20,false
8,1,4,2,2,1000,78,7.80,false
8,1,5,0,0,1000,191,19.10,true
8,1,5,0,1,1000,138,13.80,true
8,1,5,1,0,1000,143,14.30,true
8,1,5,1,1,1000,121,12.10,true
8,1,5,2,2,1000,87,8.70,true
8,1,6,0,0,1000,189,18.90,false
8,1,6,0,1,1000,160,16.00,false
8,1,6,1,0,1000,156,15.60,false
8,1,6,1,1,1000,111,11.10,false
8,1,6,2,2,1000,69,6.90,false
8,1,7,0,0,1000,199,19.90,true
8,1,7,0,1,1000,146,14.60,true
8,1,7,1,0,1000,156,15.60,true
8,1,7,1,1,1000,122,12.20,true
8,1,7,2,2,1000,83,8.30,true
8,2,1,0,0,1000,0,0.00,false
8,2,1,0,1,1000,0,0.00,false
8,2,1,1,0,1000,0,0.00,false
8,2,1,1,1,1000,0,0.00,false
8,2,1,2,2,1000,0,0.00,false
8,2,3,0,0,1000,0,0.00,false
8,2,3,0,1,1000,0,0.00,false
8,2,3,1,0,1000,0,0.00,false
8,2,3,1,1,1000,0,0.00,false
8,2,3,2,2,1000,0,0.00,false
8,2,4,0,0,1000,0,0.00,false
8,2,4,0,1,1000,0,0.00,false
8,2,4,1,0,1000,0,0.00,false
8,2,4,1,1,1000,0,0.00,false
8,2,4,2,2,1000,0,0.00,false
8,2,5,0,0,1000,0,0.00,false
8,2,5,0,1,1000,0,0.00,false
8,2,5,1,0,1000,0,0.00,false
8,2,5,1,1,1000,0,0.00,false
8,2,5,2,2,1000,0,0.00,false
8,2,6,0,0,1000,0,0.00,false
8,2,6,0,1,1000,0,0.00,false
8,2,6,1,0,1000,0,0.00,false
8,2,6,1,1,1000,0,0.00,false
8,2,6,2,2,1000,0,0.00,false
8,2,7,0,0,1000,0,0.00,false
8,2,7,0,1,1000,0,0.00,false
8,2,7,1,0,1000,0,0.00,false
8,2,7,1,1,1000,0,0.00,false
8,2,7,2,2,1000,0,0.00,false
8,3,1,0,0,1000,195,19.50,true
8,3,1,0,1,1000,143,14.30,true
8,3,1,1,0,1000,139,13.90,true
8,3,1,1,1,1000,118,11.80,true
8,3,1,2,2,1000,76,7.60,true
8,3,2,0,0,1000,191,19.10,false
8,3,2,0,1,1000,143,14.30,false
8,3,2,1,0,1000,145,14.50,false
8,3,2,1,1,1000,114,11.40,false
8,3,2,2,2,1000,89,8.90,false
8,3,4,0,0,1000,195,19.50,false
8,3,4,0,1,1000,137,13.70,false
8,3,4,1,0,1000,141,14.10,false
8,3,4,1,1,1000,125,12.50,false
8,3,4,2,2,1000,84,8.40,false
8,3,5,0,0,1000,188,18.80,true
8,3,5,0,1,1000,156,15.60,true
8,3,5,1,0,1000,129,12.90,true
8,3,5,1,1,1000,124,12.40,true
8,3,5,2,2,1000,76,7.60,true
8,3,6,0,0,1000,181,18.10,false
8,3,6,0,1,1000,153,15.30,false
8,3,6,1,0,1000,139,13.90,false
8,3,6,1,1,1000,113,11.30,false
8,3,6,2,2,1000,88,8.80,false
8,3,7,0,0,1000,190,19.00,true
8,3,7,0,1,1000,128,12.80,true
8,3,7,1,0,1000,153,15.30,true
8,3,7,1,1,1000,119,11.90,true
8,3,7,2,2,1000,78,7.80,true
8,4,1,0,0,1000,0,0.00,false
8,4,1,0,1,1000,0,0.00,false
8,4,1,1,0,1000,0,0.00,false
8,4,1,1,1,1000,0,0.00,false
8,4,1,2,2,1000,0,0.00,false
8,4,2,0,0,1000,0,0.00,false
8,4,2,0,1,1000,0,0.00,false
8,4,2,1,0,1000,0,0.00,false
8,4,2,1,1,1000,0,0.00,false
8,4,2,2,2,1000,0,0.00,false
8,4,3,0,0,1000,0,0.00,false
8,4,3,0,1,1000,0,0.00,false
8,4,3,1,0,1000,0,0.00,false
8,4,3,1,1,1000,0,0.00,false
8,4,3,2,2,1000,0,0.00,false
8,4,5,0,0,1000,0,0.00,false
8,4,5,0,1,1000,0,0.00,false
8,4,5,1,0,1000,0,0.00,false
8,4,5,1,1,1000,0,0.00,false
8,4,5,2,2,1000,0,0.00,false
8,4,6,0,0,1000,0,0.00,false
8,4,6,0,1,1000,0,0.00,false
8,4,6,1,0,1000,0,0.00,false
8,4,6,1,1,1000,0,0.00,false
8,4,6,2,2,1000,0,0.00,false
8,4,7,0,0,1000,0,0.00,false
8,4,7,0,1,1000,0,0.00,false
8,4,7,1,0,1000,0,0.00,false
8,4,7,1,1,1000,0,0.00,false
8,4,7,2,2,1000,0,0.00,false
8,5,1,0,0,1000,189,18.90,true
8,5,1,0,1,1000,134,13.40,true
8,5,1,1,0,1000,143,14.30,true
8,5,1,1,1,1000,104,10.40,true
8,5,1,2,2,1000,81,8.10,true
8,5,2,0,0,1000,193,19.30,false
8,5,2,0,1,1000,137,13.70,false
8,5,2,1,0,1000,126,12.60,false
8,5,2,1,1,1000,109,10.90,false
8,5,2,2,2,1000,72,7.20,false
8,5,3,0,0,1000,187,18.70,true
8,5,3,0,1,1000,157,15.70,true
8,5,3,1,0,1000,148,14.80,true
8,5,3,1,1,1000,112,11.20,true
8,5,3,2,2,1000,81,8.10,true
8,5,4,0,0,1000,177,17.70,false
8,5,4,0,1,1000,150,15.00,false
8,5,4,1,0,1000,135,13.50,false
8,5,4,1,1,1000,105,10.50,false
8,5,4,2,2,1000,87,8.70,false
8,5,6,0,0,1000,193,19.30,false
8,5,6,0,1,1000,128,12.80,false
8,5,6,1,0,1000,143,14.30,false
8,5,6,1,1,1000,118,11.80,false
8,5,6,2,2,1000,81,8.10,false
8,5,7,0,0,1000,182,18.20,true
8,5,7,0,1,1000,143,14.30,true
8,5,7,1,0,1000,140,14.00,true
8,5,7,1,1,1000,111,11.10,true
8,5,7,2,2,1000,66,6.60,true
8,6,1,0,0,1000,0,0.00,false
8,6,1,0,1,1000,0,0.00,false
8,6,1,1,0,1000,0,0.00,false
8,6,1,1,1,1000,0,0.00,false
8,6,1,2,2,1000,0,0.00,false
8,6,2,0,0,1000,0,0.00,false
8,6,2,0,1,1000,0,0.00,false
8,6,2,1,0,1000,0,0.00,false
8,6,2,1,1,1000,0,0.00,false
8,6,2,2,2,1000,0,0.00,false
8,6,3,0,0,1000,0,0.00,false
8,6,3,0,1,1000,0,0.00,false
8,6,3,1,0,1000,0,0.00,false
8,6,3,1,1,1000,0,0.00,false
8,6,3,2,2,1000,0,0.00,false
8,6,4,0,0,1000,0,0.00,false
8,6,4,0,1,1000,0,0.00,false
8,6,4,1,0,1000,0,0.00,false
8,6,4,1,1,1000,0,0.00,false
8,6,4,2,2,1000,0,0.00,false
8,6,5,0,0,1000,0,0.00,false
8,6,5,0,1,1000,0,0.00,false
8,6,5,1,0,1000,0,0.00,false
8,6,5,1,1,1000,0,0.00,false
8,6,5,2,2,1000,0,0.00,false
8,6,7,0,0,1000,0,0.00,false
8,6,7,0,1,1000,0,0.00,false
8,6,7,1,0,1000,0,0.00,false
8,6,7,1,1,1000,0,0.00,false
8,6,7,2,2,1000,0,0.00,false
8,7,1,0,0,1000,184,18.40,true
8,7,1,0,1,1000,146,14.60,true
8,7,1,1,0,1000,145,14.50,true
8,7,1,1,1,1000,109,10.90,true
8,7,1,2,2,1000,87,8.70,true
8,7,2,0,0,1000,177,17.70,false
8,7,2,0,1,1000,125,12.50,false
8,7,2,1,0,1000,138,13.80,false
8,7,2,1,1,1000,100,10.00,false
8,7,2,2,2,1000,72,7.20,false
8,7,3,0,0,1000,181,18.10,true
8,7,3,0,1,1000,147,14.70,true
8,7,3,1,0,1000,141,14.10,true
8,7,3,1,1,1000,92,9.20,true
8,7,3,2,2,1000,59,5.90,true
8,7,4,0,0,1000,183,18.30,false
8,7,4,0,1,1000,132,13.20,false
8,7,4,1,0,1000,138,13.80,false
8,7,4,1,1,1000,115,11.50,false
8,7,4,2,2,1000,78,7.80,false
8,7,5,0,0,1000,182,18.20,true
8,7,5,0,1,1000,142,14.20,true
8,7,5,1,0,1000,135,13.50,true
8,7,5,1,1,1000,107,10.70,true
8,7,5,2,2,1000,80,8.00,true
8,7,6,0,0,1000,184,18.40,false
8,7,6,0,1,1000,139,13.90,false
8,7,6,1,0,1000,137,13.70,false
8,7,6,1,1,1000,106,10.60,false
8,7,6,2,2,1000,72,7.20,false
9,1,2,0,0,1000,131,13.10,true
9,1,2,0,1,1000,106,10.60,true
9,1,2,1,0,1000,111,11.10,true
9,1,2,1,1,1000,89,8.90,true
9,1,2,2,2,1000,56,5.60,true
9,1,3,0,0,1000,141,14.10,false
9,1,3,0,1,1000,111,11.10,false
9,1,3,1,0,1000,100,10.00,false
9,1,3,1,1,1000,83,8.30,false
9,1,3,2,2,1000,47,4.70,false
9,1,4,0,0,1000,142,14.20,true
9,1,4,0,1,1000,113,11.30,true
9,1,4,1,0,1000,99,9.90,true
9,1,4,1,1,1000,100,10.00,true
9,1,4,2,2,1000,61,6.10,true
9,1,5,0,0,1000,145,14.50,true
9,1,5,0,1,1000,103,10.30,true
9,1,5,1,0,1000,109,10.90,true
9,1,5,1,1,1000,83,8.30,true
9,1,5,2,2,1000,57,5.70,true
9,1,6,0,0,1000,139,13.90,false
9,1,6,0,1,1000,110,11.00,false
9,1,6,1,0,1000,114,11.40,false
9,1,6,1,1,1000,86,8.60,false
9,1,6,2,2,1000,66,6.60,false
9,1,7,0,0,1000,140,14.00,true
9,1,7,0,1,1000,108,10.80,true
9,1,7,1,0,1000,117,11.70,true
9,1,7,1,1,1000,87,8.70,true
9,1,7,2,2,1000,60,6.00,true
9,1,8,0,0,1000,143,14.30,true
9,1,8,0,1,1000,116,11.60,true
9,1,8,1,0,1000,119,11.90,true
9,1,8,1,1,1000,95,9.50,true
9,1,8,2,2,1000,57,5.70,true
9,2,1,0,0,1000,138,13.80,true
9,2,1,0,1,1000,97,9.70,true
9,2,1,1,0,1000,96,9.60,true
9,2,1,1,1,1000,88,8.80,true
9,2,1,2,2,1000,56,5.60,true
9,2,3,0,0,1000,130,13.00,false
9,2,3,0,1,1000,90,9.00,false
9,2,3,1,0,1000,115,11.50,false
9,2,3,1,1,1000,86,8.60,false
9,2,3,2,2,1000,62,6.20,false
9,2,4,0,0,1000,141,14.10,true
9,2,4,0,1,1000,100,10.00,true
9,2,4,1,0,1000,83,8.30,true
9,2,4,1,1,1000,87,8.70,true
9,2,4,2,2,1000,54,5.40,true
9,2,5,0,0,1000,138,13.80,true
9,2,5,0,1,1000,102,10.20,true
9,2,5,1,0,1000,101,10.10,true
9,2,5,1,1,1000,82,8.20,true
9,2,5,2,2,1000,66,6.60,true
9,2,6,0,0,1000,148,14.80,false
9,2,6,0,1,1000,112,11.20,false
9,2,6,1,0,1000,100,10.00,false
9,2,6,1,1,1000,85,8.50,false
9,2,6,2,2,1000,61,6.10,false
9,2,7,0,0,1000,141,14.10,true
9,2,7,0,1,1000,105,10.50,true
9,2,7,1,0,1000,113,11.30,true
9,2,7,1,1,1000,67,6.70,true
9,2,7,2,2,1000,58,5.80,true
9,2,8,0,0,1000,133,13.30,true
9,2,8,0,1,1000,111,11.10,true
9,2,8,1,0,1000,107,10.70,true
9,2,8,1,1,1000,77,7.70,true
9,2,8,2,2,1000,61,6.10,true
9,3,1,0,0,1000,0,0.00,false
9,3,1,0,1,1000,0,0.00,false
9,3,1,1,0,1000,0,0.00,false
9,3,1,1,1,1000,0,0.00,false
9,3,1,2,2,1000,0,0.00,false
9,3,2,0,0,1000,0,0.00,false
9,3,2,0,1,1000,0,0.00,false
9,3,2,1,0,1000,0,0.00,false
9,3,2,1,1,1000,0,0.00,false
9,3,2,2,2,1000,0,0.00,false
9,3,4,0,0,1000,0,0.00,false
9,3,4,0,1,1000,0,0.00,false
9,3,4,1,0,1000,0,0.00,false
9,3,4,1,1,1000,0,0.00,false
9,3,4,2,2,1000,0,0.00,false
9,3,5,0,0,1000,0,0.00,false
9,3,5,0,1,1000,0,0.00,false
9,3,5,1,0,1000,0,0.00,false
9,3,5,1,1,1000,0,0.00,false
9,3,5,2,2,1000,0,0.00,false
9,3,6,0,0,1000,0,0.00,false
9,3,6,0,1,1000,0,0.00,false
9,3,6,1,0,1000,0,0.00,false
9,3,6,1,1,1000,0,0.00,false
9,3,6,2,2,1000,0,0.00,false
9,3,7,0,0,1000,0,0.00,false
9,3,7,0,1,1000,0,0.00,false
9,3,7,1,0,1000,0,0.00,false
9,3,7,1,1,1000,0,0.00,false
9,3,7,2,2,1000,0,0.00,false
9,3,8,0,0,1000,0,0.00,false
9,3,8,0,1,1000,0,0.00,false
9,3,8,1,0,1000,0,0.00,false
9,3,8,1,1,1000,0,0.00,false
9,3,8,2,2,1000,0,0.00,false
9,4,1,0,0,1000,138,13.80,true
9,4,1,0,1,1000,90,9.00,true
9,4,1,1,0,1000,85,8.50,true
9,4,1,1,1,1000,75,7.50,true
9,4,1,2,2,1000,54,5.40,true
9,4,2,0,0,1000,134,13.40,true
9,4,2,0,1,1000,106,10.60,true
9,4,2,1,0,1000,99,9.90,true
9,4,2,1,1,1000,83,8.30,true
9,4,2,2,2,1000,46,4.60,true
9,4,3,0,0,1000,126,12.60,false
9,4,3,0,1,1000,92,9.20,false
9,4,3,1,0,1000,115,11.50,false
9,4,3,1,1,1000,90,9.00,false
9,4,3,2,2,1000,57,5.70,false
9,4,5,0,0,1000,132,13.20,true
9,4,5,0,1,1000,91,9.10,true
9,4,5,1,0,1000,94,9.40,true
9,4,5,1,1,1000,79,7.90,true
9,4,5,2,2,1000,60,6.00,true
9,4,6,0,0,1000,142,14.20,false
9,4,6,0,1,1000,100,10.00,false
9,4,6,1,0,1000,103,10.30,false
9,4,6,1,1,1000,87,8.70,false
9,4,6,2,2,1000,58,5.80,false
9,4,7,0,0,1000,140,14.00,true
9,4,7,0,1,1000,106,10.60,true
9,4,7,1,0,1000,83,8.30,true
9,4,7,1,1,1000,76,7.60,true
9,4,7,2,2,1000,45,4.50,true
9,4,8,0,0,1000,140,14.00,true
9,4,8,0,1,1000,103,10.30,true
9,4,8,1,0,1000,102,10.20,true
9,4,8,1,1,1000,92,9.20,true
9,4,8,2,2,1000,51,5.10,true
9,5,1,0,0,1000,140,14.00,true
9,5,1,0,1,1000,102,10.20,true
9,5,1,1,0,1000,97,9.70,true
9,5,1,1,1,1000,85,8.50,true
9,5,1,2,2,1000,52,5.20,true
9,5,2,0,0,1000,124,12.40,true
9,5,2,0,1,1000,103,10.30,true
9,5,2,1,0,1000,95,9.50,true
9,5,2,1,1,1000,75,7.50,true
9,5,2,2,2,1000,50,5.00,true
9,5,3,0,0,1000,133,13.30,false
9,5,3,0,1,1000,97,9.70,false
9,5,3,1,0,1000,90,9.00,false
9,5,3,1,1,1000,84,8.40,false
9,5,3,2,2,1000,56,5.60,false
9,5,4,0,0,1000,143,14.30,true
9,5,4,0,1,1000,102,10.20,true
9,5,4,1,0,1000,110,11.00,true
9,5,4,1,1,1000,80,8.00,true
9,5,4,2,2,1000,49,4.90,true
9,5,6,0,0,1000,129,12.90,false
9,5,6,0,1,1000,94,9.40,false
9,5,6,1,0,1000,96,9.60,false
9,5,6,1,1,1000,76,7.60,false
9,5,6,2,2,1000,46,4.60,false
9,5,7,0,0,1000,134,13.40,true
9,5,7,0,1,1000,88,8.80,true
9,5,7,1,0,1000,93,9.30,true
9,5,7,1,1,1000,78,7.80,true
9,5,7,2,2,1000,47,4.70,true
9,5,8,0,0,1000,136,13.60,true
9,5,8,0,1,1000,103,10.30,true
9,5,8,1,0,1000,111,11.10,true
9,5,8,1,1,1000,87,8.70,true
9,5,8,2,2,1000,52,5.20,true
9,6,1,0,0,1000,0,0.00,false
9,6,1,0,1,1000,0,0.00,false
9,6,1,1,0,1000,0,0.00,false
9,6,1,1,1,1000,0,0.00,false
9,6,1,2,2,1000,0,0.00,false
9,6,2,0,0,1000,0,0.00,false
9,6,2,0,1,1000,0,0.00,false
9,6,2,1,0,1000,0,0.00,false
9,6,2,1,1,1000,0,0.00,false
9,6,2,2,2,1000,0,0.00,false
9,6,3,0,0,1000,0,0.00,false
9,6,3,0,1,1000,0,0.00,false
9,6,3,1,0,1000,0,0.00,false
9,6,3,1,1,1000,0,0.00,false
9,6,3,2,2,1000,0,0.00,false
9,6,4,0,0,1000,0,0.00,false
9,6,4,0,1,1000,0,0.00,false
9,6,4,1,0,1000,0,0.00,false
9,6,4,1,1,1000,0,0.00,false
9,6,4,2,2,1000,0,0.00,false
9,6,5,0,0,1000,0,0.00,false
9,6,5,0,1,1000,0,0.00,false
9,6,5,1,0,1000,0,0.00,false
9,6,5,1,1,1000,0,0.00,false
9,6,5,2,2,1000,0,0.00,false
9,6,7,0,0,1000,0,0.00,false
9,6,7,0,1,1000,0,0.00,false
9,6,7,1,0,1000,0,0.00,false
9,6,7,1,1,1000,0,0.00,false
9,6,7,2,2,1000,0,0.00,false
9,6,8,0,0,1000,0,0.00,false
9,6,8,0,1,1000,0,0.00,false
9,6,8,1,0,1000,0,0.00,false
9,6,8,1,1,1000,0,0.00,false
9,6,8,2,2,1000,0,0.00,false
9,7,1,0,0,1000,136,13.60,true
9,7,1,0,1,1000,93,9.30,true
9,7,1,1,0,1000,91,9.10,true
9,7,1,1,1,1000,71,7.10,true
9,7,1,2,2,1000,58,5.80,true
9,7,2,0,0,1000,131,13.10,true
9,7,2,0,1,1000,102,10.20,true
9,7,2,1,0,1000,108,10.80,true
9,7,2,1,1,1000,71,7.10,true
9,7,2,2,2,1000,34,3.40,true
9,7,3,0,0,1000,134,13.40,false
9,7,3,0,1,1000,97,9.70,false
9,7,3,1,0,1000,102,10.20,false
9,7,3,1,1,1000,91,9.10,false
9,7,3,2,2,1000,60,6.00,false
9,7,4,0,0,1000,123,12.30,true
9,7,4,0,1,1000,108,10.80,true
9,7,4,1,0,1000,93,9.30,true
9,7,4,1,1,1000,83,8.30,true
9,7,4,2,2,1000,54,5.40,true
9,7,5,0,0,1000,135,13.50,true
9,7,5,0,1,1000,107,10.70,true
9,7,5,1,0,1000,96,9.60,true
9,7,5,1,1,1000,82,8.20,true
9,7,5,2,2,1000,61,6.10,true
9,7,6,0,0,1000,123,12.30,false
9,7,6,0,1,1000,88,8.80,false
9,7,6,1,0,1000,111,11.10,false
9,7,6,1,1,1000,68,6.80,false
9,7,6,2,2,1000,52,5.20,false
9,7,8,0,0,1000,137,13.70,true
9,7,8,0,1,1000,99,9.90,true
9,7,8,1,0,1000,93,9.30,true
9,7,8,1,1,1000,75,7.50,true
9,7,8,2,2,1000,55,5.50,true
9,8,1,0,0,1000,138,13.80,true
9,8,1,0,1,1000,101,10.10,true
9,8,1,1,0,1000,94,9.40,true
9,8,1,1,1,1000,79,7.90,true
9,8,1,2,2,1000,54,5.40,true
9,8,2,0,0,1000,136,13.60,true
9,8,2,0,1,1000,101,10.10,true
9,8,2,1,0,1000,108,10.80,true
9,8,2,1,1,1000,77,7.70,true
9,8,2,2,2,1000,55,5.50,true
9,8,3,0,0,1000,139,13.90,false
9,8,3,0,1,1000,104,10.40,false
9,8,3,1,0,1000,98,9.80,false
9,8,3,1,1,1000,86,8.60,false
9,8,3,2,2,1000,50,5.00,false
9,8,4,0,0,1000,131,13.10,true
9,8,4,0,1,1000,98,9.80,true
9,8,4,1,0,1000,99,9.90,true
9,8,4,1,1,1000,74,7.40,true
9,8,4,2,2,1000,54,5.40,true
9,8,5,0,0,1000,134,13.40,true
9,8,5,0,1,1000,88,8.80,true
9,8,5,1,0,1000,97,9.70,true
9,8,5,1,1,1000,72,7.20,true
9,8,5,2,2,1000,56,5.60,true
9,8,6,0,0,1000,125,12.50,false
9,8,6,0,1,1000,92,9.20,false
9,8,6,1,0,1000,104,10.40,false
9,8,6,1,1,1000,72,7.20,false
9,8,6,2,2,1000,53,5.30,false
9,8,7,0,0,1000,133,13.30,true
9,8,7,0,1,1000,87,8.70,true
9,8,7,1,0,1000,102,10.20,true
9,8,7,1,1,1000,79,7.90,true
9,8,7,2,2,1000,54,5.40,true
10,1,2,0,0,1000,233,23.30,false
10,1,2,0,1,1000,163,16.30,false
10,1,2,1,0,1000,188,18.80,false
10,1,2,1,1,1000,124,12.40,false
10,1,2,2,2,1000,87,8.70,false
10,1,3,0,0,1000,231,23.10,true
10,1,3,0,1,1000,171,17.10,true
10,1,3,1,0,1000,172,17.20,true
10,1,3,1,1,1000,145,14.50,true
10,1,3,2,2,1000,76,7.60,true
10,1,4,0,0,1000,221,22.10,false
10,1,4,0,1,1000,170,17.00,false
10,1,4,1,0,1000,172,17.20,false
10,1,4,1,1,1000,140,14.00,false
10,1,4,2,2,1000,87,8.70,false
10,1,5,0,0,1000,224,22.40,false
10,1,5,0,1,1000,186,18.60,false
10,1,5,1,0,1000,176,17.60,false
10,1,5,1,1,1000,126,12.60,false
10,1,5,2,2,1000,89,8.90,false
10,1,6,0,0,1000,225,22.50,false
10,1,6,0,1,1000,168,16.80,false
10,1,6,1,0,1000,162,16.20,false
10,1,6,1,1,1000,138,13.80,false
10,1,6,2,2,1000,69,6.90,false
10,1,7,0,0,1000,232,23.20,true
10,1,7,0,1,1000,177,17.70,true
10,1,7,1,0,1000,178,17.80,true
10,1,7,1,1,1000,146,14.60,true
10,1,7,2,2,1000,83,8.30,true
10,1,8,0,0,1000,229,22.90,false
10,1,8,0,1,1000,162,16.20,false
10,1,8,1,0,1000,181,18.10,false
10,1,8,1,1,1000,133,13.30,false
10,1,8,2,2,1000,99,9.90,false
10,1,9,0,0,1000,221,22.10,true
10,1,9,0,1,1000,161,16.10,true
10,1,9,1,0,1000,167,16.70,true
10,1,9,1,1,1000,138,13.80,true
10,1,9,2,2,1000,85,8.50,true
10,2,1,0,0,1000,0,0.00,false
10,2,1,0,1,1000,0,0.00,false
10,2,1,1,0,1000,0,0.00,false
10,2,1,1,1,1000,0,0.00,false
10,2,1,2,2,1000,0,0.00,false
10,2,3,0,0,1000,0,0.00,false
10,2,3,0,1,1000,0,0.00,false
10,2,3,1,0,1000,0,0.00,false
10,2,3,1,1,1000,0,0.00,false
10,2,3,2,2,1000,0,0.00,false
10,2,4,0,0,1000,0,0.00,false
10,2,4,0,1,1000,0,0.00,false
10,2,4,1,0,1000,0,0.00,false
10,2,4,1,1,1000,0,0.00,false
10,2,4,2,2,1000,0,0.00,false
10,2,5,0,0,1000,0,0.00,false
10,2,5,0,1,1000,0,0.00,false
10,2,5,1,0,1000,0,0.00,false
10,2,5,1,1,1000,0,0.00,false
10,2,5,2,2,1000,0,0.00,false
10,2,6,0,0,1000,0,0.00,false
10,2,6,0,1,1000,0,0.00,false
10,2,6,1,0,1000,0,0.00,false
10,2,6,1,1,1000,0,0.00,false
10,2,6,2,2,1000,0,0.00,false
10,2,7,0,0,1000,0,0.00,false
10,2,7,0,1,1000,0,0.00,false
10,2,7,1,0,1000,0,0.00,false
10,2,7,1,1,1000,0,0.00,false
10,2,7,2,2,1000,0,0.00,false
10,2,8,0,0,1000,0,0.00,false
10,2,8,0,1,1000,0,0.00,false
10,2,8,1,0,1000,0,0.00,false
10,2,8,1,1,1000,0,0.00,false
10,2,8,2,2,1000,0,0.00,false
10,2,9,0,0,1000,0,0.00,false
10,2,9,0,1,1000,0,0.00,false
10,2,9,1,0,1000,0,0.00,false
10,2,9,1,1,1000,0,0.00,false
10,2,9,2,2,1000,0,0.00,false
10,3,1,0,0,1000,227,22.70,true
10,3,1,0,1,1000,170,17.00,true
10,3,1,1,0,1000,158,15.80,true
10,3,1,1,1,1000,131,13.10,true
10,3,1,2,2,1000,83,8.30,true
10,3,2,0,0,1000,231,23.10,false
10,3,2,0,1,1000,176,17.60,false
10,3,2,1,0,1000,155,15.50,false
10,3,2,1,1,1000,118,11.80,false
10,3,2,2,2,1000,93,9.30,false
10,3,4,0,0,1000,222,22.20,false
10,3,4,0,1,1000,165,16.50,false
10,3,4,1,0,1000,172,17.20,false
10,3,4,1,1,1000,130,13.00,false
10,3,4,2,2,1000,93,9.30,false
10,3,5,0,0,1000,231,23.10,false
10,3,5,0,1,1000,166,16.60,false
10,3,5,1,0,1000,165,16.50,false
10,3,5,1,1,1000,123,12.30,false
10,3,5,2,2,1000,96,9.60,false
10,3,6,0,0,1000,225,22.50,false
10,3,6,0,1,1000,149,14.90,false
10,3,6,1,0,1000,160,16.00,false
10,3,6,1,1,1000,130,13.00,false
10,3,6,2,2,1000,88,8.80,false
10,3,7,0,0,1000,207,20.70,true
10,3,7,0,1,1000,151,15.10,true
10,3,7,1,0,1000,160,16.00,true
10,3,7,1,1,1000,132,13.20,true
10,3,7,2,2,1000,97,9.70,true
10,3,8,0,0,1000,213,21.30,false
10,3,8,0,1,1000,167,16.70,false
10,3,8,1,0,1000,161,16.10,false
10,3,8,1,1,1000,125,12.50,false
10,3,8,2,2,1000,71,7.10,false
10,3,9,0,0,1000,226,22.60,true
10,3,9,0,1,1000,170,17.00,true
10,3,9,1,0,1000,156,15.60,true
10,3,9,1,1,1000,136,13.60,true
10,3,9,2,2,1000,105,10.50,true
10,4,1,0,0,1000,0,0.00,false
10,4,1,0,1,1000,0,0.00,false
10,4,1,1,0,1000,0,0.00,false
10,4,1,1,1,1000,0,0.00,false
10,4,1,2,2,1000,0,0.00,false
10,4,2,0,0,1000,0,0.00,false
10,4,2,0,1,1000,0,0.00,false
10,4,2,1,0,1000,0,0.00,false
10,4,2,1,1,1000,0,0.00,false
10,4,2,2,2,1000,0,0.00,false
10,4,3,0,0,1000,0,0.00,false
10,4,3,0,1,1000,0,0.00,false
10,4,3,1,0,1000,0,0.00,false
10,4,3,1,1,1000,0,0.00,false
10,4,3,2,2,1000,0,0.00,false
10,4,5,0,0,1000,0,0.00,false
10,4,5,0,1,1000,0,0.00,false
10,4,5,1,0,1000,0,0.00,false
10,4,5,1,1,1000,0,0.00,false
10,4,5,2,2,1000,0,0.00,false
10,4,6,0,0,1000,0,0.00,false
10,4,6,0,1,1000,0,0.00,false
10,4,6,1,0,1000,0,0.00,false
10,4,6,1,1,1000,0,0.00,false
10,4,6,2,2,1000,0,0.00,false
10,4,7,0,0,1000,0,0.00,false
10,4,7,0,1,1000,0,0.00,false
10,4,7,1,0,1000,0,0.00,false
10,4,7,1,1,1000,0,0.00,false
10,4,7,2,2,1000,0,0.00,false
10,4,8,0,0,1000,0,0.00,false
10,4,8,0,1,1000,0,0.00,false
10,4,8,1,0,1000,0,0.00,false
10,4,8,1,1,1000,0,0.00,false
10,4,8,2,2,1000,0,0.00,false
10,4,9,0,0,1000,0,0.00,false
10,4,9,0,1,1000,0,0.00,false
10,4,9,1,0,1000,0,0.00,false
10,4,9,1,1,1000,0,0.00,false
10,4,9,2,2,1000,0,0.00,false
10,5,1,0,0,1000,0,0.00,false
10,5,1,0,1,1000,0,0.00,false
10,5,1,1,0,1000,0,0.00,false
10,5,1,1,1,1000,0,0.00,false
10,5,1,2,2,1000,0,0.00,false
10,5,2,0,0,1000,0,0.00,false
10,5,2,0,1,1000,0,0.00,false
10,5,2,1,0,1000,0,0.00,false
10,5,2,1,1,1000,0,0.00,false
10,5,2,2,2,1000,0,0.00,false
10,5,3,0,0,1000,0,0.00,false
10,5,3,0,1,1000,0,0.00,false
10,5,3,1,0,1000,0,0.00,false
10,5,3,1,1,1000,0,0.00,false
10,5,3,2,2,1000,0,0.00,false
10,5,4,0,0,1000,0,0.00,false
10,5,4,0,1,1000,0,0.00,false
10,5,4,1,0,1000,0,0.00,false
10,5,4,1,1,1000,0,0.00,false
10,5,4,2,2,1000,0,0.00,false
10,5,6,0,0,1000,0,0.00,false
10,5,6,0,1,1000,0,0.00,false
10,5,6,1,0,1000,0,0.00,false
10,5,6,1,1,1000,0,0.00,false
10,5,6,2,2,1000,0,0.00,false
10,5,7,0,0,1000,0,0.00,false
10,5,7,0,1,1000,0,0.00,false
10,5,7,1,0,1000,0,0.00,false
10,5,7,1,1,1000,0,0.00,false
10,5,7,2,2,1000,0,0.00,false
10,5,8,0,0,1000,0,0.00,false
10,5,8,0,1,1000,0,0.00,false
10,5,8,1,0,1000,0,0.00,false
10,5,8,1,1,1000,0,0.00,false
10,5,8,2,2,1000,0,0.00,false
10,5,9,0,0,1000,0,0.00,false
10,5,9,0,1,1000,0,0.00,false
10,5,9,1,0,1000,0,0.00,false
10,5,9,1,1,1000,0,0.00,false
10,5,9,2,2,1000,0,0.00,false
10,6,1,0,0,1000,0,0.00,false
10,6,1,0,1,1000,0,0.00,false
10,6,1,1,0,1000,0,0.00,false
10,6,1,1,1,1000,0,0.00,false
10,6,1,2,2,1000,0,0.00,false
10,6,2,0,0,1000,0,0.00,false
10,6,2,0,1,1000,0,0.00,false
10,6,2,1,0,1000,0,0.00,false
10,6,2,1,1,1000,0,0.00,false
10,6,2,2,2,1000,0,0.00,false
10,6,3,0,0,1000,0,0.00,false
10,6,3,0,1,1000,0,0.00,false
10,6,3,1,0,1000,0,0.00,false
10,6,3,1,1,1000,0,0.00,false
10,6,3,2,2,1000,0,0.00,false
10,6,4,0,0,1000,0,0.00,false
10,6,4,0,1,1000,0,0.00,false
10,6,4,1,0,1000,0,0.00,false
10,6,4,1,1,1000,0,0.00,false
10,6,4,2,2,1000,0,0.00,false
10,6,5,0,0,1000,0,0.00,false
10,6,5,0,1,1000,0,0.00,false
10,6,5,1,0,1000,0,0.00,false
10,6,5,1,1,1000,0,0.00,false
10,6,5,2,2,1000,0,0.00,false
10,6,7,0,0,1000,0,0.00,false
10,6,7,0,1,1000,0,0.00,false
10,6,7,1,0,1000,0,0.00,false
10,6,7,1,1,1000,0,0.00,false
10,6,7,2,2,1000,0,0.00,false
10,6,8,0,0,1000,0,0.00,false
10,6,8,0,1,1000,0,0.00,false
10,6,8,1,0,1000,0,0.00,false
10,6,8,1,1,1000,0,0.00,false
10,6,8,2,2,1000,0,0.00,false
10,6,9,0,0,1000,0,0.00,false
10,6,9,0,1,1000,0,0.00,false
10,6,9,1,0,1000,0,0.00,false
10,6,9,1,1,1000,0,0.00,false
10,6,9,2,2,1000,0,0.00,false
10,7,1,0,0,1000,212,21.20,true
10,7,1,0,1,1000,155,15.50,true
10,7,1,1,0,1000,168,16.80,true
10,7,1,1,1,1000,121,12.10,true
10,7,1,2,2,1000,86,8.60,true
10,7,2,0,0,1000,216,21.60,false
10,7,2,0,1,1000,148,14.80,false
10,7,2,1,0,1000,144,14.40,false
10,7,2,1,1,1000,121,12.10,false
10,7,2,2,2,1000,79,7.90,false
10,7,3,0,0,1000,208,20.80,true
10,7,3,0,1,1000,152,15.20,true
10,7,3,1,0,1000,163,16.30,true
10,7,3,1,1,1000,113,11.30,true
10,7,3,2,2,1000,94,9.40,true
10,7,4,0,0,1000,207,20.70,false
10,7,4,0,1,1000,148,14.80,false
10,7,4,1,0,1000,188,18.80,false
10,7,4,1,1,1000,133,13.30,false
10,7,4,2,2,1000,82,8.20,false
10,7,5,0,0,1000,204,20.40,false
10,7,5,0,1,1000,150,15.00,false
10,7,5,1,0,1000,171,17.10,false
10,7,5,1,1,1000,120,12.00,false
10,7,5,2,2,1000,89,8.90,false
10,7,6,0,0,1000,208,20.80,false
10,7,6,0,1,1000,166,16.60,false
10,7,6,1,0,1000,169,16.90,false
10,7,6,1,1,1000,116,11.60,false
10,7,6,2,2,1000,82,8.20,false
10,7,8,0,0,1000,209,20.90,false
10,7,8,0,1,1000,152,15.20,false
10,7,8,1,0,1000,145,14.50,false
10,7,8,1,1,1000,127,12.70,false
10,7,8,2,2,1000,87,8.70,false
10,7,9,0,0,1000,217,21.70,true
10,7,9,0,1,1000,148,14.80,true
10,7,9,1,0,1000,145,14.50,true
10,7,9,1,1,1000,105,10.50,true
10,7,9,2,2,1000,77,7.70,true
10,8,1,0,0,1000,0,0.00,false
10,8,1,0,1,1000,0,0.00,false
10,8,1,1,0,1000,0,0.00,false
10,8,1,1,1,1000,0,0.00,false
10,8,1,2,2,1000,0,0.00,false
10,8,2,0,0,1000,0,0.00,false
10,8,2,0,1,1000,0,0.00,false
10,8,2,1,0,1000,0,0.00,false
10,8,2,1,1,1000,0,0.00,false
10,8,2,2,2,1000,0,0.00,false
10,8,3,0,0,1000,0,0.00,false
10,8,3,0,1,1000,0,0.00,false
10,8,3,1,0,1000,0,0.00,false
10,8,3,1,1,1000,0,0.00,false
10,8,3,2,2,1000,0,0.00,false
10,8,4,0,0,1000,0,0.00,false
10,8,4,0,1,1000,0,0.00,false
10,8,4,1,0,1000,0,0.00,false
10,8,4,1,1,1000,0,0.00,false
10,8,4,2,2,1000,0,0.00,false
10,8,5,0,0,1000,0,0.00,false
10,8,5,0,1,1000,0,0.00,false
10,8,5,1,0,1000,0,0.00,false
10,8,5,1,1,1000,0,0.00,false
10,8,5,2,2,1000,0,0.00,false
10,8,6,0,0,1000,0,0.00,false
10,8,6,0,1,1000,0,0.00,false
10,8,6,1,0,1000,0,0.00,false
10,8,6,1,1,1000,0,0.00,false
10,8,6,2,2,1000,0,0.00,false
10,8,7,0,0,1000,0,0.00,false
10,8,7,0,1,1000,0,0.00,false
10,8,7,1,0,1000,0,0.00,false
10,8,7,1,1,1000,0,0.00,false
10,8,7,2,2,1000,0,0.00,false
10,8,9,0,0,1000,0,0.00,false
10,8,9,0,1,1000,0,0.00,false
10,8,9,1,0,1000,0,0.00,false
10,8,9,1,1,1000,0,0.00,false
10,8,9,2,2,1000,0,0.00,false
10,9,1,0,0,1000,210,21.00,true
10,9,1,0,1,1000,161,16.10,true
10,9,1,1,0,1000,153,15.30,true
10,9,1,1,1,1000,119,11.90,true
10,9,1,2,2,1000,82,8.20,true
10,9,2,0,0,1000,200,20.00,false
10,9,2,0,1,1000,152,15.20,false
10,9,2,1,0,1000,167,16.70,false
10,9,2,1,1,1000,110,11.00,false
10,9,2,2,2,1000,87,8.70,false
10,9,3,0,0,1000,208,20.80,true
10,9,3,0,1,1000,160,16.00,true
10,9,3,1,0,1000,156,15.60,true
10,9,3,1,1,1000,131,13.10,true
10,9,3,2,2,1000,94,9.40,true
10,9,4,0,0,1000,223,22.30,false
10,9,4,0,1,1000,156,15.60,false
10,9,4,1,0,1000,143,14.30,false
10,9,4,1,1,1000,131,13.10,false
10,9,4,2,2,1000,81,8.10,false
10,9,5,0,0,1000,212,21.20,false
10,9,5,0,1,1000,156,15.60,false
10,9,5,1,0,1000,153,15.30,false
10,9,5,1,1,1000,117,11.70,false
10,9,5,2,2,1000,78,7.80,false
10,9,6,0,0,1000,218,21.80,false
10,9,6,0,1,1000,158,15.80,false
10,9,6,1,0,1000,158,15.80,false
10,9,6,1,1,1000,126,12.60,false
10,9,6,2,2,1000,91,9.10,false
10,9,7,0,0,1000,202,20.20,true
10,9,7,0,1,1000,165,16.50,true
10,9,7,1,0,1000,149,14.90,true
10,9,7,1,1,1000,124,12.40,true
10,9,7,2,2,1000,81,8.10,true
10,9,8,0,0,1000,205,20.50,false
10,9,8,0,1,1000,161,16.10,false
10,9,8,1,0,1000,142,14.20,false
10,9,8,1,1,1000,116,11.60,false
10,9,8,2,2,1000,88,8.80,false
11,1,2,0,0,1000,99,9.90,true
11,1,2,0,1,1000,70,7.00,true
11,1,2,1,0,1000,76,7.60,true
11,1,2,1,1,1000,57,5.70,true
11,1,2,2,2,1000,48,4.80,true
11,1,3,0,0,1000,108,10.80,true
11,1,3,0,1,1000,68,6.80,true
11,1,3,1,0,1000,76,7.60,true
11,1,3,1,1,1000,54,5.40,true
11,1,3,2,2,1000,32,3.20,true
11,1,4,0,0,1000,98,9.80,true
11,1,4,0,1,1000,80,8.00,true
11,1,4,1,0,1000,66,6.60,true
11,1,4,1,1,1000,51,5.10,true
11,1,4,2,2,1000,42,4.20,true
11,1,5,0,0,1000,97,9.70,true
11,1,5,0,1,1000,76,7.60,true
11,1,5,1,0,1000,62,6.20,true
11,1,5,1,1,1000,63,6.30,true
11,1,5,2,2,1000,42,4.20,true
11,1,6,0,0,1000,95,9.50,true
11,1,6,0,1,1000,79,7.90,true
11,1,6,1,0,1000,69,6.90,true
11,1,6,1,1,1000,62,6.20,true
11,1,6,2,2,1000,34,3.40,true
11,1,7,0,0,1000,97,9.70,true
11,1,7,0,1,1000,77,7.70,true
11,1,7,1,0,1000,73,7.30,true
11,1,7,1,1,1000,72,7.20,true
11,1,7,2,2,1000,43,4.30,true
11,1,8,0,0,1000,103,10.30,true
11,1,8,0,1,1000,67,6.70,true
11,1,8,1,0,1000,70,7.00,true
11,1,8,1,1,1000,61,6.10,true
11,1,8,2,2,1000,37,3.70,true
11,1,9,0,0,1000,92,9.20,true
11,1,9,0,1,1000,80,8.00,true
11,1,9,1,0,1000,72,7.20,true
11,1,9,1,1,1000,57,5.70,true
11,1,9,2,2,1000,39,3.90,true
11,1,10,0,0,1000,86,8.60,true
11,1,10,0,1,1000,86,8.60,true
11,1,10,1,0,1000,87,8.70,true
11,1,10,1,1,1000,61,6.10,true
11,1,10,2,2,1000,37,3.70,true
11,2,1,0,0,1000,98,9.80,true
11,2,1,0,1,1000,70,7.00,true
11,2,1,1,0,1000,76,7.60,true
11,2,1,1,1,1000,57,5.70,true
11,2,1,2,2,1000,36,3.60,true
11,2,3,0,0,1000,103,10.30,true
11,2,3,0,1,1000,81,8.10,true
11,2,3,1,0,1000,78,7.80,true
11,2,3,1,1,1000,52,5.20,true
11,2,3,2,2,1000,41,4.10,true
11,2,4,0,0,1000,102,10.20,true
11,2,4,0,1,1000,60,6.00,true
11,2,4,1,0,1000,76,7.60,true
11,2,4,1,1,1000,59,5.90,true
11,2,4,2,2,1000,31,3.10,true
11,2,5,0,0,1000,97,9.70,true
11,2,5,0,1,1000,77,7.70,true
11,2,5,1,0,1000,72,7.20,true
11,2,5,1,1,1000,54,5.40,true
11,2,5,2,2,1000,42,4.20,true
11,2,6,0,0,1000,95,9.50,true
11,2,6,0,1,1000,64,6.40,true
11,2,6,1,0,1000,79,7.90,true
11,2,6,1,1,1000,68,6.80,true
11,2,6,2,2,1000,40,4.00,true
11,2,7,0,0,1000,93,9.30,true
11,2,7,0,1,1000,70,7.00,true
11,2,7,1,0,1000,73,7.30,true
11,2,7,1,1,1000,63,6.30,true
11,2,7,2,2,1000,39,3.90,true
11,2,8,0,0,1000,91,9.10,true
11,2,8,0,1,1000,61,6.10,true
11,2,8,1,0,1000,67,6.70,true
11,2,8,1,1,1000,49,4.90,true
11,2,8,2,2,1000,44,4.40,true
11,2,9,0,0,1000,86,8.60,true
11,2,9,0,1,1000,71,7.10,true
11,2,9,1,0,1000,69,6.90,true
11,2,9,1,1,1000,59,5.90,true
11,2,9,2,2,1000,42,4.20,true
11,2,10,0,0,1000,100,10.00,true
11,2,10,0,1,1000,66,6.60,true
11,2,10,1,0,1000,77,7.70,true
11,2,10,1,1,1000,55,5.50,true
11,2,10,2,2,1000,40,4.00,true
11,3,1,0,0,1000,92,9.20,true
11,3,1,0,1,1000,71,7.10,true
11,3,1,1,0,1000,69,6.90,true
11,3,1,1,1,1000,51,5.10,true
11,3,1,2,2,1000,30,3.00,true
11,3,2,0,0,1000,88,8.80,true
11,3,2,0,1,1000,78,7.80,true
11,3,2,1,0,1000,76,7.60,true
11,3,2,1,1,1000,53,5.30,true
11,3,2,2,2,1000,49,4.90,true
11,3,4,0,0,1000,89,8.90,true
11,3,4,0,1,1000,74,7.40,true
11,3,4,1,0,1000,70,7.00,true
11,3,4,1,1,1000,61,6.10,true
11,3,4,2,2,1000,33,3.30,true
11,3,5,0,0,1000,97,9.70,true
11,3,5,0,1,1000,62,6.20,true
11,3,5,1,0,1000,76,7.60,true
11,3,5,1,1,1000,52,5.20,true
11,3,5,2,2,1000,38,3.80,true
11,3,6,0,0,1000,97,9.70,true
11,3,6,0,1,1000,64,6.40,true
11,3,6,1,0,1000,69,6.90,true
11,3,6,1,1,1000,59,5.90,true
11,3,6,2,2,1000,32,3.20,true
11,3,7,0,0,1000,94,9.40,true
11,3,7,0,1,1000,72,7.20,true
11,3,7,1,0,1000,71,7.10,true
11,3,7,1,1,1000,49,4.90,true
11,3,7,2,2,1000,39,3.90,true
11,3,8,0,0,1000,100,10.00,true
11,3,8,0,1,1000,66,6.60,true
11,3,8,1,0,1000,74,7.40,true
11,3,8,1,1,1000,60,6.00,true
11,3,8,2,2,1000,34,3.40,true
11,3,9,0,0,1000,95,9.50,true
11,3,9,0,1,1000,76,7.60,true
11,3,9,1,0,1000,60,6.00,true
11,3,9,1,1,1000,54,5.40,true
11,3,9,2,2,1000,43,4.30,true
11,3,10,0,0,1000,94,9.40,true
11,3,10,0,1,1000,75,7.50,true
11,3,10,1,0,1000,70,7.00,true
11,3,10,1,1,1000,54,5.40,true
11,3,10,2,2,1000,36,3.60,true
11,4,1,0,0,1000,101,10.10,true
11,4,1,0,1,1000,74,7.40,true
11,4,1,1,0,1000,68,6.80,true
11,4,1,1,1,1000,63,6.30,true
11,4,1,2,2,1000,40,4.00,true
11,4,2,0,0,1000,98,9.80,true
11,4,2,0,1,1000,70,7.00,true
11,4,2,1,0,1000,68,6.80,true
11,4,2,1,1,1000,55,5.50,true
11,4,2,2,2,1000,31,3.10,true
11,4,3,0,0,1000,97,9.70,true
11,4,3,0,1,1000,65,6.50,true
11,4,3,1,0,1000,70,7.00,true
11,4,3,1,1,1000,58,5.80,true
11,4,3,2,2,1000,36,3.60,true
11,4,5,0,0,1000,101,10.10,true
11,4,5,0,1,1000,68,6.80,true
11,4,5,1,0,1000,71,7.10,true
11,4,5,1,1,1000,54,5.40,true
11,4,5,2,2,1000,36,3.60,true
11,4,6,0,0,1000,90,9.00,true
11,4,6,0,1,1000,68,6.80,true
11,4,6,1,0,1000,59,5.90,true
11,4,6,1,1,1000,47,4.70,true
11,4,6,2,2,1000,37,3.70,true
11,4,7,0,0,1000,84,8.40,true
11,4,7,0,1,1000,59,5.90,true
11,4,7,1,0,1000,66,6.60,true
11,4,7,1,1,1000,55,5.50,true
11,4,7,2,2,1000,32,3.20,true
11,4,8,0,0,1000,94,9.40,true
11,4,8,0,1,1000,76,7.60,true
11,4,8,1,0,1000,59,5.90,true
11,4,8,1,1,1000,59,5.90,true
11,4,8,2,2,1000,42,4.20,true
11,4,9,0,0,1000,87,8.70,true
11,4,9,0,1,1000,65,6.50,true
11,4,9,1,0,1000,77,7.70,true
11,4,9,1,1,1000,64,6.40,true
11,4,9,2,2,1000,32,3.20,true
11,4,10,0,0,1000,95,9.50,true
11,4,10,0,1,1000,72,7.20,true
11,4,10,1,0,1000,75,7.50,true
11,4,10,1,1,1000,61,6.10,true
11,4,10,2,2,1000,40,4.00,true
11,5,1,0,0,1000,106,10.60,true
11,5,1,0,1,1000,65,6.50,true
11,5,1,1,0,1000,63,6.30,true
11,5,1,1,1,1000,39,3.90,true
11,5,1,2,2,1000,37,3.70,true
11,5,2,0,0,1000,88,8.80,true
11,5,2,0,1,1000,81,8.10,true
11,5,2,1,0,1000,69,6.90,true
11,5,2,1,1,1000,56,5.60,true
11,5,2,2,2,1000,37,3.70,true
11,5,3,0,0,1000,88,8.80,true
11,5,3,0,1,1000,60,6.00,true
11,5,3,1,0,1000,67,6.70,true
11,5,3,1,1,1000,49,4.90,true
11,5,3,2,2,1000,31,3.10,true
11,5,4,0,0,1000,100,10.00,true
11,5,4,0,1,1000,62,6.20,true
11,5,4,1,0,1000,69,6.90,true
11,5,4,1,1,1000,49,4.90,true
11,5,4,2,2,1000,38,3.80,true
11,5,6,0,0,1000,92,9.20,true
11,5,6,0,1,1000,74,7.40,true
11,5,6,1,0,1000,72,7.20,true
11,5,6,1,1,1000,63,6.30,true
11,5,6,2,2,1000,45,4.50,true
11,5,7,0,0,1000,93,9.30,true
11,5,7,0,1,1000,63,6.30,true
11,5,7,1,0,1000,62,6.20,true
11,5,7,1,1,1000,50,5.00,true
11,5,7,2,2,1000,29,2.90,true
11,5,8,0,0,1000,99,9.90,true
11,5,8,0,1,1000,70,7.00,true
11,5,8,1,0,1000,76,7.60,true
11,5,8,1,1,1000,49,4.90,true
11,5,8,2,2,1000,35,3.50,true
11,5,9,0,0,1000,81,8.10,true
11,5,9,0,1,1000,62,6.20,true
11,5,9,1,0,1000,62,6.20,true
11,5,9,1,1,1000,54,5.40,true
11,5,9,2,2,1000,38,3.80,true
11,5,10,0,0,1000,95,9.50,true
11,5,10,0,1,1000,61,6.10,true
11,5,10,1,0,1000,71,7.10,true
11,5,10,1,1,1000,51,5.10,true
11,5,10,2,2,1000,37,3.70,true
11,6,1,0,0,1000,97,9.70,true
11,6,1,0,1,1000,57,5.70,true
11,6,1,1,0,1000,68,6.80,true
11,6,1,1,1,1000,55,5.50,true
11,6,1,2,2,1000,38,3.80,true
11,6,2,0,0,1000,97,9.70,true
11,6,2,0,1,1000,70,7.00,true
11,6,2,1,0,1000,70,7.00,true
11,6,2,1,1,1000,59,5.90,true
11,6,2,2,2,1000,36,3.60,true
11,6,3,0,0,1000,92,9.20,true
11,6,3,0,1,1000,75,7.50,true
11,6,3,1,0,1000,68,6.80,true
11,6,3,1,1,1000,57,5.70,true
11,6,3,2,2,1000,29,2.90,true
11,6,4,0,0,1000,93,9.30,true
11,6,4,0,1,1000,55,5.50,true
11,6,4,1,0,1000,64,6.40,true
11,6,4,1,1,1000,58,5.80,true
11,6,4,2,2,1000,32,3.20,true
11,6,5,0,0,1000,92,9.20,true
11,6,5,0,1,1000,71,7.10,true
11,6,5,1,0,1000,76,7.60,true
11,6,5,1,1,1000,58,5.80,true
11,6,5,2,2,1000,46,4.60,true
11,6,7,0,0,1000,87,8.70,true
11,6,7,0,1,1000,72,7.20,true
11,6,7,1,0,1000,64,6.40,true
11,6,7,1,1,1000,49,4.90,true
11,6,7,2,2,1000,43,4.30,true
11,6,8,0,0,1000,91,9.10,true
11,6,8,0,1,1000,56,5.60,true
11,6,8,1,0,1000,70,7.00,true
11,6,8,1,1,1000,48,4.80,true
11,6,8,2,2,1000,37,3.70,true
11,6,9,0,0,1000,88,8.80,true
11,6,9,0,1,1000,72,7.20,true
11,6,9,1,0,1000,77,7.70,true
11,6,9,1,1,1000,55,5.50,true
11,6,9,2,2,1000,29,2.90,true
11,6,10,0,0,1000,86,8.60,true
11,6,10,0,1,1000,77,7.70,true
11,6,10,1,0,1000,70,7.00,true
11,6,10,1,1,1000,58,5.80,true
11,6,10,2,2,1000,32,3.20,true
11,7,1,0,0,1000,87,8.70,true
11,7,1,0,1,1000,64,6.40,true
11,7,1,1,0,1000,61,6.10,true
11,7,1,1,1,1000,49,4.90,true
11,7,1,2,2,1000,31,3.10,true
11,7,2,0,0,1000,91,9.10,true
11,7,2,0,1,1000,57,5.70,true
11,7,2,1,0,1000,73,7.30,true
11,7,2,1,1,1000,48,4.80,true
11,7,2,2,2,1000,35,3.50,true
11,7,3,0,0,1000,87,8.70,true
11,7,3,0,1,1000,61,6.10,true
11,7,3,1,0,1000,61,6.10,true
11,7,3,1,1,1000,47,4.70,true
11,7,3,2,2,1000,32,3.20,true
11,7,4,0,0,1000,95,9.50,true
11,7,4,0,1,1000,66,6.60,true
11,7,4,1,0,1000,66,6.60,true
11,7,4,1,1,1000,41,4.10,true
11,7,4,2,2,1000,32,3.20,true
11,7,5,0,0,1000,99,9.90,true
11,7,5,0,1,1000,64,6.40,true
11,7,5,1,0,1000,76,7.60,true
11,7,5,1,1,1000,53,5.30,true
11,7,5,2,2,1000,31,3.10,true
11,7,6,0,0,1000,96,9.60,true
11,7,6,0,1,1000,65,6.50,true
11,7,6,1,0,1000,59,5.90,true
11,7,6,1,1,1000,46,4.60,true
11,7,6,2,2,1000,27,2.70,true
11,7,8,0,0,1000,96,9.60,true
11,7,8,0,1,1000,62,6.20,true
11,7,8,1,0,1000,62,6.20,true
11,7,8,1,1,1000,43,4.30,true
11,7,8,2,2,1000,38,3.80,true
11,7,9,0,0,1000,91,9.10,true
11,7,9,0,1,1000,66,6.60,true
11,7,9,1,0,1000,66,6.60,true
11,7,9,1,1,1000,64,6.40,true
11,7,9,2,2,1000,39,3.90,true
11,7,10,0,0,1000,90,9.00,true
11,7,10,0,1,1000,69,6.90,true
11,7,10,1,0,1000,70,7.00,true
11,7,10,1,1,1000,54,5.40,true
11,7,10,2,2,1000,32,3.20,true
11,8,1,0,0,1000,96,9.60,true
11,8,1,0,1,1000,66,6.60,true
11,8,1,1,0,1000,65,6.50,true
11,8,1,1,1,1000,52,5.20,true
11,8,1,2,2,1000,39,3.90,true
11,8,2,0,0,1000,88,8.80,true
11,8,2,0,1,1000,69,6.90,true
11,8,2,1,0,1000,68,6.80,true
11,8,2,1,1,1000,52,5.20,true
11,8,2,2,2,1000,31,3.10,true
11,8,3,0,0,1000,88,8.80,true
11,8,3,0,1,1000,69,6.90,true
11,8,3,1,0,1000,77,7.70,true
11,8,3,1,1,1000,55,5.50,true
11,8,3,2,2,1000,35,3.50,true
11,8,4,0,0,1000,89,8.90,true
11,8,4,0,1,1000,59,5.90,true
11,8,4,1,0,1000,65,6.50,true
11,8,4,1,1,1000,58,5.80,true
11,8,4,2,2,1000,23,2.30,true
11,8,5,0,0,1000,88,8.80,true
11,8,5,0,1,1000,67,6.70,true
11,8,5,1,0,1000,70,7.00,true
11,8,5,1,1,1000,52,5.20,true
11,8,5,2,2,1000,35,3.50,true
11,8,6,0,0,1000,98,9.80,true
11,8,6,0,1,1000,65,6.50,true
11,8,6,1,0,1000,65,6.50,true
11,8,6,1,1,1000,52,5.20,true
11,8,6,2,2,1000,29,2.90,true
11,8,7,0,0,1000,94,9.40,true
11,8,7,0,1,1000,59,5.90,true
11,8,7,1,0,1000,56,5.60,true
11,8,7,1,1,1000,43,4.30,true
11,8,7,2,2,1000,42,4.20,true
11,8,9,0,0,1000,91,9.10,true
11,8,9,0,1,1000,59,5.90,true
11,8,9,1,0,1000,70,7.00,true
11,8,9,1,1,1000,55,5.50,true
11,8,9,2,2,1000,36,3.60,true
11,8,10,0,0,1000,90,9.00,true
11,8,10,0,1,1000,63,6.30,true
11,8,10,1,0,1000,60,6.00,true
11,8,10,1,1,1000,56,5.60,true
11,8,10,2,2,1000,31,3.10,true
11,9,1,0,0,1000,91,9.10,true
11,9,1,0,1,1000,72,7.20,true
11,9,1,1,0,1000,67,6.70,true
11,9,1,1,1,1000,52,5.20,true
11,9,1,2,2,1000,33,3.30,true
11,9,2,0,0,1000,86,8.60,true
11,9,2,0,1,1000,58,5.80,true
11,9,2,1,0,1000,68,6.80,true
11,9,2,1,1,1000,60,6.00,true
11,9,2,2,2,1000,32,3.20,true
11,9,3,0,0,1000,101,10.10,true
11,9,3,0,1,1000,75,7.50,true
11,9,3,1,0,1000,64,6.40,true
11,9,3,1,1,1000,47,4.70,true
11,9,3,2,2,1000,34,3.40,true
11,9,4,0,0,1000,88,8.80,true
11,9,4,0,1,1000,62,6.20,true
11,9,4,1,0,1000,62,6.20,true
11,9,4,1,1,1000,54,5.40,true
11,9,4,2,2,1000,36,3.60,true
11,9,5,0,0,1000,87,8.70,true
11,9,5,0,1,1000,65,6.50,true
11,9,5,1,0,1000,71,7.10,true
11,9,5,1,1,1000,53,5.30,true
11,9,5,2,2,1000,42,4.20,true
11,9,6,0,0,1000,95,9.50,true
11,9,6,0,1,1000,64,6.40,true
11,9,6,1,0,1000,61,6.10,true
11,9,6,1,1,1000,47,4.70,true
11,9,6,2,2,1000,30,3.00,true
11,9,7,0,0,1000,83,8.30,true
11,9,7,0,1,1000,69,6.90,true
11,9,7,1,0,1000,71,7.10,true
11,9,7,1,1,1000,47,4.70,true
11,9,7,2,2,1000,30,3.00,true
11,9,8,0,0,1000,84,8.40,true
11,9,8,0,1,1000,58,5.80,true
11,9,8,1,0,1000,62,6.20,true
11,9,8,1,1,1000,45,4.50,true
11,9,8,2,2,1000,31,3.10,true
11,9,10,0,0,1000,93,9.30,true
11,9,10,0,1,1000,70,7.00,true
11,9,10,1,0,1000,71,7.10,true
11,9,10,1,1,1000,45,4.50,true
11,9,10,2,2,1000,42,4.20,true
11,10,1,0,0,1000,94,9.40,true
11,10,1,0,1,1000,60,6.00,true
11,10,1,1,0,1000,58,5.80,true
11,10,1,1,1,1000,48,4.80,true
11,10,1,2,2,1000,32,3.20,true
11,10,2,0,0,1000,91,9.10,true
11,10,2,0,1,1000,66,6.60,true
11,10,2,1,0,1000,60,6.00,true
11,10,2,1,1,1000,55,5.50,true
11,10,2,2,2,1000,41,4.10,true
11,10,3,0,0,1000,86,8.60,true
11,10,3,0,1,1000,68,6.80,true
11,10,3,1,0,1000,59,5.90,true
11,10,3,1,1,1000,48,4.80,true
11,10,3,2,2,1000,45,4.50,true
11,10,4,0,0,1000,87,8.70,true
11,10,4,0,1,1000,55,5.50,true
11,10,4,1,0,1000,69,6.90,true
11,10,4,1,1,1000,46,4.60,true
11,10,4,2,2,1000,39,3.90,true
11,10,5,0,0,1000,83,8.30,true
11,10,5,0,1,1000,67,6.70,true
11,10,5,1,0,1000,64,6.40,true
11,10,5,1,1,1000,52,5.20,true
11,10,5,2,2,1000,42,4.20,true
11,10,6,0,0,1000,79,7.90,true
11,10,6,0,1,1000,66,6.60,true
11,10,6,1,0,1000,75,7.50,true
11,10,6,1,1,1000,56,5.60,true
11,10,6,2,2,1000,46,4.60,true
11,10,7,0,0,1000,86,8.60,true
11,10,7,0,1,1000,72,7.20,true
11,10,7,1,0,1000,66,6.60,true
11,10,7,1,1,1000,49,4.90,true
11,10,7,2,2,1000,33,3.30,true
11,10,8,0,0,1000,90,9.00,true
11,10,8,0,1,1000,64,6.40,true
11,10,8,1,0,1000,56,5.60,true
11,10,8,1,1,1000,49,4.90,true
11,10,8,2,2,1000,32,3.20,true
11,10,9,0,0,1000,92,9.20,true
11,10,9,0,1,1000,61,6.10,true
11,10,9,1,0,1000,69,6.90,true
11,10,9,1,1,1000,54,5.40,true
11,10,9,2,2,1000,32,3.20,true
12,1,2,0,0,1000,266,26.60,false
12,1,2,0,1,1000,198,19.80,false
12,1,2,1,0,1000,201,20.10,false
12,1,2,1,1,1000,142,14.20,false
12,1,2,2,2,1000,118,11.80,false
12,1,3,0,0,1000,250,25.00,false
12,1,3,0,1,1000,200,20.00,false
12,1,3,1,0,1000,205,20.50,false
12,1,3,1,1,1000,153,15.30,false
12,1,3,2,2,1000,102,10.20,false
12,1,4,0,0,1000,251,25.10,false
12,1,4,0,1,1000,195,19.50,false
12,1,4,1,0,1000,192,19.20,false
12,1,4,1,1,1000,144,14.40,false
12,1,4,2,2,1000,106,10.60,false
12,1,5,0,0,1000,268,26.80,true
12,1,5,0,1,1000,207,20.70,true
12,1,5,1,0,1000,189,18.90,true
12,1,5,1,1,1000,158,15.80,true
12,1,5,2,2,1000,95,9.50,true
12,1,6,0,0,1000,254,25.40,false
12,1,6,0,1,1000,205,20.50,false
12,1,6,1,0,1000,196,19.60,false
12,1,6,1,1,1000,143,14.30,false
12,1,6,2,2,1000,89,8.90,false
12,1,7,0,0,1000,265,26.50,true
12,1,7,0,1,1000,186,18.60,true
12,1,7,1,0,1000,213,21.30,true
12,1,7,1,1,1000,162,16.20,true
12,1,7,2,2,1000,108,10.80,true
12,1,8,0,0,1000,254,25.40,false
12,1,8,0,1,1000,193,19.30,false
12,1,8,1,0,1000,185,18.50,false
12,1,8,1,1,1000,144,14.40,false
12,1,8,2,2,1000,94,9.40,false
12,1,9,0,0,1000,270,27.00,false
12,1,9,0,1,1000,185,18.50,false
12,1,9,1,0,1000,205,20.50,false
12,1,9,1,1,1000,138,13.80,false
12,1,9,2,2,1000,112,11.20,false
12,1,10,0,0,1000,260,26.00,false
12,1,10,0,1,1000,206,20.60,false
12,1,10,1,0,1000,202,20.20,false
12,1,10,1,1,1000,139,13.90,false
12,1,10,2,2,1000,101,10.10,false
12,1,11,0,0,1000,254,25.40,true
12,1,11,0,1,1000,194,19.40,true
12,1,11,1,0,1000,200,20.00,true
12,1,11,1,1,1000,154,15.40,true
12,1,11,2,2,1000,100,10.00,true
12,2,1,0,0,1000,0,0.00,false
12,2,1,0,1,1000,0,0.00,false
12,2,1,1,0,1000,0,0.00,false
12,2,1,1,1,1000,0,0.00,false
12,2,1,2,2,1000,0,0.00,false
12,2,3,0,0,1000,0,0.00,false
12,2,3,0,1,1000,0,0.00,false
12,2,3,1,0,1000,0,0.00,false
12,2,3,1,1,1000,0,0.00,false
12,2,3,2,2,1000,0,0.00,false
12,2,4,0,0,1000,0,0.00,false
12,2,4,0,1,1000,0,0.00,false
12,2,4,1,0,1000,0,0.00,false
12,2,4,1,1,1000,0,0.00,false
12,2,4,2,2,1000,0,0.00,false
12,2,5,0,0,1000,0,0.00,false
12,2,5,0,1,1000,0,0.00,false
12,2,5,1,0,1000,0,0.00,false
12,2,5,1,1,1000,0,0.00,false
12,2,5,2,2,1000,0,0.00,false
12,2,6,0,0,1000,0,0.00,false
12,2,6,0,1,1000,0,0.00,false
12,2,6,1,0,1000,0,0.00,false
12,2,6,1,1,1000,0,0.00,false
12,2,6,2,2,1000,0,0.00,false
12,2,7,0,0,1000,0,0.00,false
12,2,7,0,1,1000,0,0.00,false
12,2,7,1,0,1000,0,0.00,false
12,2,7,1,1,1000,0,0.00,false
12,2,7,2,2,1000,0,0.00,false
12,2,8,0,0,1000,0,0.00,false
12,2,8,0,1,1000,0,0.00,false
12,2,8,1,0,1000,0,0.00,false
12,2,8,1,1,1000,0,0.00,false
12,2,8,2,2,1000,0,0.00,false
12,2,9,0,0,1000,0,0.00,false
12,2,9,0,1,1000,0,0.00,false
12,2,9,1,0,1000,0,0.00,false
12,2,9,1,1,1000,0,0.00,false
12,2,9,2,2,1000,0,0.00,false
12,2,10,0,0,1000,0,0.00,false
12,2,10,0,1,1000,0,0.00,false
12,2,10,1,0,1000,0,0.00,false
12,2,10,1,1,1000,0,0.00,false
12,2,10,2,2,1000,0,0.00,false
12,2,11,0,0,1000,0,0.00,false
12,2,11,0,1,1000,0,0.00,false
12,2,11,1,0,1000,0,0.00,false
12,2,11,1,1,1000,0,0.00,false
12,2,11,2,2,1000,0,0.00,false
12,3,1,0,0,1000,0,0.00,false
12,3,1,0,1,1000,0,0.00,false
12,3,1,1,0,1000,0,0.00,false
12,3,1,1,1,1000,0,0.00,false
12,3,1,2,2,1000,0,0.00,false
12,3,2,0,0,1000,0,0.00,false
12,3,2,0,1,1000,0,0.00,false
12,3,2,1,0,1000,0,0.00,false
12,3,2,1,1,1000,0,0.00,false
12,3,2,2,2,1000,0,0.00,false
12,3,4,0,0,1000,0,0.00,false
12,3,4,0,1,1000,0,0.00,false
12,3,4,1,0,1000,0,0.00,false
12,3,4,1,1,1000,0,0.00,false
12,3,4,2,2,1000,0,0.00,false
12,3,5,0,0,1000,0,0.00,false
12,3,5,0,1,1000,0,0.00,false
12,3,5,1,0,1000,0,0.00,false
12,3,5,1,1,1000,0,0.00,false
12,3,5,2,2,1000,0,0.00,false
12,3,6,0,0,1000,0,0.00,false
12,3,6,0,1,1000,0,0.00,false
12,3,6,1,0,1000,0,0.00,false
12,3,6,1,1,1000,0,0.00,false
12,3,6,2,2,1000,0,0.00,false
12,3,7,0,0,1000,0,0.00,false
12,3,7,0,1,1000,0,0.00,false
12,3,7,1,0,1000,0,0.00,false
12,3,7,1,1,1000,0,0.00,false
12,3,7,2,2,1000,0,0.00,false
12,3,8,0,0,1000,0,0.00,false
12,3,8,0,1,1000,0,0.00,false
12,3,8,1,0,1000,0,0.00,false
12,3,8,1,1,1000,0,0.00,false
12,3,8,2,2,1000,0,0.00,false
12,3,9,0,0,1000,0,0.00,false
12,3,9,0,1,1000,0,0.00,false
12,3,9,1,0,1000,0,0.00,false
12,3,9,1,1,1000,0,0.00,false
12,3,9,2,2,1000,0,0.00,false
12,3,10,0,0,1000,0,0.00,false
12,3,10,0,1,1000,0,0.00,false
12,3,10,1,0,1000,0,0.00,false
12,3,10,1,1,1000,0,0.00,false
12,3,10,2,2,1000,0,0.00,false
12,3,11,0,0,1000,0,0.00,false
12,3,11,0,1,1000,0,0.00,false
12,3,11,1,0,1000,0,0.00,false
12,3,11,1,1,1000,0,0.00,false
12,3,11,2,2,1000,0,0.00,false
12,4,1,0,0,1000,0,0.00,false
12,4,1,0,1,1000,0,0.00,false
12,4,1,1,0,1000,0,0.00,false
12,4,1,1,1,1000,0,0.00,false
12,4,1,2,2,1000,0,0.00,false
12,4,2,0,0,1000,0,0.00,false
12,4,2,0,1,1000,0,0.00,false
12,4,2,1,0,1000,0,0.00,false
12,4,2,1,1,1000,0,0.00,false
12,4,2,2,2,1000,0,0.00,false
12,4,3,0,0,1000,0,0.00,false
12,4,3,0,1,1000,0,0.00,false
12,4,3,1,0,1000,0,0.00,false
12,4,3,1,1,1000,0,0.00,false
12,4,3,2,2,1000,0,0.00,false
12,4,5,0,0,1000,0,0.00,false
12,4,5,0,1,1000,0,0.00,false
12,4,5,1,0,1000,0,0.00,false
12,4,5,1,1,1000,0,0.00,false
12,4,5,2,2,1000,0,0.00,false
12,4,6,0,0,1000,0,0.00,false
12,4,6,0,1,1000,0,0.00,false
12,4,6,1,0,1000,0,0.00,false
12,4,6,1,1,1000,0,0.00,false
12,4,6,2,2,1000,0,0.00,false
12,4,7,0,0,1000,0,0.00,false
12,4,7,0,1,1000,0,0.00,false
12,4,7,1,0,1000,0,0.00,false
12,4,7,1,1,1000,0,0.00,false
12,4,7,2,2,1000,0,0.00,false
12,4,8,0,0,1000,0,0.00,false
12,4,8,0,1,1000,0,0.00,false
12,4,8,1,0,1000,0,0.00,false
12,4,8,1,1,1000,0,0.00,false
12,4,8,2,2,1000,0,0.00,false
12,4,9,0,0,1000,0,0.00,false
12,4,9,0,1,1000,0,0.00,false
12,4,9,1,0,1000,0,0.00,false
12,4,9,1,1,1000,0,0.00,false
12,4,9,2,2,1000,0,0.00,false
12,4,10,0,0,1000,0,0.00,false
12,4,10,0,1,1000,0,0.00,false
12,4,10,1,0,1000,0,0.00,false
12,4,10,1,1,1000,0,0.00,false
12,4,10,2,2,1000,0,0.00,false
12,4,11,0,0,1000,0,0.00,false
12,4,11,0,1,1000,0,0.00,false
12,4,11,1,0,1000,0,0.00,false
12,4,11,1,1,1000,0,0.00,false
12,4,11,2,2,1000,0,0.00,false
12,5,1,0,0,1000,250,25.00,true
12,5,1,0,1,1000,186,18.60,true
12,5,1,1,0,1000,179,17.90,true
12,5,1,1,1,1000,153,15.30,true
12,5,1,2,2,1000,102,10.20,true
12,5,2,0,0,1000,246,24.60,false
12,5,2,0,1,1000,173,17.30,false
12,5,2,1,0,1000,186,18.60,false
12,5,2,1,1,1000,134,13.40,false
12,5,2,2,2,1000,90,9.00,false
12,5,3,0,0,1000,265,26.50,false
12,5,3,0,1,1000,181,18.10,false
12,5,3,1,0,1000,177,17.70,false
12,5,3,1,1,1000,131,13.10,false
12,5,3,2,2,1000,115,11.50,false
12,5,4,0,0,1000,250,25.00,false
12,5,4,0,1,1000,200,20.00,false
12,5,4,1,0,1000,176,17.60,false
12,5,4,1,1,1000,132,13.20,false
12,5,4,2,2,1000,88,8.80,false
12,5,6,0,0,1000,233,23.30,false
12,5,6,0,1,1000,185,18.50,false
12,5,6,1,0,1000,180,18.00,false
12,5,6,1,1,1000,142,14.20,false
12,5,6,2,2,1000,104,10.40,false
12,5,7,0,0,1000,242,24.20,true
12,5,7,0,1,1000,195,19.50,true
12,5,7,1,0,1000,195,19.50,true
12,5,7,1,1,1000,141,14.10,true
12,5,7,2,2,1000,91,9.10,true
12,5,8,0,0,1000,245,24.50,false
12,5,8,0,1,1000,176,17.60,false
12,5,8,1,0,1000,180,18.00,false
12,5,8,1,1,1000,144,14.40,false
12,5,8,2,2,1000,90,9.00,false
12,5,9,0,0,1000,253,25.30,false
12,5,9,0,1,1000,178,17.80,false
12,5,9,1,0,1000,174,17.40,false
12,5,9,1,1,1000,140,14.00,false
12,5,9,2,2,1000,103,10.30,false
12,5,10,0,0,1000,251,25.10,false
12,5,10,0,1,1000,176,17.60,false
12,5,10,1,0,1000,174,17.40,false
12,5,10,1,1,1000,129,12.90,false
12,5,10,2,2,1000,97,9.70,false
12,5,11,0,0,1000,255,25.50,true
12,5,11,0,1,1000,183,18.30,true
12,5,11,1,0,1000,177,17.70,true
12,5,11,1,1,1000,126,12.60,true
12,5,11,2,2,1000,95,9.50,true
12,6,1,0,0,1000,0,0.00,false
12,6,1,0,1,1000,0,0.00,false
12,6,1,1,0,1000,0,0.00,false
12,6,1,1,1,1000,0,0.00,false
12,6,1,2,2,1000,0,0.00,false
12,6,2,0,0,1000,0,0.00,false
12,6,2,0,1,1000,0,0.00,false
12,6,2,1,0,1000,0,0.00,false
12,6,2,1,1,1000,0,0.00,false
12,6,2,2,2,1000,0,0.00,false
12,6,3,0,0,1000,0,0.00,false
12,6,3,0,1,1000,0,0.00,false
12,6,3,1,0,1000,0,0.00,false
12,6,3,1,1,1000,0,0.00,false
12,6,3,2,2,1000,0,0.00,false
12,6,4,0,0,1000,0,0.00,false
12,6,4,0,1,1000,0,0.00,false
12,6,4,1,0,1000,0,0.00,false
12,6,4,1,1,1000,0,0.00,false
12,6,4,2,2,1000,0,0.00,false
12,6,5,0,0,1000,0,0.00,false
12,6,5,0,1,1000,0,0.00,false
12,6,5,1,0,1000,0,0.00,false
12,6,5,1,1,1000,0,0.00,false
12,6,5,2,2,1000,0,0.00,false
12,6,7,0,0,1000,0,0.00,false
12,6,7,0,1,1000,0,0.00,false
12,6,7,1,0,1000,0,0.00,false
12,6,7,1,1,1000,0,0.00,false
12,6,7,2,2,1000,0,0.00,false
12,6,8,0,0,1000,0,0.00,false
12,6,8,0,1,1000,0,0.00,false
12,6,8,1,0,1000,0,0.00,false
12,6,8,1,1,1000,0,0.00,false
12,6,8,2,2,1000,0,0.00,false
12,6,9,0,0,1000,0,0.00,false
12,6,9,0,1,1000,0,0.00,false
12,6,9,1,0,1000,0,0.00,false
12,6,9,1,1,1000,0,0.00,false
12,6,9,2,2,1000,0,0.00,false
12,6,10,0,0,1000,0,0.00,false
12,6,10,0,1,1000,0,0.00,false
12,6,10,1,0,1000,0,0.00,false
12,6,10,1,1,1000,0,0.00,false
12,6,10,2,2,1000,0,0.00,false
12,6,11,0,0,1000,0,0.00,false
12,6,11,0,1,1000,0,0.00,false
12,6,11,1,0,1000,0,0.00,false
12,6,11,1,1,1000,0,0.00,false
12,6,11,2,2,1000,0,0.00,false
12,7,1,0,0,1000,246,24.60,true
12,7,1,0,1,1000,193,19.30,true
12,7,1,1,0,1000,167,16.70,true
12,7,1,1,1,1000,129,12.90,true
12,7,1,2,2,1000,86,8.60,true
12,7,2,0,0,1000,245,24.50,false
12,7,2,0,1,1000,186,18.60,false
12,7,2,1,0,1000,185,18.50,false
12,7,2,1,1,1000,139,13.90,false
12,7,2,2,2,1000,101,10.10,false
12,7,3,0,0,1000,242,24.20,false
12,7,3,0,1,1000,182,18.20,false
12,7,3,1,0,1000,172,17.20,false
12,7,3,1,1,1000,130,13.00,false
12,7,3,2,2,1000,109,10.90,false
12,7,4,0,0,1000,234,23.40,false
12,7,4,0,1,1000,178,17.80,false
12,7,4,1,0,1000,177,17.70,false
12,7,4,1,1,1000,123,12.30,false
12,7,4,2,2,1000,96,9.60,false
12,7,5,0,0,1000,242,24.20,true
12,7,5,0,1,1000,171,17.10,true
12,7,5,1,0,1000,169,16.90,true
12,7,5,1,1,1000,143,14.30,true
12,7,5,2,2,1000,98,9.80,true
12,7,6,0,0,1000,234,23.40,false
12,7,6,0,1,1000,172,17.20,false
12,7,6,1,0,1000,189,18.90,false
12,7,6,1,1,1000,138,13.80,false
12,7,6,2,2,1000,78,7.80,false
12,7,8,0,0,1000,249,24.90,false
12,7,8,0,1,1000,174,17.40,false
12,7,8,1,0,1000,173,17.30,false
12,7,8,1,1,1000,129,12.90,false
12,7,8,2,2,1000,103,10.30,false
12,7,9,0,0,1000,239,23.90,false
12,7,9,0,1,1000,179,17.90,false
12,7,9,1,0,1000,175,17.50,false
12,7,9,1,1,1000,138,13.80,false
12,7,9,2,2,1000,106,10.60,false
12,7,10,0,0,1000,249,24.90,false
12,7,10,0,1,1000,164,16.40,false
12,7,10,1,0,1000,177,17.70,false
12,7,10,1,1,1000,128,12.80,false
12,7,10,2,2,1000,81,8.10,false
12,7,11,0,0,1000,244,24.40,true
12,7,11,0,1,1000,162,16.20,true
12,7,11,1,0,1000,178,17.80,true
12,7,11,1,1,1000,149,14.90,true
12,7,11,2,2,1000,92,9.20,true
12,8,1,0,0,1000,0,0.00,false
12,8,1,0,1,1000,0,0.00,false
12,8,1,1,0,1000,0,0.00,false
12,8,1,1,1,1000,0,0.00,false
12,8,1,2,2,1000,0,0.00,false
12,8,2,0,0,1000,0,0.00,false
12,8,2,0,1,1000,0,0.00,false
12,8,2,1,0,1000,0,0.00,false
12,8,2,1,1,1000,0,0.00,false
12,8,2,2,2,1000,0,0.00,false
12,8,3,0,0,1000,0,0.00,false
12,8,3,0,1,1000,0,0.00,false
12,8,3,1,0,1000,0,0.00,false
12,8,3,1,1,1000,0,0.00,false
12,8,3,2,2,1000,0,0.00,false
12,8,4,0,0,1000,0,0.00,false
12,8,4,0,1,1000,0,0.00,false
12,8,4,1,0,1000,0,0.00,false
12,8,4,1,1,1000,0,0.00,false
12,8,4,2,2,1000,0,0.00,false
12,8,5,0,0,1000,0,0.00,false
12,8,5,0,1,1000,0,0.00,false
12,8,5,1,0,1000,0,0.00,false
12,8,5,1,1,1000,0,0.00,false
12,8,5,2,2,1000,0,0.00,false
12,8,6,0,0,1000,0,0.00,false
12,8,6,0,1,1000,0,0.00,false
12,8,6,1,0,1000,0,0.00,false
12,8,6,1,1,1000,0,0.00,false
12,8,6,2,2,1000,0,0.00,false
12,8,7,0,0,1000,0,0.00,false
12,8,7,0,1,1000,0,0.00,false
12,8,7,1,0,1000,0,0.00,false
12,8,7,1,1,1000,0,0.00,false
12,8,7,2,2,1000,0,0.00,false
12,8,9,0,0,1000,0,0.00,false
12,8,9,0,1,1000,0,0.00,false
12,8,9,1,0,1000,0,0.00,false
12,8,9,1,1,1000,0,0.00,false
12,8,9,2,2,1000,0,0.00,false
12,8,10,0,0,1000,0,0.00,false
12,8,10,0,1,1000,0,0.00,false
12,8,10,1,0,1000,0,0.00,false
12,8,10,1,1,1000,0,0.00,false
12,8,10,2,2,1000,0,0.00,false
12,8,11,0,0,1000,0,0.00,false
12,8,11,0,1,1000,0,0.00,false
12,8,11,1,0,1000,0,0.00,false
12,8,11,1,1,1000,0,0.00,false
12,8,11,2,2,1000,0,0.00,false
12,9,1,0,0,1000,0,0.00,false
12,9,1,0,1,1000,0,0.00,false
12,9,1,1,0,1000,0,0.00,false
12,9,1,1,1,1000,0,0.00,false
12,9,1,2,2,1000,0,0.00,false
12,9,2,0,0,1000,0,0.00,false
12,9,2,0,1,1000,0,0.00,false
12,9,2,1,0,1000,0,0.00,false
12,9,2,1,1,1000,0,0.00,false
12,9,2,2,2,1000,0,0.00,false
12,9,3,0,0,1000,0,0.00,false
12,9,3,0,1,1000,0,0.00,false
12,9,3,1,0,1000,0,0.00,false
12,9,3,1,1,1000,0,0.00,false
12,9,3,2,2,1000,0,0.00,false
12,9,4,0,0,1000,0,0.00,false
12,9,4,0,1,1000,0,0.00,false
12,9,4,1,0,1000,0,0.00,false
12,9,4,1,1,1000,0,0.00,false
12,9,4,2,2,1000,0,0.00,false
12,9,5,0,0,1000,0,0.00,false
12,9,5,0,1,1000,0,0.00,false
12,9,5,1,0,1000,0,0.00,false
12,9,5,1,1,1000,0,0.00,false
12,9,5,2,2,1000,0,0.00,false
12,9,6,0,0,1000,0,0.00,false
12,9,6,0,1,1000,0,0.00,false
12,9,6,1,0,1000,0,0.00,false
12,9,6,1,1,1000,0,0.00,false
12,9,6,2,2,1000,0,0.00,false
12,9,7,0,0,1000,0,0.00,false
12,9,7,0,1,1000,0,0.00,false
12,9,7,1,0,1000,0,0.00,false
12,9,7,1,1,1000,0,0.00,false
12,9,7,2,2,1000,0,0.00,false
12,9,8,0,0,1000,0,0.00,false
12,9,8,0,1,1000,0,0.00,false
12,9,8,1,0,1000,0,0.00,false
12,9,8,1,1,1000,0,0.00,false
12,9,8,2,2,1000,0,0.00,false
12,9,10,0,0,1000,0,0.00,false
12,9,10,0,1,1000,0,0.00,false
12,9,10,1,0,1000,0,0.00,false
12,9,10,1,1,1000,0,0.00,false
12,9,10,2,2,1000,0,0.00,false
12,9,11,0,0,1000,0,0.00,false
12,9,11,0,1,1000,0,0.00,false
12,9,11,1,0,1000,0,0.00,false
12,9,11,1,1,1000,0,0.00,false
12,9,11,2,2,1000,0,0.00,false
12,10,1,0,0,1000,0,0.00,false
12,10,1,0,1,1000,0,0.00,false
12,10,1,1,0,1000,0,0.00,false
12,10,1,1,1,1000,0,0.00,false
12,10,1,2,2,1000,0,0.00,false
12,10,2,0,0,1000,0,0.00,false
12,10,2,0,1,1000,0,0.00,false
12,10,2,1,0,1000,0,0.00,false
12,10,2,1,1,1000,0,0.00,false
12,10,2,2,2,1000,0,0.00,false
12,10,3,0,0,1000,0,0.00,false
12,10,3,0,1,1000,0,0.00,false
12,10,3,1,0,1000,0,0.00,false
12,10,3,1,1,1000,0,0.00,false
12,10,3,2,2,1000,0,0.00,false
12,10,4,0,0,1000,0,0.00,false
12,10,4,0,1,1000,0,0.00,false
12,10,4,1,0,1000,0,0.00,false
12,10,4,1,1,1000,0,0.00,false
12,10,4,2,2,1000,0,0.00,false
12,10,5,0,0,1000,0,0.00,false
12,10,5,0,1,1000,0,0.00,false
12,10,5,1,0,1000,0,0.00,false
12,10,5,1,1,1000,0,0.00,false
12,10,5,2,2,1000,0,0.00,false
12,10,6,0,0,1000,0,0.00,false
12,10,6,0,1,1000,0,0.00,false
12,10,6,1,0,1000,0,0.00,false
12,10,6,1,1,1000,0,0.00,false
12,10,6,2,2,1000,0,0.00,false
12,10,7,0,0,1000,0,0.00,false
12,10,7,0,1,1000,0,0.00,false
12,10,7,1,0,1000,0,0.00,false
12,10,7,1,1,1000,0,0.00,false
12,10,7,2,2,1000,0,0.00,false
12,10,8,0,0,1000,0,0.00,false
12,10,8,0,1,1000,0,0.00,false
12,10,8,1,0,1000,0,0.00,false
12,10,8,1,1,1000,0,0.00,false
12,10,8,2,2,1000,0,0.00,false
12,10,9,0,0,1000,0,0.00,false
12,10,9,0,1,1000,0,0.00,false
12,10,9,1,0,1000,0,0.00,false
12,10,9,1,1,1000,0,0.00,false
12,10,9,2,2,1000,0,0.00,false
12,10,11,0,0,1000,0,0.00,false
12,10,11,0,1,1000,0,0.00,false
12,10,11,1,0,1000,0,0.00,false
12,10,11,1,1,1000,0,0.00,false
12,10,11,2,2,1000,0,0.00,false
12,11,1,0,0,1000,230,23.00,true
12,11,1,0,1,1000,181,18.10,true
12,11,1,1,0,1000,180,18.00,true
12,11,1,1,1,1000,146,14.60,true
12,11,1,2,2,1000,91,9.10,true
12,11,2,0,0,1000,230,23.00,false
12,11,2,0,1,1000,176,17.60,false
12,11,2,1,0,1000,181,18.10,false
12,11,2,1,1,1000,134,13.40,false
12,11,2,2,2,1000,106,10.60,false
12,11,3,0,0,1000,256,25.60,false
12,11,3,0,1,1000,170,17.00,false
12,11,3,1,0,1000,162,16.20,false
12,11,3,1,1,1000,127,12.70,false
12,11,3,2,2,1000,80,8.00,false
12,11,4,0,0,1000,244,24.40,false
12,11,4,0,1,1000,178,17.80,false
12,11,4,1,0,1000,186,18.60,false
12,11,4,1,1,1000,132,13.20,false
12,11,4,2,2,1000,96,9.60,false
12,11,5,0,0,1000,252,25.20,true
12,11,5,0,1,1000,168,16.80,true
12,11,5,1,0,1000,173,17.30,true
12,11,5,1,1,1000,134,13.40,true
12,11,5,2,2,1000,84,8.40,true
12,11,6,0,0,1000,233,23.30,false
12,11,6,0,1,1000,170,17.00,false
12,11,6,1,0,1000,183,18.30,false
12,11,6,1,1,1000,137,13.70,false
12,11,6,2,2,1000,90,9.00,false
12,11,7,0,0,1000,242,24.20,true
12,11,7,0,1,1000,163,16.30,true
12,11,7,1,0,1000,166,16.60,true
12,11,7,1,1,1000,126,12.60,true
12,11,7,2,2,1000,97,9.70,true
12,11,8,0,0,1000,228,22.80,false
12,11,8,0,1,1000,184,18.40,false
12,11,8,1,0,1000,173,17.30,false
12,11,8,1,1,1000,135,13.50,false
12,11,8,2,2,1000,95,9.50,false
12,11,9,0,0,1000,223,22.30,false
12,11,9,0,1,1000,183,18.30,false
12,11,9,1,0,1000,184,18.40,false
12,11,9,1,1,1000,122,12.20,false
12,11,9,2,2,1000,93,9.30,false
12,11,10,0,0,1000,240,24.00,false
12,11,10,0,1,1000,162,16.20,false
12,11,10,1,0,1000,188,18.80,false
12,11,10,1,1,1000,141,14.10,false
12,11,10,2,2,1000,89,8.90,false
14,1,2,0,0,1000,193,19.30,false
14,1,2,0,1,1000,129,12.90,false
14,1,2,1,0,1000,146,14.60,false
14,1,2,1,1,1000,106,10.60,false
14,1,2,2,2,1000,71,7.10,false
14,1,3,0,0,1000,197,19.70,true
14,1,3,0,1,1000,149,14.90,true
14,1,3,1,0,1000,145,14.50,true
14,1,3,1,1,1000,118,11.80,true
14,1,3,2,2,1000,65,6.50,true
14,1,4,0,0,1000,194,19.40,false
14,1,4,0,1,1000,152,15.20,false
14,1,4,1,0,1000,147,14.70,false
14,1,4,1,1,1000,104,10.40,false
14,1,4,2,2,1000,72,7.20,false
14,1,5,0,0,1000,188,18.80,true
14,1,5,0,1,1000,143,14.30,true
14,1,5,1,0,1000,138,13.80,true
14,1,5,1,1,1000,115,11.50,true
14,1,5,2,2,1000,70,7.00,true
14,1,6,0,0,1000,192,19.20,false
14,1,6,0,1,1000,139,13.90,false
14,1,6,1,0,1000,153,15.30,false
14,1,6,1,1,1000,108,10.80,false
14,1,6,2,2,1000,74,7.40,false
14,1,7,0,0,1000,198,19.80,false
14,1,7,0,1,1000,140,14.00,false
14,1,7,1,0,1000,145,14.50,false
14,1,7,1,1,1000,104,10.40,false
14,1,7,2,2,1000,77,7.70,false
14,1,8,0,0,1000,195,19.50,false
14,1,8,0,1,1000,156,15.60,false
14,1,8,1,0,1000,137,13.70,false
14,1,8,1,1,1000,122,12.20,false
14,1,8,2,2,1000,65,6.50,false
14,1,9,0,0,1000,205,20.50,true
14,1,9,0,1,1000,142,14.20,true
14,1,9,1,0,1000,136,13.60,true
14,1,9,1,1,1000,104,10.40,true
14,1,9,2,2,1000,67,6.70,true
14,1,10,0,0,1000,211,21.10,false
14,1,10,0,1,1000,145,14.50,false
14,1,10,1,0,1000,156,15.60,false
14,1,10,1,1,1000,103,10.30,false
14,1,10,2,2,1000,74,7.40,false
14,1,11,0,0,1000,188,18.80,true
14,1,11,0,1,1000,145,14.50,true
14,1,11,1,0,1000,143,14.30,true
14,1,11,1,1,1000,117,11.70,true
14,1,11,2,2,1000,75,7.50,true
14,1,12,0,0,1000,191,19.10,false
14,1,12,0,1,1000,144,14.40,false
14,1,12,1,0,1000,147,14.70,false
14,1,12,1,1,1000,103,10.30,false
14,1,12,2,2,1000,72,7.20,false
14,1,13,0,0,1000,194,19.40,true
14,1,13,0,1,1000,134,13.40,true
14,1,13,1,0,1000,151,15.10,true
14,1,13,1,1,1000,107,10.70,true
14,1,13,2,2,1000,70,7.00,true
14,2,1,0,0,1000,0,0.00,false
14,2,1,0,1,1000,0,0.00,false
14,2,1,1,0,1000,0,0.00,false
14,2,1,1,1,1000,0,0.00,false
14,2,1,2,2,1000,0,0.00,false
14,2,3,0,0,1000,0,0.00,false
14,2,3,0,1,1000,0,0.00,false
14,2,3,1,0,1000,0,0.00,false
14,2,3,1,1,1000,0,0.00,false
14,2,3,2,2,1000,0,0.00,false
14,2,4,0,0,1000,0,0.00,false
14,2,4,0,1,1000,0,0.00,false
14,2,4,1,0,1000,0,0.00,false
14,2,4,1,1,1000,0,0.00,false
14,2,4,2,2,1000,0,0.00,false
14,2,5,0,0,1000,0,0.00,false
14,2,5,0,1,1000,0,0.00,false
14,2,5,1,0,1000,0,0.00,false
14,2,5,1,1,1000,0,0.00,false
14,2,5,2,2,1000,0,0.00,false
14,2,6,0,0,1000,0,0.00,false
14,2,6,0,1,1000,0,0.00,false
14,2,6,1,0,1000,0,0.00,false
14,2,6,1,1,1000,0,0.00,false
14,2,6,2,2,1000,0,0.00,false
14,2,7,0,0,1000,0,0.00,false
14,2,7,0,1,1000,0,0.00,false
14,2,7,1,0,1000,0,0.00,false
14,2,7,1,1,1000,0,0.00,false
14,2,7,2,2,1000,0,0.00,false
14,2,8,0,0,1000,0,0.00,false
14,2,8,0,1,1000,0,0.00,false
14,2,8,1,0,1000,0,0.00,false
14,2,8,1,1,1000,0,0.00,false
14,2,8,2,2,1000,0,0.00,false
14,2,9,0,0,1000,0,0.00,false
14,2,9,0,1,1000,0,0.00,false
14,2,9,1,0,1000,0,0.00,false
14,2,9,1,1,1000,0,0.00,false
14,2,9,2,2,1000,0,0.00,false
14,2,10,0,0,1000,0,0.00,false
14,2,10,0,1,1000,0,0.00,false
14,2,10,1,0,1000,0,0.00,false
14,2,10,1,1,1000,0,0.00,false
14,2,10,2,2,1000,0,0.00,false
14,2,11,0,0,1000,0,0.00,false
14,2,11,0,1,1000,0,0.00,false
14,2,11,1,0,1000,0,0.00,false
14,2,11,1,1,1000,0,0.00,false
14,2,11,2,2,1000,0,0.00,false
14,2,12,0,0,1000,0,0.00,false
14,2,12,0,1,1000,0,0.00,false
14,2,12,1,0,1000,0,0.00,false
14,2,12,1,1,1000,0,0.00,false
14,2,12,2,2,1000,0,0.00,false
14,2,13,0,0,1000,0,0.00,false
14,2,13,0,1,1000,0,0.00,false
14,2,13,1,0,1000,0,0.00,false
14,2,13,1,1,1000,0,0.00,false
14,2,13,2,2,1000,0,0.00,false
14,3,1,0,0,1000,188,18.80,true
14,3,1,0,1,1000,129,12.90,true
14,3,1,1,0,1000,144,14.40,true
14,3,1,1,1,1000,109,10.90,true
14,3,1,2,2,1000,67,6.70,true
14,3,2,0,0,1000,182,18.20,false
14,3,2,0,1,1000,136,13.60,false
14,3,2,1,0,1000,155,15.50,false
14,3,2,1,1,1000,108,10.80,false
14,3,2,2,2,1000,76,7.60,false
14,3,4,0,0,1000,181,18.10,false
14,3,4,0,1,1000,136,13.60,false
14,3,4,1,0,1000,124,12.40,false
14,3,4,1,1,1000,104,10.40,false
14,3,4,2,2,1000,79,7.90,false
14,3,5,0,0,1000,187,18.70,true
14,3,5,0,1,1000,134,13.40,true
14,3,5,1,0,1000,139,13.90,true
14,3,5,1,1,1000,106,10.60,true
14,3,5,2,2,1000,72,7.20,true
14,3,6,0,0,1000,191,19.10,false
14,3,6,0,1,1000,134,13.40,false
14,3,6,1,0,1000,132,13.20,false
14,3,6,1,1,1000,112,11.20,false
14,3,6,2,2,1000,77,7.70,false
14,3,7,0,0,1000,187,18.70,false
14,3,7,0,1,1000,135,13.50,false
14,3,7,1,0,1000,132,13.20,false
14,3,7,1,1,1000,108,10.80,false
14,3,7,2,2,1000,56,5.60,false
14,3,8,0,0,1000,199,19.90,false
14,3,8,0,1,1000,140,14.00,false
14,3,8,1,0,1000,145,14.50,false
14,3,8,1,1,1000,104,10.40,false
14,3,8,2,2,1000,61,6.10,false
14,3,9,0,0,1000,181,18.10,true
14,3,9,0,1,1000,138,13.80,true
14,3,9,1,0,1000,145,14.50,true
14,3,9,1,1,1000,95,9.50,true
14,3,9,2,2,1000,72,7.20,true
14,3,10,0,0,1000,190,19.00,false
14,3,10,0,1,1000,130,13.00,false
14,3,10,1,0,1000,150,15.00,false
14,3,10,1,1,1000,102,10.20,false
14,3,10,2,2,1000,78,7.80,false
14,3,11,0,0,1000,189,18.90,true
14,3,11,0,1,1000,143,14.30,true
14,3,11,1,0,1000,141,14.10,true
14,3,11,1,1,1000,113,11.30,true
14,3,11,2,2,1000,70,7.00,true
14,3,12,0,0,1000,191,19.10,false
14,3,12,0,1,1000,121,12.10,false
14,3,12,1,0,1000,134,13.40,false
14,3,12,1,1,1000,111,11.10,false
14,3,12,2,2,1000,78,7.80,false
14,3,13,0,0,1000,181,18.10,true
14,3,13,0,1,1000,113,11.30,true
14,3,13,1,0,1000,133,13.30,true
14,3,13,1,1,1000,102,10.20,true
14,3,13,2,2,1000,68,6.80,true
14,4,1,0,0,1000,0,0.00,false
14,4,1,0,1,1000,0,0.00,false
14,4,1,1,0,1000,0,0.00,false
14,4,1,1,1,1000,0,0.00,false
14,4,1,2,2,1000,0,0.00,false
14,4,2,0,0,1000,0,0.00,false
14,4,2,0,1,1000,0,0.00,false
14,4,2,1,0,1000,0,0.00,false
14,4,2,1,1,1000,0,0.00,false
14,4,2,2,2,1000,0,0.00,false
14,4,3,0,0,1000,0,0.00,false
14,4,3,0,1,1000,0,0.00,false
14,4,3,1,0,1000,0,0.00,false
14,4,3,1,1,1000,0,0.00,false
14,4,3,2,2,1000,0,0.00,false
14,4,5,0,0,1000,0,0.00,false
14,4,5,0,1,1000,0,0.00,false
14,4,5,1,0,1000,0,0.00,false
14,4,5,1,1,1000,0,0.00,false
14,4,5,2,2,1000,0,0.00,false
14,4,6,0,0,1000,0,0.00,false
14,4,6,0,1,1000,0,0.00,false
14,4,6,1,0,1000,0,0.00,false
14,4,6,1,1,1000,0,0.00,false
14,4,6,2,2,1000,0,0.00,false
14,4,7,0,0,1000,0,0.00,false
14,4,7,0,1,1000,0,0.00,false
14,4,7,1,0,1000,0,0.00,false
14,4,7,1,1,1000,0,0.00,false
14,4,7,2,2,1000,0,0.00,false
14,4,8,0,0,1000,0,0.00,false
14,4,8,0,1,1000,0,0.00,false
14,4,8,1,0,1000,0,0.00,false
14,4,8,1,1,1000,0,0.00,false
14,4,8,2,2,1000,0,0.00,false
14,4,9,0,0,1000,0,0.00,false
14,4,9,0,1,1000,0,0.00,false
14,4,9,1,0,1000,0,0.00,false
14,4,9,1,1,1000,0,0.00,false
14,4,9,2,2,1000,0,0.00,false
14,4,10,0,0,1000,0,0.00,false
14,4,10,0,1,1000,0,0.00,false
14,4,10,1,0,1000,0,0.00,false
14,4,10,1,1,1000,0,0.00,false
14,4,10,2,2,1000,0,0.00,false
14,4,11,0,0,1000,0,0.00,false
14,4,11,0,1,1000,0,0.00,false
14,4,11,1,0,1000,0,0.00,false
14,4,11,1,1,1000,0,0.00,false
14,4,11,2,2,1000,0,0.00,false
14,4,12,0,0,1000,0,0.00,false
14,4,12,0,1,1000,0,0.00,false
14,4,12,1,0,1000,0,0.00,false
14,4,12,1,1,1000,0,0.00,false
14,4,12,2,2,1000,0,0.00,false
14,4,13,0,0,1000,0,0.00,false
14,4,13,0,1,1000,0,0.00,false
14,4,13,1,0,1000,0,0.00,false
14,4,13,1,1,1000,0,0.00,false
14,4,13,2,2,1000,0,0.00,false
14,5,1,0,0,1000,178,17.80,true
14,5,1,0,1,1000,134,13.40,true
14,5,1,1,0,1000,136,13.60,true
14,5,1,1,1,1000,114,11.40,true
14,5,1,2,2,1000,69,6.90,true
14,5,2,0,0,1000,174,17.40,false
14,5,2,0,1,1000,130,13.00,false
14,5,2,1,0,1000,146,14.60,false
14,5,2,1,1,1000,107,10.70,false
14,5,2,2,2,1000,65,6.50,false
14,5,3,0,0,1000,182,18.20,true
14,5,3,0,1,1000,127,12.70,true
14,5,3,1,0,1000,127,12.70,true
14,5,3,1,1,1000,94,9.40,true
14,5,3,2,2,1000,59,5.90,true
14,5,4,0,0,1000,175,17.50,false
14,5,4,0,1,1000,140,14.00,false
14,5,4,1,0,1000,154,15.40,false
14,5,4,1,1,1000,106,10.60,false
14,5,4,2,2,1000,75,7.50,false
14,5,6,0,0,1000,170,17.00,false
14,5,6,0,1,1000,127,12.70,false
14,5,6,1,0,1000,138,13.80,false
14,5,6,1,1,1000,95,9.50,false
14,5,6,2,2,1000,66,6.60,false
14,5,7,0,0,1000,177,17.70,false
14,5,7,0,1,1000,141,14.10,false
14,5,7,1,0,1000,152,15.20,false
14,5,7,1,1,1000,98,9.80,false
14,5,7,2,2,1000,72,7.20,false
14,5,8,0,0,1000,184,18.40,false
14,5,8,0,1,1000,137,13.70,false
14,5,8,1,0,1000,123,12.30,false
14,5,8,1,1,1000,97,9.70,false
14,5,8,2,2,1000,60,6.00,false
14,5,9,0,0,1000,177,17.70,true
14,5,9,0,1,1000,141,14.10,true
14,5,9,1,0,1000,126,12.60,true
14,5,9,1,1,1000,86,8.60,true
14,5,9,2,2,1000,74,7.40,true
14,5,10,0,0,1000,189,18.90,false
14,5,10,0,1,1000,110,11.00,false
14,5,10,1,0,1000,123,12.30,false
14,5,10,1,1,1000,107,10.70,false
14,5,10,2,2,1000,69,6.90,false
14,5,11,0,0,1000,183,18.30,true
14,5,11,0,1,1000,135,13.50,true
14,5,11,1,0,1000,127,12.70,true
14,5,11,1,1,1000,98,9.80,true
14,5,11,2,2,1000,76,7.60,true
14,5,12,0,0,1000,198,19.80,false
14,5,12,0,1,1000,130,13.00,false
14,5,12,1,0,1000,134,13.40,false
14,5,12,1,1,1000,106,10.60,false
14,5,12,2,2,1000,70,7.00,false
14,5,13,0,0,1000,190,19.00,true
14,5,13,0,1,1000,144,14.40,true
14,5,13,1,0,1000,131,13.10,true
14,5,13,1,1,1000,111,11.10,true
14,5,13,2,2,1000,56,5.60,true
14,6,1,0,0,1000,0,0.00,false
14,6,1,0,1,1000,0,0.00,false
14,6,1,1,0,1000,0,0.00,false
14,6,1,1,1,1000,0,0.00,false
14,6,1,2,2,1000,0,0.00,false
14,6,2,0,0,1000,0,0.00,false
14,6,2,0,1,1000,0,0.00,false
14,6,2,1,0,1000,0,0.00,false
14,6,2,1,1,1000,0,0.00,false
14,6,2,2,2,1000,0,0.00,false
14,6,3,0,0,1000,0,0.00,false
14,6,3,0,1,1000,0,0.00,false
14,6,3,1,0,1000,0,0.00,false
14,6,3,1,1,1000,0,0.00,false
14,6,3,2,2,1000,0,0.00,false
14,6,4,0,0,1000,0,0.00,false
14,6,4,0,1,1000,0,0.00,false
14,6,4,1,0,1000,0,0.00,false
14,6,4,1,1,1000,0,0.00,false
14,6,4,2,2,1000,0,0.00,false
14,6,5,0,0,1000,0,0.00,false
14,6,5,0,1,1000,0,0.00,false
14,6,5,1,0,1000,0,0.00,false
14,6,5,1,1,1000,0,0.00,false
14,6,5,2,2,1000,0,0.00,false
14,6,7,0,0,1000,0,0.00,false
14,6,7,0,1,1000,0,0.00,false
14,6,7,1,0,1000,0,0.00,false
14,6,7,1,1,1000,0,0.00,false
14,6,7,2,2,1000,0,0.00,false
14,6,8,0,0,1000,0,0.00,false
14,6,8,0,1,1000,0,0.00,false
14,6,8,1,0,1000,0,0.00,false
14,6,8,1,1,1000,0,0.00,false
14,6,8,2,2,1000,0,0.00,false
14,6,9,0,0,1000,0,0.00,false
14,6,9,0,1,1000,0,0.00,false
14,6,9,1,0,1000,0,0.00,false
14,6,9,1,1,1000,0,0.00,false
14,6,9,2,2,1000,0,0.00,false
14,6,10,0,0,1000,0,0.00,false
14,6,10,0,1,1000,0,0.00,false
14,6,10,1,0,1000,0,0.00,false
14,6,10,1,1,1000,0,0.00,false
14,6,10,2,2,1000,0,0.00,false
14,6,11,0,0,1000,0,0.00,false
14,6,11,0,1,1000,0,0.00,false
14,6,11,1,0,1000,0,0.00,false
14,6,11,1,1,1000,0,0.00,false
14,6,11,2,2,1000,0,0.00,false
14,6,12,0,0,1000,0,0.00,false
14,6,12,0,1,1000,0,0.00,false
14,6,12,1,0,1000,0,0.00,false
14,6,12,1,1,1000,0,0.00,false
14,6,12,2,2,1000,0,0.00,false
14,6,13,0,0,1000,0,0.00,false
14,6,13,0,1,1000,0,0.00,false
14,6,13,1,0,1000,0,0.00,false
14,6,13,1,1,1000,0,0.00,false
14,6,13,2,2,1000,0,0.00,false
14,7,1,0,0,1000,0,0.00,false
14,7,1,0,1,1000,0,0.00,false
14,7,1,1,0,1000,0,0.00,false
14,7,1,1,1,1000,0,0.00,false
14,7,1,2,2,1000,0,0.00,false
14,7,2,0,0,1000,0,0.00,false
14,7,2,0,1,1000,0,0.00,false
14,7,2,1,0,1000,0,0.00,false
14,7,2,1,1,1000,0,0.00,false
14,7,2,2,2,1000,0,0.00,false
14,7,3,0,0,1000,0,0.00,false
14,7,3,0,1,1000,0,0.00,false
14,7,3,1,0,1000,0,0.00,false
14,7,3,1,1,1000,0,0.00,false
14,7,3,2,2,1000,0,0.00,false
14,7,4,0,0,1000,0,0.00,false
14,7,4,0,1,1000,0,0.00,false
14,7,4,1,0,1000,0,0.00,false
14,7,4,1,1,1000,0,0.00,false
14,7,4,2,2,1000,0,0.00,false
14,7,5,0,0,1000,0,0.00,false
14,7,5,0,1,1000,0,0.00,false
14,7,5,1,0,1000,0,0.00,false
14,7,5,1,1,1000,0,0.00,false
14,7,5,2,2,1000,0,0.00,false
14,7,6,0,0,1000,0,0.00,false
14,7,6,0,1,1000,0,0.00,false
14,7,6,1,0,1000,0,0.00,false
14,7,6,1,1,1000,0,0.00,false
14,7,6,2,2,1000,0,0.00,false
14,7,8,0,0,1000,0,0.00,false
14,7,8,0,1,1000,0,0.00,false
14,7,8,1,0,1000,0,0.00,false
14,7,8,1,1,1000,0,0.00,false
14,7,8,2,2,1000,0,0.00,false
14,7,9,0,0,1000,0,0.00,false
14,7,9,0,1,1000,0,0.00,false
14,7,9,1,0,1000,0,0.00,false
14,7,9,1,1,1000,0,0.00,false
14,7,9,2,2,1000,0,0.00,false
14,7,10,0,0,1000,0,0.00,false
14,7,10,0,1,1000,0,0.00,false
14,7,10,1,0,1000,0,0.00,false
14,7,10,1,1,1000,0,0.00,false
14,7,10,2,2,1000,0,0.00,false
14,7,11,0,0,1000,0,0.00,false
14,7,11,0,1,1000,0,0.00,false
14,7,11,1,0,1000,0,0.00,false
14,7,11,1,1,1000,0,0.00,false
14,7,11,2,2,1000,0,0.00,false
14,7,12,0,0,1000,0,0.00,false
14,7,12,0,1,1000,0,0.00,false
14,7,12,1,0,1000,0,0.00,false
14,7,12,1,1,1000,0,0.00,false
14,7,12,2,2,1000,0,0.00,false
14,7,13,0,0,1000,0,0.00,false
14,7,13,0,1,1000,0,0.00,false
14,7,13,1,0,1000,0,0.00,false
14,7,13,1,1,1000,0,0.00,false
14,7,13,2,2,1000,0,0.00,false
14,8,1,0,0,1000,0,0.00,false
14,8,1,0,1,1000,0,0.00,false
14,8,1,1,0,1000,0,0.00,false
14,8,1,1,1,1000,0,0.00,false
14,8,1,2,2,1000,0,0.00,false
14,8,2,0,0,1000,0,0.00,false
14,8,2,0,1,1000,0,0.00,false
14,8,2,1,0,1000,0,0.00,false
14,8,2,1,1,1000,0,0.00,false
14,8,2,2,2,1000,0,0.00,false
14,8,3,0,0,1000,0,0.00,false
14,8,3,0,1,1000,0,0.00,false
14,8,3,1,0,1000,0,0.00,false
14,8,3,1,1,1000,0,0.00,false
14,8,3,2,2,1000,0,0.00,false
14,8,4,0,0,1000,0,0.00,false
14,8,4,0,1,1000,0,0.00,false
14,8,4,1,0,1000,0,0.00,false
14,8,4,1,1,1000,0,0.00,false
14,8,4,2,2,1000,0,0.00,false
14,8,5,0,0,1000,0,0.00,false
14,8,5,0,1,1000,0,0.00,false
14,8,5,1,0,1000,0,0.00,false
14,8,5,1,1,1000,0,0.00,false
14,8,5,2,2,1000,0,0.00,false
14,8,6,0,0,1000,0,0.00,false
14,8,6,0,1,1000,0,0.00,false
14,8,6,1,0,1000,0,0.00,false
14,8,6,1,1,1000,0,0.00,false
14,8,6,2,2,1000,0,0.00,false
14,8,7,0,0,1000,0,0.00,false
14,8,7,0,1,1000,0,0.00,false
14,8,7,1,0,1000,0,0.00,false
14,8,7,1,1,1000,0,0.00,false
14,8,7,2,2,1000,0,0.00,false
14,8,9,0,0,1000,0,0.00,false
14,8,9,0,1,1000,0,0.00,false
14,8,9,1,0,1000,0,0.00,false
14,8,9,1,1,1000,0,0.00,false
14,8,9,2,2,1000,0,0.00,false
14,8,10,0,0,1000,0,0.00,false
14,8,10,0,1,1000,0,0.00,false
14,8,10,1,0,1000,0,0.00,false
14,8,10,1,1,1000,0,0.00,false
14,8,10,2,2,1000,0,0.00,false
14,8,11,0,0,1000,0,0.00,false
14,8,11,0,1,1000,0,0.00,false
14,8,11,1,0,1000,0,0.00,false
14,8,11,1,1,1000,0,0.00,false
14,8,11,2,2,1000,0,0.00,false
14,8,12,0,0,1000,0,0.00,false
14,8,12,0,1,1000,0,0.00,false
14,8,12,1,0,1000,0,0.00,false
14,8,12,1,1,1000,0,0.00,false
14,8,12,2,2,1000,0,0.00,false
14,8,13,0,0,1000,0,0.00,false
14,8,13,0,1,1000,0,0.00,false
14,8,13,1,0,1000,0,0.00,false
14,8,13,1,1,1000,0,0.00,false
14,8,13,2,2,1000,0,0.00,false
14,9,1,0,0,1000,174,17.40,true
14,9,1,0,1,1000,122,12.20,true
14,9,1,1,0,1000,138,13.80,true
14,9,1,1,1,1000,105,10.50,true
14,9,1,2,2,1000,83,8.30,true
14,9,2,0,0,1000,170,17.00,false
14,9,2,0,1,1000,127,12.70,false
14,9,2,1,0,1000,140,14.00,false
14,9,2,1,1,1000,98,9.80,false
14,9,2,2,2,1000,73,7.30,false
14,9,3,0,0,1000,180,18.00,true
14,9,3,0,1,1000,145,14.50,true
14,9,3,1,0,1000,121,12.10,true
14,9,3,1,1,1000,91,9.10,true
14,9,3,2,2,1000,66,6.60,true
14,9,4,0,0,1000,176,17.60,false
14,9,4,0,1,1000,128,12.80,false
14,9,4,1,0,1000,138,13.80,false
14,9,4,1,1,1000,105,10.50,false
14,9,4,2,2,1000,77,7.70,false
14,9,5,0,0,1000,181,18.10,true
14,9,5,0,1,1000,130,13.00,true
14,9,5,1,0,1000,119,11.90,true
14,9,5,1,1,1000,109,10.90,true
14,9,5,2,2,1000,71,7.10,true
14,9,6,0,0,1000,171,17.10,false
14,9,6,0,1,1000,128,12.80,false
14,9,6,1,0,1000,123,12.30,false
14,9,6,1,1,1000,91,9.10,false
14,9,6,2,2,1000,69,6.90,false
14,9,7,0,0,1000,183,18.30,false
14,9,7,0,1,1000,128,12.80,false
14,9,7,1,0,1000,129,12.90,false
14,9,7,1,1,1000,85,8.50,false
14,9,7,2,2,1000,81,8.10,false
14,9,8,0,0,1000,173,17.30,false
14,9,8,0,1,1000,113,11.30,false
14,9,8,1,0,1000,125,12.50,false
14,9,8,1,1,1000,102,10.20,false
14,9,8,2,2,1000,70,7.00,false
14,9,10,0,0,1000,190,19.00,false
14,9,10,0,1,1000,130,13.00,false
14,9,10,1,0,1000,129,12.90,false
14,9,10,1,1,1000,107,10.70,false
14,9,10,2,2,1000,60,6.00,false
14,9,11,0,0,1000,191,19.10,true
14,9,11,0,1,1000,140,14.00,true
14,9,11,1,0,1000,144,14.40,true
14,9,11,1,1,1000,95,9.50,true
14,9,11,2,2,1000,71,7.10,true
14,9,12,0,0,1000,180,18.00,false
14,9,12,0,1,1000,134,13.40,false
14,9,12,1,0,1000,128,12.80,false
14,9,12,1,1,1000,99,9.90,false
14,9,12,2,2,1000,80,8.00,false
14,9,13,0,0,1000,177,17.70,true
14,9,13,0,1,1000,133,13.30,true
14,9,13,1,0,1000,118,11.80,true
14,9,13,1,1,1000,100,10.00,true
14,9,13,2,2,1000,64,6.40,true
14,10,1,0,0,1000,0,0.00,false
14,10,1,0,1,1000,0,0.00,false
14,10,1,1,0,1000,0,0.00,false
14,10,1,1,1,1000,0,0.00,false
14,10,1,2,2,1000,0,0.00,false
14,10,2,0,0,1000,0,0.00,false
14,10,2,0,1,1000,0,0.00,false
14,10,2,1,0,1000,0,0.00,false
14,10,2,1,1,1000,0,0.00,false
14,10,2,2,2,1000,0,0.00,false
14,10,3,0,0,1000,0,0.00,false
14,10,3,0,1,1000,0,0.00,false
14,10,3,1,0,1000,0,0.00,false
14,10,3,1,1,1000,0,0.00,false
14,10,3,2,2,1000,0,0.00,false
14,10,4,0,0,1000,0,0.00,false
14,10,4,0,1,1000,0,0.00,false
14,10,4,1,0,1000,0,0.00,false
14,10,4,1,1,1000,0,0.00,false
14,10,4,2,2,1000,0,0.00,false
14,10,5,0,0,1000,0,0.00,false
14,10,5,0,1,1000,0,0.00,false
14,10,5,1,0,1000,0,0.00,false
14,10,5,1,1,1000,0,0.00,false
14,10,5,2,2,1000,0,0.00,false
14,10,6,0,0,1000,0,0.00,false
14,10,6,0,1,1000,0,0.00,false
14,10,6,1,0,1000,0,0.00,false
14,10,6,1,1,1000,0,0.00,false
14,10,6,2,2,1000,0,0.00,false
14,10,7,0,0,1000,0,0.00,false
14,10,7,0,1,1000,0,0.00,false
14,10,7,1,0,1000,0,0.00,false
14,10,7,1,1,1000,0,0.00,false
14,10,7,2,2,1000,0,0.00,false
14,10,8,0,0,1000,0,0.00,false
14,10,8,0,1,1000,0,0.00,false
14,10,8,1,0,1000,0,0.00,false
14,10,8,1,1,1000,0,0.00,false
14,10,8,2,2,1000,0,0.00,false
14,10,9,0,0,1000,0,0.00,false
14,10,9,0,1,1000,0,0.00,false
14,10,9,1,0,1000,0,0.00,false
14,10,9,1,1,1000,0,0.00,false
14,10,9,2,2,1000,0,0.00,false
14,10,11,0,0,1000,0,0.00,false
14,10,11,0,1,1000,0,0.00,false
14,10,11,1,0,1000,0,0.00,false
14,10,11,1,1,1000,0,0.00,false
14,10,11,2,2,1000,0,0.00,false
14,10,12,0,0,1000,0,0.00,false
14,10,12,0,1,1000,0,0.00,false
14,10,12,1,0,1000,0,0.00,false
14,10,12,1,1,1000,0,0.00,false
14,10,12,2,2,1000,0,0.00,false
14,10,13,0,0,1000,0,0.00,false
14,10,13,0,1,1000,0,0.00,false
14,10,13,1,0,1000,0,0.00,false
14,10,13,1,1,1000,0,0.00,false
14,10,13,2,2,1000,0,0.00,false
14,11,1,0,0,1000,183,18.30,true
14,11,1,0,1,1000,124,12.40,true
14,11,1,1,0,1000,132,13.20,true
14,11,1,1,1,1000,83,8.30,true
14,11,1,2,2,1000,69,6.90,true
14,11,2,0,0,1000,172,17.20,false
14,11,2,0,1,1000,137,13.70,false
14,11,2,1,0,1000,134,13.40,false
14,11,2,1,1,1000,112,11.20,false
14,11,2,2,2,1000,74,7.40,false
14,11,3,0,0,1000,182,18.20,true
14,11,3,0,1,1000,117,11.70,true
14,11,3,1,0,1000,123,12.30,true
14,11,3,1,1,1000,97,9.70,true
14,11,3,2,2,1000,66,6.60,true
14,11,4,0,0,1000,183,18.30,false
14,11,4,0,1,1000,146,14.60,false
14,11,4,1,0,1000,123,12.30,false
14,11,4,1,1,1000,105,10.50,false
14,11,4,2,2,1000,71,7.10,false
14,11,5,0,0,1000,173,17.30,true
14,11,5,0,1,1000,131,13.10,true
14,11,5,1,0,1000,120,12.00,true
14,11,5,1,1,1000,106,10.60,true
14,11,5,2,2,1000,59,5.90,true
14,11,6,0,0,1000,175,17.50,false
14,11,6,0,1,1000,133,13.30,false
14,11,6,1,0,1000,125,12.50,false
14,11,6,1,1,1000,93,9.30,false
14,11,6,2,2,1000,69,6.90,false
14,11,7,0,0,1000,174,17.40,false
14,11,7,0,1,1000,137,13.70,false
14,11,7,1,0,1000,123,12.30,false
14,11,7,1,1,1000,101,10.10,false
14,11,7,2,2,1000,71,7.10,false
14,11,8,0,0,1000,168,16.80,false
14,11,8,0,1,1000,130,13.00,false
14,11,8,1,0,1000,131,13.10,false
14,11,8,1,1,1000,99,9.90,false
14,11,8,2,2,1000,82,8.20,false
14,11,9,0,0,1000,182,18.20,true
14,11,9,0,1,1000,130,13.00,true
14,11,9,1,0,1000,120,12.00,true
14,11,9,1,1,1000,104,10.40,true
14,11,9,2,2,1000,74,7.40,true
14,11,10,0,0,1000,171,17.10,false
14,11,10,0,1,1000,124,12.40,false
14,11,10,1,0,1000,138,13.80,false
14,11,10,1,1,1000,103,10.30,false
14,11,10,2,2,1000,66,6.60,false
14,11,12,0,0,1000,174,17.40,false
14,11,12,0,1,1000,128,12.80,false
14,11,12,1,0,1000,124,12.40,false
14,11,12,1,1,1000,84,8.40,false
14,11,12,2,2,1000,71,7.10,false
14,11,13,0,0,1000,187,18.70,true
14,11,13,0,1,1000,119,11.90,true
14,11,13,1,0,1000,151,15.10,true
14,11,13,1,1,1000,96,9.60,true
14,11,13,2,2,1000,73,7.30,true
14,12,1,0,0,1000,0,0.00,false
14,12,1,0,1,1000,0,0.00,false
14,12,1,1,0,1000,0,0.00,false
14,12,1,1,1,1000,0,0.00,false
14,12,1,2,2,1000,0,0.00,false
14,12,2,0,0,1000,0,0.00,false
14,12,2,0,1,1000,0,0.00,false
14,12,2,1,0,1000,0,0.00,false
14,12,2,1,1,1000,0,0.00,false
14,12,2,2,2,1000,0,0.00,false
14,12,3,0,0,1000,0,0.00,false
14,12,3,0,1,1000,0,0.00,false
14,12,3,1,0,1000,0,0.00,false
14,12,3,1,1,1000,0,0.00,false
14,12,3,2,2,1000,0,0.00,false
14,12,4,0,0,1000,0,0.00,false
14,12,4,0,1,1000,0,0.00,false
14,12,4,1,0,1000,0,0.00,false
14,12,4,1,1,1000,0,0.00,false
14,12,4,2,2,1000,0,0.00,false
14,12,5,0,0,1000,0,0.00,false
14,12,5,0,1,1000,0,0.00,false
14,12,5,1,0,1000,0,0.00,false
14,12,5,1,1,1000,0,0.00,false
14,12,5,2,2,1000,0,0.00,false
14,12,6,0,0,1000,0,0.00,false
14,12,6,0,1,1000,0,0.00,false
14,12,6,1,0,1000,0,0.00,false
14,12,6,1,1,1000,0,0.00,false
14,12,6,2,2,1000,0,0.00,false
14,12,7,0,0,1000,0,0.00,false
14,12,7,0,1,1000,0,0.00,false
14,12,7,1,0,1000,0,0.00,false
14,12,7,1,1,1000,0,0.00,false
14,12,7,2,2,1000,0,0.00,false
14,12,8,0,0,1000,0,0.00,false
14,12,8,0,1,1000,0,0.00,false
14,12,8,1,0,1000,0,0.00,false
14,12,8,1,1,1000,0,0.00,false
14,12,8,2,2,1000,0,0.00,false
14,12,9,0,0,1000,0,0.00,false
14,12,9,0,1,1000,0,0.00,false
14,12,9,1,0,1000,0,0.00,false
14,12,9,1,1,1000,0,0.00,false
14,12,9,2,2,1000,0,0.00,false
14,12,10,0,0,1000,0,0.00,false
14,12,10,0,1,1000,0,0.00,false
14,12,10,1,0,1000,0,0.00,false
14,12,10,1,1,1000,0,0.00,false
14,12,10,2,2,1000,0,0.00,false
14,12,11,0,0,1000,0,0.00,false
14,12,11,0,1,1000,0,0.00,false
14,12,11,1,0,1000,0,0.00,false
14,12,11,1,1,1000,0,0.00,false
14,12,11,2,2,1000,0,0.00,false
14,12,13,0,0,1000,0,0.00,false
14,12,13,0,1,1000,0,0.00,false
14,12,13,1,0,1000,0,0.00,false
14,12,13,1,1,1000,0,0.00,false
14,12,13,2,2,1000,0,0.00,false
14,13,1,0,0,1000,190,19.00,true
14,13,1,0,1,1000,135,13.50,true
14,13,1,1,0,1000,117,11.70,true
14,13,1,1,1,1000,97,9.70,true
14,13,1,2,2,1000,61,6.10,true
14,13,2,0,0,1000,169,16.90,false
14,13,2,0,1,1000,129,12.90,false
14,13,2,1,0,1000,116,11.60,false
14,13,2,1,1,1000,92,9.20,false
14,13,2,2,2,1000,76,7.60,false
14,13,3,0,0,1000,178,17.80,true
14,13,3,0,1,1000,119,11.90,true
14,13,3,1,0,1000,133,13.30,true
14,13,3,1,1,1000,91,9.10,true
14,13,3,2,2,1000,59,5.90,true
14,13,4,0,0,1000,180,18.00,false
14,13,4,0,1,1000,115,11.50,false
14,13,4,1,0,1000,121,12.10,false
14,13,4,1,1,1000,101,10.10,false
14,13,4,2,2,1000,55,5.50,false
14,13,5,0,0,1000,162,16.20,true
14,13,5,0,1,1000,125,12.50,true
14,13,5,1,0,1000,111,11.10,true
14,13,5,1,1,1000,99,9.90,true
14,13,5,2,2,1000,75,7.50,true
14,13,6,0,0,1000,186,18.60,false
14,13,6,0,1,1000,129,12.90,false
14,13,6,1,0,1000,134,13.40,false
14,13,6,1,1,1000,108,10.80,false
14,13,6,2,2,1000,67,6.70,false
14,13,7,0,0,1000,187,18.70,false
14,13,7,0,1,1000,140,14.00,false
14,13,7,1,0,1000,128,12.80,false
14,13,7,1,1,1000,95,9.50,false
14,13,7,2,2,1000,66,6.60,false
14,13,8,0,0,1000,163,16.30,false
14,13,8,0,1,1000,140,14.00,false
14,13,8,1,0,1000,120,12.00,false
14,13,8,1,1,1000,105,10.50,false
14,13,8,2,2,1000,75,7.50,false
14,13,9,0,0,1000,168,16.80,true
14,13,9,0,1,1000,126,12.60,true
14,13,9,1,0,1000,122,12.20,true
14,13,9,1,1,1000,91,9.10,true
14,13,9,2,2,1000,64,6.40,true
14,13,10,0,0,1000,177,17.70,false
14,13,10,0,1,1000,124,12.40,false
14,13,10,1,0,1000,121,12.10,false
14,13,10,1,1,1000,93,9.30,false
14,13,10,2,2,1000,69,6.90,false
14,13,11,0,0,1000,171,17.10,true
14,13,11,0,1,1000,130,13.00,true
14,13,11,1,0,1000,121,12.10,true
14,13,11,1,1,1000,100,10.00,true
14,13,11,2,2,1000,72,7.20,true
14,13,12,0,0,1000,176,17.60,false
14,13,12,0,1,1000,127,12.70,false
14,13,12,1,0,1000,113,11.30,false
14,13,12,1,1,1000,97,9.70,false
14,13,12,2,2,1000,54,5.40,false
15,1,2,0,0,1000,148,14.80,true
15,1,2,0,1,1000,128,12.80,true
15,1,2,1,0,1000,114,11.40,true
15,1,2,1,1,1000,93,9.30,true
15,1,2,2,2,1000,54,5.40,true
15,1,3,0,0,1000,154,15.40,false
15,1,3,0,1,1000,99,9.90,false
15,1,3,1,0,1000,121,12.10,false
15,1,3,1,1,1000,91,9.10,false
15,1,3,2,2,1000,60,6.00,false
15,1,4,0,0,1000,148,14.80,true
15,1,4,0,1,1000,111,11.10,true
15,1,4,1,0,1000,128,12.80,true
15,1,4,1,1,1000,92,9.20,true
15,1,4,2,2,1000,64,6.40,true
15,1,5,0,0,1000,151,15.10,false
15,1,5,0,1,1000,112,11.20,false
15,1,5,1,0,1000,102,10.20,false
15,1,5,1,1,1000,84,8.40,false
15,1,5,2,2,1000,66,6.60,false
15,1,6,0,0,1000,147,14.70,false
15,1,6,0,1,1000,109,10.90,false
15,1,6,1,0,1000,112,11.20,false
15,1,6,1,1,1000,71,7.10,false
15,1,6,2,2,1000,53,5.30,false
15,1,7,0,0,1000,156,15.60,true
15,1,7,0,1,1000,115,11.50,true
15,1,7,1,0,1000,125,12.50,true
15,1,7,1,1,1000,93,9.30,true
15,1,7,2,2,1000,64,6.40,true
15,1,8,0,0,1000,165,16.50,true
15,1,8,0,1,1000,118,11.80,true
15,1,8,1,0,1000,116,11.60,true
15,1,8,1,1,1000,80,8.00,true
15,1,8,2,2,1000,57,5.70,true
15,1,9,0,0,1000,158,15.80,false
15,1,9,0,1,1000,103,10.30,false
15,1,9,1,0,1000,109,10.90,false
15,1,9,1,1,1000,94,9.40,false
15,1,9,2,2,1000,64,6.40,false
15,1,10,0,0,1000,134,13.40,false
15,1,10,0,1,1000,120,12.00,false
15,1,10,1,0,1000,103,10.30,false
15,1,10,1,1,1000,76,7.60,false
15,1,10,2,2,1000,64,6.40,false
15,1,11,0,0,1000,157,15.70,true
15,1,11,0,1,1000,122,12.20,true
15,1,11,1,0,1000,116,11.60,true
15,1,11,1,1,1000,106,10.60,true
15,1,11,2,2,1000,53,5.30,true
15,1,12,0,0,1000,154,15.40,false
15,1,12,0,1,1000,117,11.70,false
15,1,12,1,0,1000,121,12.10,false
15,1,12,1,1,1000,81,8.10,false
15,1,12,2,2,1000,57,5.70,false
15,1,13,0,0,1000,164,16.40,true
15,1,13,0,1,1000,117,11.70,true
15,1,13,1,0,1000,119,11.90,true
15,1,13,1,1,1000,78,7.80,true
15,1,13,2,2,1000,46,4.60,true
15,1,14,0,0,1000,150,15.00,true
15,1,14,0,1,1000,122,12.20,true
15,1,14,1,0,1000,102,10.20,true
15,1,14,1,1,1000,77,7.70,true
15,1,14,2,2,1000,63,6.30,true
15,2,1,0,0,1000,159,15.90,true
15,2,1,0,1,1000,109,10.90,true
15,2,1,1,0,1000,108,10.80,true
15,2,1,1,1,1000,84,8.40,true
15,2,1,2,2,1000,57,5.70,true
15,2,3,0,0,1000,151,15.10,false
15,2,3,0,1,1000,118,11.80,false
15,2,3,1,0,1000,114,11.40,false
15,2,3,1,1,1000,82,8.20,false
15,2,3,2,2,1000,53,5.30,false
15,2,4,0,0,1000,156,15.60,true
15,2,4,0,1,1000,106,10.60,true
15,2,4,1,0,1000,116,11.60,true
15,2,4,1,1,1000,90,9.00,true
15,2,4,2,2,1000,55,5.50,true
15,2,5,0,0,1000,159,15.90,false
15,2,5,0,1,1000,104,10.40,false
15,2,5,1,0,1000,96,9.60,false
15,2,5,1,1,1000,89,8.90,false
15,2,5,2,2,1000,51,5.10,false
15,2,6,0,0,1000,155,15.50,false
15,2,6,0,1,1000,111,11.10,false
15,2,6,1,0,1000,109,10.90,false
15,2,6,1,1,1000,81,8.10,false
15,2,6,2,2,1000,54,5.40,false
15,2,7,0,0,1000,143,14.30,true
15,2,7,0,1,1000,112,11.20,true
15,2,7,1,0,1000,111,11.10,true
15,2,7,1,1,1000,81,8.10,true
15,2,7,2,2,1000,51,5.10,true
15,2,8,0,0,1000,150,15.00,true
15,2,8,0,1,1000,106,10.60,true
15,2,8,1,0,1000,110,11.00,true
15,2,8,1,1,1000,102,10.20,true
15,2,8,2,2,1000,54,5.40,true
15,2,9,0,0,1000,152,15.20,false
15,2,9,0,1,1000,116,11.60,false
15,2,9,1,0,1000,126,12.60,false
15,2,9,1,1,1000,83,8.30,false
15,2,9,2,2,1000,51,5.10,false
15,2,10,0,0,1000,150,15.00,false
15,2,10,0,1,1000,121,12.10,false
15,2,10,1,0,1000,108,10.80,false
15,2,10,1,1,1000,88,8.80,false
15,2,10,2,2,1000,57,5.70,false
15,2,11,0,0,1000,159,15.90,true
15,2,11,0,1,1000,115,11.50,true
15,2,11,1,0,1000,114,11.40,true
15,2,11,1,1,1000,85,8.50,true
15,2,11,2,2,1000,49,4.90,true
15,2,12,0,0,1000,151,15.10,false
15,2,12,0,1,1000,112,11.20,false
15,2,12,1,0,1000,104,10.40,false
15,2,12,1,1,1000,87,8.70,false
15,2,12,2,2,1000,51,5.10,false
15,2,13,0,0,1000,151,15.10,true
15,2,13,0,1,1000,100,10.00,true
15,2,13,1,0,1000,105,10.50,true
15,2,13,1,1,1000,98,9.80,true
15,2,13,2,2,1000,50,5.00,true
15,2,14,0,0,1000,153,15.30,true
15,2,14,0,1,1000,104,10.40,true
15,2,14,1,0,1000,104,10.40,true
15,2,14,1,1,1000,86,8.60,true
15,2,14,2,2,1000,58,5.80,true
15,3,1,0,0,1000,0,0.00,false
15,3,1,0,1,1000,0,0.00,false
15,3,1,1,0,1000,0,0.00,false
15,3,1,1,1,1000,0,0.00,false
15,3,1,2,2,1000,0,0.00,false
15,3,2,0,0,1000,0,0.00,false
15,3,2,0,1,1000,0,0.00,false
15,3,2,1,0,1000,0,0.00,false
15,3,2,1,1,1000,0,0.00,false
15,3,2,2,2,1000,0,0.00,false
15,3,4,0,0,1000,0,0.00,false
15,3,4,0,1,1000,0,0.00,false
15,3,4,1,0,1000,0,0.00,false
15,3,4,1,1,1000,0,0.00,false
15,3,4,2,2,1000,0,0.00,false
15,3,5,0,0,1000,0,0.00,false
15,3,5,0,1,1000,0,0.00,false
15,3,5,1,0,1000,0,0.00,false
15,3,5,1,1,1000,0,0.00,false
15,3,5,2,2,1000,0,0.00,false
15,3,6,0,0,1000,0,0.00,false
15,3,6,0,1,1000,0,0.00,false
15,3,6,1,0,1000,0,0.00,false
15,3,6,1,1,1000,0,0.00,false
15,3,6,2,2,1000,0,0.00,false
15,3,7,0,0,1000,0,0.00,false
15,3,7,0,1,1000,0,0.00,false
15,3,7,1,0,1000,0,0.00,false
15,3,7,1,1,1000,0,0.00,false
15,3,7,2,2,1000,0,0.00,false
15,3,8,0,0,1000,0,0.00,false
15,3,8,0,1,1000,0,0.00,false
15,3,8,1,0,1000,0,0.00,false
15,3,8,1,1,1000,0,0.00,false
15,3,8,2,2,1000,0,0.00,false
15,3,9,0,0,1000,0,0.00,false
15,3,9,0,1,1000,0,0.00,false
15,3,9,1,0,1000,0,0.00,false
15,3,9,1,1,1000,0,0.00,false
15,3,9,2,2,1000,0,0.00,false
15,3,10,0,0,1000,0,0.00,false
15,3,10,0,1,1000,0,0.00,false
15,3,10,1,0,1000,0,0.00,false
15,3,10,1,1,1000,0,0.00,false
15,3,10,2,2,1000,0,0.00,false
15,3,11,0,0,1000,0,0.00,false
15,3,11,0,1,1000,0,0.00,false
15,3,11,1,0,1000,0,0.00,false
15,3,11,1,1,1000,0,0.00,false
15,3,11,2,2,1000,0,0.00,false
15,3,12,0,0,1000,0,0.00,false
15,3,12,0,1,1000,0,0.00,false
15,3,12,1,0,1000,0,0.00,false
15,3,12,1,1,1000,0,0.00,false
15,3,12,2,2,1000,0,0.00,false
15,3,13,0,0,1000,0,0.00,false
15,3,13,0,1,1000,0,0.00,false
15,3,13,1,0,1000,0,0.00,false
15,3,13,1,1,1000,0,0.00,false
15,3,13,2,2,1000,0,0.00,false
15,3,14,0,0,1000,0,0.00,false
15,3,14,0,1,1000,0,0.00,false
15,3,14,1,0,1000,0,0.00,false
15,3,14,1,1,1000,0,0.00,false
15,3,14,2,2,1000,0,0.00,false
15,4,1,0,0,1000,150,15.00,true
15,4,1,0,1,1000,110,11.00,true
15,4,1,1,0,1000,111,11.10,true
15,4,1,1,1,1000,97,9.70,true
15,4,1,2,2,1000,61,6.10,true
15,4,2,0,0,1000,146,14.60,true
15,4,2,0,1,1000,104,10.40,true
15,4,2,1,0,1000,100,10.00,true
15,4,2,1,1,1000,93,9.30,true
15,4,2,2,2,1000,48,4.80,true
15,4,3,0,0,1000,146,14.60,false
15,4,3,0,1,1000,120,12.00,false
15,4,3,1,0,1000,108,10.80,false
15,4,3,1,1,1000,79,7.90,false
15,4,3,2,2,1000,48,4.80,false
15,4,5,0,0,1000,145,14.50,false
15,4,5,0,1,1000,119,11.90,false
15,4,5,1,0,1000,103,10.30,false
15,4,5,1,1,1000,78,7.80,false
15,4,5,2,2,1000,57,5.70,false
15,4,6,0,0,1000,141,14.10,false
15,4,6,0,1,1000,99,9.90,false
15,4,6,1,0,1000,111,11.10,false
15,4,6,1,1,1000,84,8.40,false
15,4,6,2,2,1000,66,6.60,false
15,4,7,0,0,1000,136,13.60,true
15,4,7,0,1,1000,100,10.00,true
15,4,7,1,0,1000,106,10.60,true
15,4,7,1,1,1000,80,8.00,true
15,4,7,2,2,1000,59,5.90,true
15,4,8,0,0,1000,145,14.50,true
15,4,8,0,1,1000,100,10.00,true
15,4,8,1,0,1000,107,10.70,true
15,4,8,1,1,1000,81,8.10,true
15,4,8,2,2,1000,57,5.70,true
15,4,9,0,0,1000,161,16.10,false
15,4,9,0,1,1000,110,11.00,false
15,4,9,1,0,1000,96,9.60,false
15,4,9,1,1,1000,81,8.10,false
15,4,9,2,2,1000,60,6.00,false
15,4,10,0,0,1000,143,14.30,false
15,4,10,0,1,1000,109,10.90,false
15,4,10,1,0,1000,105,10.50,false
15,4,10,1,1,1000,66,6.60,false
15,4,10,2,2,1000,62,6.20,false
15,4,11,0,0,1000,159,15.90,true
15,4,11,0,1,1000,96,9.60,true
15,4,11,1,0,1000,104,10.40,true
15,4,11,1,1,1000,79,7.90,true
15,4,11,2,2,1000,64,6.40,true
15,4,12,0,0,1000,143,14.30,false
15,4,12,0,1,1000,111,11.10,false
15,4,12,1,0,1000,114,11.40,false
15,4,12,1,1,1000,84,8.40,false
15,4,12,2,2,1000,54,5.40,false
15,4,13,0,0,1000,148,14.80,true
15,4,13,0,1,1000,109,10.90,true
15,4,13,1,0,1000,119,11.90,true
15,4,13,1,1,1000,86,8.60,true
15,4,13,2,2,1000,55,5.50,true
15,4,14,0,0,1000,138,13.80,true
15,4,14,0,1,1000,109,10.90,true
15,4,14,1,0,1000,105,10.50,true
15,4,14,1,1,1000,74,7.40,true
15,4,14,2,2,1000,54,5.40,true
15,5,1,0,0,1000,0,0.00,false
15,5,1,0,1,1000,0,0.00,false
15,5,1,1,0,1000,0,0.00,false
15,5,1,1,1,1000,0,0.00,false
15,5,1,2,2,1000,0,0.00,false
15,5,2,0,0,1000,0,0.00,false
15,5,2,0,1,1000,0,0.00,false
15,5,2,1,0,1000,0,0.00,false
15,5,2,1,1,1000,0,0.00,false
15,5,2,2,2,1000,0,0.00,false
15,5,3,0,0,1000,0,0.00,false
15,5,3,0,1,1000,0,0.00,false
15,5,3,1,0,1000,0,0.00,false
15,5,3,1,1,1000,0,0.00,false
15,5,3,2,2,1000,0,0.00,false
15,5,4,0,0,1000,0,0.00,false
15,5,4,0,1,1000,0,0.00,false
15,5,4,1,0,1000,0,0.00,false
15,5,4,1,1,1000,0,0.00,false
15,5,4,2,2,1000,0,0.00,false
15,5,6,0,0,1000,0,0.00,false
15,5,6,0,1,1000,0,0.00,false
15,5,6,1,0,1000,0,0.00,false
15,5,6,1,1,1000,0,0.00,false
15,5,6,2,2,1000,0,0.00,false
15,5,7,0,0,1000,0,0.00,false
15,5,7,0,1,1000,0,0.00,false
15,5,7,1,0,1000,0,0.00,false
15,5,7,1,1,1000,0,0.00,false
15,5,7,2,2,1000,0,0.00,false
15,5,8,0,0,1000,0,0.00,false
15,5,8,0,1,1000,0,0.00,false
15,5,8,1,0,1000,0,0.00,false
15,5,8,1,1,1000,0,0.00,false
15,5,8,2,2,1000,0,0.00,false
15,5,9,0,0,1000,0,0.00,false
15,5,9,0,1,1000,0,0.00,false
15,5,9,1,0,1000,0,0.00,false
15,5,9,1,1,1000,0,0.00,false
15,5,9,2,2,1000,0,0.00,false
15,5,10,0,0,1000,0,0.00,false
15,5,10,0,1,1000,0,0.00,false
15,5,10,1,0,1000,0,0.00,false
15,5,10,1,1,1000,0,0.00,false
15,5,10,2,2,1000,0,0.00,false
15,5,11,0,0,1000,0,0.00,false
15,5,11,0,1,1000,0,0.00,false
15,5,11,1,0,1000,0,0.00,false
15,5,11,1,1,1000,0,0.00,false
15,5,11,2,2,1000,0,0.00,false
15,5,12,0,0,1000,0,0.00,false
15,5,12,0,1,1000,0,0.00,false
15,5,12,1,0,1000,0,0.00,false
15,5,12,1,1,1000,0,0.00,false
15,5,12,2,2,1000,0,0.00,false
15,5,13,0,0,1000,0,0.00,false
15,5,13,0,1,1000,0,0.00,false
15,5,13,1,0,1000,0,0.00,false
15,5,13,1,1,1000,0,0.00,false
15,5,13,2,2,1000,0,0.00,false
15,5,14,0,0,1000,0,0.00,false
15,5,14,0,1,1000,0,0.00,false
15,5,14,1,0,1000,0,0.00,false
15,5,14,1,1,1000,0,0.00,false
15,5,14,2,2,1000,0,0.00,false
15,6,1,0,0,1000,0,0.00,false
15,6,1,0,1,1000,0,0.00,false
15,6,1,1,0,1000,0,0.00,false
15,6,1,1,1,1000,0,0.00,false
15,6,1,2,2,1000,0,0.00,false
15,6,2,0,0,1000,0,0.00,false
15,6,2,0,1,1000,0,0.00,false
15,6,2,1,0,1000,0,0.00,false
15,6,2,1,1,1000,0,0.00,false
15,6,2,2,2,1000,0,0.00,false
15,6,3,0,0,1000,0,0.00,false
15,6,3,0,1,1000,0,0.00,false
15,6,3,1,0,1000,0,0.00,false
15,6,3,1,1,1000,0,0.00,false
15,6,3,2,2,1000,0,0.00,false
15,6,4,0,0,1000,0,0.00,false
15,6,4,0,1,1000,0,0.00,false
15,6,4,1,0,1000,0,0.00,false
15,6,4,1,1,1000,0,0.00,false
15,6,4,2,2,1000,0,0.00,false
15,6,5,0,0,1000,0,0.00,false
15,6,5,0,1,1000,0,0.00,false
15,6,5,1,0,1000,0,0.00,false
15,6,5,1,1,1000,0,0.00,false
15,6,5,2,2,1000,0,0.00,false
15,6,7,0,0,1000,0,0.00,false
15,6,7,0,1,1000,0,0.00,false
15,6,7,1,0,1000,0,0.00,false
15,6,7,1,1,1000,0,0.00,false
15,6,7,2,2,1000,0,0.00,false
15,6,8,0,0,1000,0,0.00,false
15,6,8,0,1,1000,0,0.00,false
15,6,8,1,0,1000,0,0.00,false
15,6,8,1,1,1000,0,0.00,false
15,6,8,2,2,1000,0,0.00,false
15,6,9,0,0,1000,0,0.00,false
15,6,9,0,1,1000,0,0.00,false
15,6,9,1,0,1000,0,0.00,false
15,6,9,1,1,1000,0,0.00,false
15,6,9,2,2,1000,0,0.00,false
15,6,10,0,0,1000,0,0.00,false
15,6,10,0,1,1000,0,0.00,false
15,6,10,1,0,1000,0,0.00,false
15,6,10,1,1,1000,0,0.00,false
15,6,10,2,2,1000,0,0.00,false
15,6,11,0,0,1000,0,0.00,false
15,6,11,0,1,1000,0,0.00,false
15,6,11,1,0,1000,0,0.00,false
15,6,11,1,1,1000,0,0.00,false
15,6,11,2,2,1000,0,0.00,false
15,6,12,0,0,1000,0,0.00,false
15,6,12,0,1,1000,0,0.00,false
15,6,12,1,0,1000,0,0.00,false
15,6,12,1,1,1000,0,0.00,false
15,6,12,2,2,1000,0,0.00,false
15,6,13,0,0,1000,0,0.00,false
15,6,13,0,1,1000,0,0.00,false
15,6,13,1,0,1000,0,0.00,false
15,6,13,1,1,1000,0,0.00,false
15,6,13,2,2,1000,0,0.00,false
15,6,14,0,0,1000,0,0.00,false
15,6,14,0,1,1000,0,0.00,false
15,6,14,1,0,1000,0,0.00,false
15,6,14,1,1,1000,0,0.00,false
15,6,14,2,2,1000,0,0.00,false
15,7,1,0,0,1000,147,14.70,true
15,7,1,0,1,1000,99,9.90,true
15,7,1,1,0,1000,88,8.80,true
15,7,1,1,1,1000,83,8.30,true
15,7,1,2,2,1000,56,5.60,true
15,7,2,0,0,1000,144,14.40,true
15,7,2,0,1,1000,100,10.00,true
15,7,2,1,0,1000,97,9.70,true
15,7,2,1,1,1000,78,7.80,true
15,7,2,2,2,1000,47,4.70,true
15,7,3,0,0,1000,151,15.10,false
15,7,3,0,1,1000,104,10.40,false
15,7,3,1,0,1000,98,9.80,false
15,7,3,1,1,1000,77,7.70,false
15,7,3,2,2,1000,40,4.00,false
15,7,4,0,0,1000,139,13.90,true
15,7,4,0,1,1000,105,10.50,true
15,7,4,1,0,1000,99,9.90,true
15,7,4,1,1,1000,74,7.40,true
15,7,4,2,2,1000,49,4.90,true
15,7,5,0,0,1000,139,13.90,false
15,7,5,0,1,1000,108,10.80,false
15,7,5,1,0,1000,96,9.60,false
15,7,5,1,1,1000,73,7.30,false
15,7,5,2,2,1000,57,5.70,false
15,7,6,0,0,1000,142,14.20,false
15,7,6,0,1,1000,106,10.60,false
15,7,6,1,0,1000,103,10.30,false
15,7,6,1,1,1000,76,7.60,false
15,7,6,2,2,1000,59,5.90,false
15,7,8,0,0,1000,146,14.60,true
15,7,8,0,1,1000,97,9.70,true
15,7,8,1,0,1000,102,10.20,true
15,7,8,1,1,1000,81,8.10,true
15,7,8,2,2,1000,61,6.10,true
15,7,9,0,0,1000,136,13.60,false
15,7,9,0,1,1000,108,10.80,false
15,7,9,1,0,1000,84,8.40,false
15,7,9,1,1,1000,77,7.70,false
15,7,9,2,2,1000,54,5.40,false
15,7,10,0,0,1000,152,15.20,false
15,7,10,0,1,1000,106,10.60,false
15,7,10,1,0,1000,102,10.20,false
15,7,10,1,1,1000,91,9.10,false
15,7,10,2,2,1000,55,5.50,false
15,7,11,0,0,1000,139,13.90,true
15,7,11,0,1,1000,115,11.50,true
15,7,11,1,0,1000,118,11.80,true
15,7,11,1,1,1000,72,7.20,true
15,7,11,2,2,1000,56,5.60,true
15,7,12,0,0,1000,147,14.70,false
15,7,12,0,1,1000,104,10.40,false
15,7,12,1,0,1000,98,9.80,false
15,7,12,1,1,1000,79,7.90,false
15,7,12,2,2,1000,48,4.80,false
15,7,13,0,0,1000,148,14.80,true
15,7,13,0,1,1000,101,10.10,true
15,7,13,1,0,1000,97,9.70,true
15,7,13,1,1,1000,92,9.20,true
15,7,13,2,2,1000,66,6.60,true
15,7,14,0,0,1000,150,15.00,true
15,7,14,0,1,1000,99,9.90,true
15,7,14,1,0,1000,108,10.80,true
15,7,14,1,1,1000,88,8.80,true
15,7,14,2,2,1000,46,4.60,true
15,8,1,0,0,1000,139,13.90,true
15,8,1,0,1,1000,95,9.50,true
15,8,1,1,0,1000,102,10.20,true
15,8,1,1,1,1000,84,8.40,true
15,8,1,2,2,1000,63,6.30,true
15,8,2,0,0,1000,134,13.40,true
15,8,2,0,1,1000,104,10.40,true
15,8,2,1,0,1000,99,9.90,true
15,8,2,1,1,1000,84,8.40,true
15,8,2,2,2,1000,58,5.80,true
15,8,3,0,0,1000,131,13.10,false
15,8,3,0,1,1000,102,10.20,false
15,8,3,1,0,1000,95,9.50,false
15,8,3,1,1,1000,85,8.50,false
15,8,3,2,2,1000,61,6.10,false
15,8,4,0,0,1000,135,13.50,true
15,8,4,0,1,1000,117,11.70,true
15,8,4,1,0,1000,94,9.40,true
15,8,4,1,1,1000,86,8.60,true
15,8,4,2,2,1000,56,5.60,true
15,8,5,0,0,1000,150,15.00,false
15,8,5,0,1,1000,111,11.10,false
15,8,5,1,0,1000,99,9.90,false
15,8,5,1,1,1000,83,8.30,false
15,8,5,2,2,1000,55,5.50,false
15,8,6,0,0,1000,134,13.40,false
15,8,6,0,1,1000,108,10.80,false
15,8,6,1,0,1000,104,10.40,false
15,8,6,1,1,1000,80,8.00,false
15,8,6,2,2,1000,52,5.20,false
15,8,7,0,0,1000,156,15.60,true
15,8,7,0,1,1000,97,9.70,true
15,8,7,1,0,1000,94,9.40,true
15,8,7,1,1,1000,82,8.20,true
15,8,7,2,2,1000,57,5.70,true
15,8,9,0,0,1000,136,13.60,false
15,8,9,0,1,1000,90,9.00,false
15,8,9,1,0,1000,100,10.00,false
15,8,9,1,1,1000,81,8.10,false
15,8,9,2,2,1000,60,6.00,false
15,8,10,0,0,1000,160,16.00,false
15,8,10,0,1,1000,104,10.40,false
15,8,10,1,0,1000,88,8.80,false
15,8,10,1,1,1000,83,8.30,false
15,8,10,2,2,1000,56,5.60,false
15,8,11,0,0,1000,150,15.00,true
15,8,11,0,1,1000,106,10.60,true
15,8,11,1,0,1000,93,9.30,true
15,8,11,1,1,1000,75,7.50,true
15,8,11,2,2,1000,51,5.10,true
15,8,12,0,0,1000,146,14.60,false
15,8,12,0,1,1000,102,10.20,false
15,8,12,1,0,1000,104,10.40,false
15,8,12,1,1,1000,79,7.90,false
15,8,12,2,2,1000,55,5.50,false
15,8,13,0,0,1000,147,14.70,true
15,8,13,0,1,1000,92,9.20,true
15,8,13,1,0,1000,106,10.60,true
15,8,13,1,1,1000,80,8.00,true
15,8,13,2,2,1000,61,6.10,true
15,8,14,0,0,1000,163,16.30,true
15,8,14,0,1,1000,97,9.70,true
15,8,14,1,0,1000,105,10.50,true
15,8,14,1,1,1000,68,6.80,true
15,8,14,2,2,1000,48,4.80,true
15,9,1,0,0,1000,0,0.00,false
15,9,1,0,1,1000,0,0.00,false
15,9,1,1,0,1000,0,0.00,false
15,9,1,1,1,1000,0,0.00,false
15,9,1,2,2,1000,0,0.00,false
15,9,2,0,0,1000,0,0.00,false
15,9,2,0,1,1000,0,0.00,false
15,9,2,1,0,1000,0,0.00,false
15,9,2,1,1,1000,0,0.00,false
15,9,2,2,2,1000,0,0.00,false
15,9,3,0,0,1000,0,0.00,false
15,9,3,0,1,1000,0,0.00,false
15,9,3,1,0,1000,0,0.00,false
15,9,3,1,1,1000,0,0.00,false
15,9,3,2,2,1000,0,0.00,false
15,9,4,0,0,1000,0,0.00,false
15,9,4,0,1,1000,0,0.00,false
15,9,4,1,0,1000,0,0.00,false
15,9,4,1,1,1000,0,0.00,false
15,9,4,2,2,1000,0,0.00,false
15,9,5,0,0,1000,0,0.00,false
15,9,5,0,1,1000,0,0.00,false
15,9,5,1,0,1000,0,0.00,false
15,9,5,1,1,1000,0,0.00,false
15,9,5,2,2,1000,0,0.00,false
15,9,6,0,0,1000,0,0.00,false
15,9,6,0,1,1000,0,0.00,false
15,9,6,1,0,1000,0,0.00,false
15,9,6,1,1,1000,0,0.00,false
15,9,6,2,2,1000,0,0.00,false
15,9,7,0,0,1000,0,0.00,false
15,9,7,0,1,1000,0,0.00,false
15,9,7,1,0,1000,0,0.00,false
15,9,7,1,1,1000,0,0.00,false
15,9,7,2,2,1000,0,0.00,false
15,9,8,0,0,1000,0,0.00,false
15,9,8,0,1,1000,0,0.00,false
15,9,8,1,0,1000,0,0.00,false
15,9,8,1,1,1000,0,0.00,false
15,9,8,2,2,1000,0,0.00,false
15,9,10,0,0,1000,0,0.00,false
15,9,10,0,1,1000,0,0.00,false
15,9,10,1,0,1000,0,0.00,false
15,9,10,1,1,1000,0,0.00,false
15,9,10,2,2,1000,0,0.00,false
15,9,11,0,0,1000,0,0.00,false
15,9,11,0,1,1000,0,0.00,false
15,9,11,1,0,1000,0,0.00,false
15,9,11,1,1,1000,0,0.00,false
15,9,11,2,2,1000,0,0.00,false
15,9,12,0,0,1000,0,0.00,false
15,9,12,0,1,1000,0,0.00,false
15,9,12,1,0,1000,0,0.00,false
15,9,12,1,1,1000,0,0.00,false
15,9,12,2,2,1000,0,0.00,false
15,9,13,0,0,1000,0,0.00,false
15,9,13,0,1,1000,0,0.00,false
15,9,13,1,0,1000,0,0.00,false
15,9,13,1,1,1000,0,0.00,false
15,9,13,2,2,1000,0,0.00,false
15,9,14,0,0,1000,0,0.00,false
15,9,14,0,1,1000,0,0.00,false
15,9,14,1,0,1000,0,0.00,false
15,9,14,1,1,1000,0,0.00,false
15,9,14,2,2,1000,0,0.00,false
15,10,1,0,0,1000,0,0.00,false
15,10,1,0,1,1000,0,0.00,false
15,10,1,1,0,1000,0,0.00,false
15,10,1,1,1,1000,0,0.00,false
15,10,1,2,2,1000,0,0.00,false
15,10,2,0,0,1000,0,0.00,false
15,10,2,0,1,1000,0,0.00,false
15,10,2,1,0,1000,0,0.00,false
15,10,2,1,1,1000,0,0.00,false
15,10,2,2,2,1000,0,0.00,false
15,10,3,0,0,1000,0,0.00,false
15,10,3,0,1,1000,0,0.00,false
15,10,3,1,0,1000,0,0.00,false
15,10,3,1,1,1000,0,0.00,false
15,10,3,2,2,1000,0,0.00,false
15,10,4,0,0,1000,0,0.00,false
15,10,4,0,1,1000,0,0.00,false
15,10,4,1,0,1000,0,0.00,false
15,10,4,1,1,1000,0,0.00,false
15,10,4,2,2,1000,0,0.00,false
15,10,5,0,0,1000,0,0.00,false
15,10,5,0,1,1000,0,0.00,false
15,10,5,1,0,1000,0,0.00,false
15,10,5,1,1,1000,0,0.00,false
15,10,5,2,2,1000,0,0.00,false
15,10,6,0,0,1000,0,0.00,false
15,10,6,0,1,1000,0,0.00,false
15,10,6,1,0,1000,0,0.00,false
15,10,6,1,1,1000,0,0.00,false
15,10,6,2,2,1000,0,0.00,false
15,10,7,0,0,1000,0,0.00,false
15,10,7,0,1,1000,0,0.00,false
15,10,7,1,0,1000,0,0.00,false
15,10,7,1,1,1000,0,0.00,false
15,10,7,2,2,1000,0,0.00,false
15,10,8,0,0,1000,0,0.00,false
15,10,8,0,1,1000,0,0.00,false
15,10,8,1,0,1000,0,0.00,false
15,10,8,1,1,1000,0,0.00,false
15,10,8,2,2,1000,0,0.00,false
15,10,9,0,0,1000,0,0.00,false
15,10,9,0,1,1000,0,0.00,false
15,10,9,1,0,1000,0,0.00,false
15,10,9,1,1,1000,0,0.00,false
15,10,9,2,2,1000,0,0.00,false
15,10,11,0,0,1000,0,0.00,false
15,10,11,0,1,1000,0,0.00,false
15,10,11,1,0,1000,0,0.00,false
15,10,11,1,1,1000,0,0.00,false
15,10,11,2,2,1000,0,0.00,false
15,10,12,0,0,1000,0,0.00,false
15,10,12,0,1,1000,0,0.00,false
15,10,12,1,0,1000,0,0.00,false
15,10,12,1,1,1000,0,0.00,false
15,10,12,2,2,1000,0,0.00,false
15,10,13,0,0,1000,0,0.00,false
15,10,13,0,1,1000,0,0.00,false
15,10,13,1,0,1000,0,0.00,false
15,10,13,1,1,1000,0,0.00,false
15,10,13,2,2,1000,0,0.00,false
15,10,14,0,0,1000,0,0.00,false
15,10,14,0,1,1000,0,0.00,false
15,10,14,1,0,1000,0,0.00,false
15,10,14,1,1,1000,0,0.00,false
15,10,14,2,2,1000,0,0.00,false
15,11,1,0,0,1000,139,13.90,true
15,11,1,0,1,1000,87,8.70,true
15,11,1,1,0,1000,95,9.50,true
15,11,1,1,1,1000,72,7.20,true
15,11,1,2,2,1000,55,5.50,true
15,11,2,0,0,1000,143,14.30,true
15,11,2,0,1,1000,106,10.60,true
15,11,2,1,0,1000,103,10.30,true
15,11,2,1,1,1000,74,7.40,true
15,11,2,2,2,1000,50,5.00,true
15,11,3,0,0,1000,130,13.00,false
15,11,3,0,1,1000,105,10.50,false
15,11,3,1,0,1000,106,10.60,false
15,11,3,1,1,1000,71,7.10,false
15,11,3,2,2,1000,48,4.80,false
15,11,4,0,0,1000,139,13.90,true
15,11,4,0,1,1000,95,9.50,true
15,11,4,1,0,1000,98,9.80,true
15,11,4,1,1,1000,80,8.00,true
15,11,4,2,2,1000,51,5.10,true
15,11,5,0,0,1000,141,14.10,false
15,11,5,0,1,1000,102,10.20,false
15,11,5,1,0,1000,97,9.70,false
15,11,5,1,1,1000,80,8.00,false
15,11,5,2,2,1000,55,5.50,false
15,11,6,0,0,1000,129,12.90,false
15,11,6,0,1,1000,97,9.70,false
15,11,6,1,0,1000,104,10.40,false
15,11,6,1,1,1000,86,8.60,false
15,11,6,2,2,1000,56,5.60,false
15,11,7,0,0,1000,147,14.70,true
15,11,7,0,1,1000,92,9.20,true
15,11,7,1,0,1000,95,9.50,true
15,11,7,1,1,1000,81,8.10,true
15,11,7,2,2,1000,52,5.20,true
15,11,8,0,0,1000,134,13.40,true
15,11,8,0,1,1000,108,10.80,true
15,11,8,1,0,1000,104,10.40,true
15,11,8,1,1,1000,77,7.70,true
15,11,8,2,2,1000,47,4.70,true
15,11,9,0,0,1000,143,14.30,false
15,11,9,0,1,1000,95,9.50,false
15,11,9,1,0,1000,102,10.20,false
15,11,9,1,1,1000,82,8.20,false
15,11,9,2,2,1000,58,5.80,false
15,11,10,0,0,1000,140,14.00,false
15,11,10,0,1,1000,98,9.80,false
15,11,10,1,0,1000,98,9.80,false
15,11,10,1,1,1000,80,8.00,false
15,11,10,2,2,1000,51,5.10,false
15,11,12,0,0,1000,147,14.70,false
15,11,12,0,1,1000,105,10.50,false
15,11,12,1,0,1000,102,10.20,false
15,11,12,1,1,1000,71,7.10,false
15,11,12,2,2,1000,49,4.90,false
15,11,13,0,0,1000,139,13.90,true
15,11,13,0,1,1000,97,9.70,true
15,11,13,1,0,1000,114,11.40,true
15,11,13,1,1,1000,71,7.10,true
15,11,13,2,2,1000,62,6.20,true
15,11,14,0,0,1000,128,12.80,true
15,11,14,0,1,1000,105,10.50,true
15,11,14,1,0,1000,94,9.40,true
15,11,14,1,1,1000,76,7.60,true
15,11,14,2,2,1000,66,6.60,true
15,12,1,0,0,1000,0,0.00,false
15,12,1,0,1,1000,0,0.00,false
15,12,1,1,0,1000,0,0.00,false
15,12,1,1,1,1000,0,0.00,false
15,12,1,2,2,1000,0,0.00,false
15,12,2,0,0,1000,0,0.00,false
15,12,2,0,1,1000,0,0.00,false
15,12,2,1,0,1000,0,0.00,false
15,12,2,1,1,1000,0,0.00,false
15,12,2,2,2,1000,0,0.00,false
15,12,3,0,0,1000,0,0.00,false
15,12,3,0,1,1000,0,0.00,false
15,12,3,1,0,1000,0,0.00,false
15,12,3,1,1,1000,0,0.00,false
15,12,3,2,2,1000,0,0.00,false
15,12,4,0,0,1000,0,0.00,false
15,12,4,0,1,1000,0,0.00,false
15,12,4,1,0,1000,0,0.00,false
15,12,4,1,1,1000,0,0.00,false
15,12,4,2,2,1000,0,0.00,false
15,12,5,0,0,1000,0,0.00,false
15,12,5,0,1,1000,0,0.00,false
15,12,5,1,0,1000,0,0.00,false
15,12,5,1,1,1000,0,0.00,false
15,12,5,2,2,1000,0,0.00,false
15,12,6,0,0,1000,0,0.00,false
15,12,6,0,1,1000,0,0.00,false
15,12,6,1,0,1000,0,0.00,false
15,12,6,1,1,1000,0,0.00,false
15,12,6,2,2,1000,0,0.00,false
15,12,7,0,0,1000,0,0.00,false
15,12,7,0,1,1000,0,0.00,false
15,12,7,1,0,1000,0,0.00,false
15,12,7,1,1,1000,0,0.00,false
15,12,7,2,2,1000,0,0.00,false
15,12,8,0,0,1000,0,0.00,false
15,12,8,0,1,1000,0,0.00,false
15,12,8,1,0,1000,0,0.00,false
15,12,8,1,1,1000,0,0.00,false
15,12,8,2,2,1000,0,0.00,false
15,12,9,0,0,1000,0,0.00,false
15,12,9,0,1,1000,0,0.00,false
15,12,9,1,0,1000,0,0.00,false
15,12,9,1,1,1000,0,0.00,false
15,12,9,2,2,1000,0,0.00,false
15,12,10,0,0,1000,0,0.00,false
15,12,10,0,1,1000,0,0.00,false
15,12,10,1,0,1000,0,0.00,false
15,12,10,1,1,1000,0,0.00,false
15,12,10,2,2,1000,0,0.00,false
15,12,11,0,0,1000,0,0.00,false
15,12,11,0,1,1000,0,0.00,false
15,12,11,1,0,1000,0,0.00,false
15,12,11,1,1,1000,0,0.00,false
15,12,11,2,2,1000,0,0.00,false
15,12,13,0,0,1000,0,0.00,false
15,12,13,0,1,1000,0,0.00,false
15,12,13,1,0,1000,0,0.00,false
15,12,13,1,1,1000,0,0.00,false
15,12,13,2,2,1000,0,0.00,false
15,12,14,0,0,1000,0,0.00,false
15,12,14,0,1,1000,0,0.00,false
15,12,14,1,0,1000,0,0.00,false
15,12,14,1,1,1000,0,0.00,false
15,12,14,2,2,1000,0,0.00,false
15,13,1,0,0,1000,130,13.00,true
15,13,1,0,1,1000,87,8.70,true
15,13,1,1,0,1000,106,10.60,true
15,13,1,1,1,1000,81,8.10,true
15,13,1,2,2,1000,45,4.50,true
15,13,2,0,0,1000,135,13.50,true
15,13,2,0,1,1000,99,9.90,true
15,13,2,1,0,1000,103,10.30,true
15,13,2,1,1,1000,67,6.70,true
15,13,2,2,2,1000,50,5.00,true
15,13,3,0,0,1000,147,14.70,false
15,13,3,0,1,1000,99,9.90,false
15,13,3,1,0,1000,93,9.30,false
15,13,3,1,1,1000,83,8.30,false
15,13,3,2,2,1000,58,5.80,false
15,13,4,0,0,1000,141,14.10,true
15,13,4,0,1,1000,97,9.70,true
15,13,4,1,0,1000,108,10.80,true
15,13,4,1,1,1000,77,7.70,true
15,13,4,2,2,1000,54,5.40,true
15,13,5,0,0,1000,144,14.40,false
15,13,5,0,1,1000,104,10.40,false
15,13,5,1,0,1000,95,9.50,false
15,13,5,1,1,1000,84,8.40,false
15,13,5,2,2,1000,59,5.90,false
15,13,6,0,0,1000,134,13.40,false
15,13,6,0,1,1000,97,9.70,false
15,13,6,1,0,1000,90,9.00,false
15,13,6,1,1,1000,84,8.40,false
15,13,6,2,2,1000,49,4.90,false
15,13,7,0,0,1000,135,13.50,true
15,13,7,0,1,1000,91,9.10,true
15,13,7,1,0,1000,101,10.10,true
15,13,7,1,1,1000,79,7.90,true
15,13,7,2,2,1000,54,5.40,true
15,13,8,0,0,1000,127,12.70,true
15,13,8,0,1,1000,94,9.40,true
15,13,8,1,0,1000,95,9.50,true
15,13,8,1,1,1000,78,7.80,true
15,13,8,2,2,1000,56,5.60,true
15,13,9,0,0,1000,149,14.90,false
15,13,9,0,1,1000,103,10.30,false
15,13,9,1,0,1000,99,9.90,false
15,13,9,1,1,1000,90,9.00,false
15,13,9,2,2,1000,51,5.10,false
15,13,10,0,0,1000,130,13.00,false
15,13,10,0,1,1000,101,10.10,false
15,13,10,1,0,1000,114,11.40,false
15,13,10,1,1,1000,68,6.80,false
15,13,10,2,2,1000,53,5.30,false
15,13,11,0,0,1000,153,15.30,true
15,13,11,0,1,1000,85,8.50,true
15,13,11,1,0,1000,100,10.00,true
15,13,11,1,1,1000,81,8.10,true
15,13,11,2,2,1000,56,5.60,true
15,13,12,0,0,1000,138,13.80,false
15,13,12,0,1,1000,88,8.80,false
15,13,12,1,0,1000,103,10.30,false
15,13,12,1,1,1000,77,7.70,false
15,13,12,2,2,1000,54,5.40,false
15,13,14,0,0,1000,130,13.00,true
15,13,14,0,1,1000,105,10.50,true
15,13,14,1,0,1000,99,9.90,true
15,13,14,1,1,1000,68,6.80,true
15,13,14,2,2,1000,58,5.80,true
15,14,1,0,0,1000,129,12.90,true
15,14,1,0,1,1000,112,11.20,true
15,14,1,1,0,1000,93,9.30,true
15,14,1,1,1,1000,77,7.70,true
15,14,1,2,2,1000,57,5.70,true
15,14,2,0,0,1000,129,12.90,true
15,14,2,0,1,1000,101,10.10,true
15,14,2,1,0,1000,95,9.50,true
15,14,2,1,1,1000,84,8.40,true
15,14,2,2,2,1000,65,6.50,true
15,14,3,0,0,1000,142,14.20,false
15,14,3,0,1,1000,100,10.00,false
15,14,3,1,0,1000,93,9.30,false
15,14,3,1,1,1000,78,7.80,false
15,14,3,2,2,1000,55,5.50,false
15,14,4,0,0,1000,127,12.70,true
15,14,4,0,1,1000,111,11.10,true
15,14,4,1,0,1000,103,10.30,true
15,14,4,1,1,1000,75,7.50,true
15,14,4,2,2,1000,65,6.50,true
15,14,5,0,0,1000,143,14.30,false
15,14,5,0,1,1000,100,10.00,false
15,14,5,1,0,1000,106,10.60,false
15,14,5,1,1,1000,73,7.30,false
15,14,5,2,2,1000,62,6.20,false
15,14,6,0,0,1000,142,14.20,false
15,14,6,0,1,1000,91,9.10,false
15,14,6,1,0,1000,93,9.30,false
15,14,6,1,1,1000,62,6.20,false
15,14,6,2,2,1000,54,5.40,false
15,14,7,0,0,1000,136,13.60,true
15,14,7,0,1,1000,96,9.60,true
15,14,7,1,0,1000,78,7.80,true
15,14,7,1,1,1000,75,7.50,true
15,14,7,2,2,1000,48,4.80,true
15,14,8,0,0,1000,127,12.70,true
15,14,8,0,1,1000,101,10.10,true
15,14,8,1,0,1000,105,10.50,true
15,14,8,1,1,1000,76,7.60,true
15,14,8,2,2,1000,45,4.50,true
15,14,9,0,0,1000,132,13.20,false
15,14,9,0,1,1000,98,9.80,false
15,14,9,1,0,1000,100,10.00,false
15,14,9,1,1,1000,73,7.30,false
15,14,9,2,2,1000,51,5.10,false
15,14,10,0,0,1000,130,13.00,false
15,14,10,0,1,1000,95,9.50,false
15,14,10,1,0,1000,100,10.00,false
15,14,10,1,1,1000,73,7.30,false
15,14,10,2,2,1000,44,4.40,false
15,14,11,0,0,1000,132,13.20,true
15,14,11,0,1,1000,99,9.90,true
15,14,11,1,0,1000,89,8.90,true
15,14,11,1,1,1000,74,7.40,true
15,14,11,2,2,1000,53,5.30,true
15,14,12,0,0,1000,141,14.10,false
15,14,12,0,1,1000,102,10.20,false
15,14,12,1,0,1000,92,9.20,false
15,14,12,1,1,1000,76,7.60,false
15,14,12,2,2,1000,48,4.80,false
15,14,13,0,0,1000,151,15.10,true
15,14,13,0,1,1000,102,10.20,true
15,14,13,1,0,1000,99,9.90,true
15,14,13,1,1,1000,73,7.30,true
15,14,13,2,2,1000,51,5.10,true
16,1,2,0,0,1000,164,16.40,false
16,1,2,0,1,1000,122,12.20,false
16,1,2,1,0,1000,110,11.00,false
16,1,2,1,1,1000,89,8.90,false
16,1,2,2,2,1000,68,6.80,false
16,1,3,0,0,1000,166,16.60,true
16,1,3,0,1,1000,120,12.00,true
16,1,3,1,0,1000,136,13.60,true
16,1,3,1,1,1000,96,9.60,true
16,1,3,2,2,1000,53,5.30,true
16,1,4,0,0,1000,153,15.30,false
16,1,4,0,1,1000,116,11.60,false
16,1,4,1,0,1000,117,11.70,false
16,1,4,1,1,1000,90,9.00,false
16,1,4,2,2,1000,50,5.00,false
16,1,5,0,0,1000,168,16.80,true
16,1,5,0,1,1000,124,12.40,true
16,1,5,1,0,1000,112,11.20,true
16,1,5,1,1,1000,101,10.10,true
16,1,5,2,2,1000,55,5.50,true
16,1,6,0,0,1000,163,16.30,false
16,1,6,0,1,1000,127,12.70,false
16,1,6,1,0,1000,117,11.70,false
16,1,6,1,1,1000,90,9.00,false
16,1,6,2,2,1000,64,6.40,false
16,1,7,0,0,1000,164,16.40,true
16,1,7,0,1,1000,116,11.60,true
16,1,7,1,0,1000,110,11.00,true
16,1,7,1,1,1000,98,9.80,true
16,1,7,2,2,1000,66,6.60,true
16,1,8,0,0,1000,155,15.50,false
16,1,8,0,1,1000,108,10.80,false
16,1,8,1,0,1000,116,11.60,false
16,1,8,1,1,1000,110,11.00,false
16,1,8,2,2,1000,67,6.70,false
16,1,9,0,0,1000,161,16.10,true
16,1,9,0,1,1000,104,10.40,true
16,1,9,1,0,1000,101,10.10,true
16,1,9,1,1,1000,79,7.90,true
16,1,9,2,2,1000,61,6.10,true
16,1,10,0,0,1000,160,16.00,false
16,1,10,0,1,1000,109,10.90,false
16,1,10,1,0,1000,121,12.10,false
16,1,10,1,1,1000,101,10.10,false
16,1,10,2,2,1000,72,7.20,false
16,1,11,0,0,1000,147,14.70,true
16,1,11,0,1,1000,113,11.30,true
16,1,11,1,0,1000,118,11.80,true
16,1,11,1,1,1000,95,9.50,true
16,1,11,2,2,1000,56,5.60,true
16,1,12,0,0,1000,170,17.00,false
16,1,12,0,1,1000,113,11.30,false
16,1,12,1,0,1000,119,11.90,false
16,1,12,1,1,1000,94,9.40,false
16,1,12,2,2,1000,61,6.10,false
16,1,13,0,0,1000,169,16.90,true
16,1,13,0,1,1000,121,12.10,true
16,1,13,1,0,1000,133,13.30,true
16,1,13,1,1,1000,89,8.90,true
16,1,13,2,2,1000,64,6.40,true
16,1,14,0,0,1000,162,16.20,false
16,1,14,0,1,1000,110,11.00,false
16,1,14,1,0,1000,123,12.30,false
16,1,14,1,1,1000,99,9.90,false
16,1,14,2,2,1000,70,7.00,false
16,1,15,0,0,1000,162,16.20,true
16,1,15,0,1,1000,123,12.30,true
16,1,15,1,0,1000,130,13.00,true
16,1,15,1,1,1000,105,10.50,true
16,1,15,2,2,1000,62,6.20,true
16,2,1,0,0,1000,0,0.00,false
16,2,1,0,1,1000,0,0.00,false
16,2,1,1,0,1000,0,0.00,false
16,2,1,1,1,1000,0,0.00,false
16,2,1,2,2,1000,0,0.00,false
16,2,3,0,0,1000,0,0.00,false
16,2,3,0,1,1000,0,0.00,false
16,2,3,1,0,1000,0,0.00,false
16,2,3,1,1,1000,0,0.00,false
16,2,3,2,2,1000,0,0.00,false
16,2,4,0,0,1000,0,0.00,false
16,2,4,0,1,1000,0,0.00,false
16,2,4,1,0,1000,0,0.00,false
16,2,4,1,1,1000,0,0.00,false
16,2,4,2,2,1000,0,0.00,false
16,2,5,0,0,1000,0,0.00,false
16,2,5,0,1,1000,0,0.00,false
16,2,5,1,0,1000,0,0.00,false
16,2,5,1,1,1000,0,0.00,false
16,2,5,2,2,1000,0,0.00,false
16,2,6,0,0,1000,0,0.00,false
16,2,6,0,1,1000,0,0.00,false
16,2,6,1,0,1000,0,0.00,false
16,2,6,1,1,1000,0,0.00,false
16,2,6,2,2,1000,0,0.00,false
16,2,7,0,0,1000,0,0.00,false
16,2,7,0,1,1000,0,0.00,false
16,2,7,1,0,1000,0,0.00,false
16,2,7,1,1,1000,0,0.00,false
16,2,7,2,2,1000,0,0.00,false
16,2,8,0,0,1000,0,0.00,false
16,2,8,0,1,1000,0,0.00,false
16,2,8,1,0,1000,0,0.00,false
16,2,8,1,1,1000,0,0.00,false
16,2,8,2,2,1000,0,0.00,false
16,2,9,0,0,1000,0,0.00,false
16,2,9,0,1,1000,0,0.00,false
16,2,9,1,0,1000,0,0.00,false
16,2,9,1,1,1000,0,0.00,false
16,2,9,2,2,1000,0,0.00,false
16,2,10,0,0,1000,0,0.00,false
16,2,10,0,1,1000,0,0.00,false
16,2,10,1,0,1000,0,0.00,false
16,2,10,1,1,1000,0,0.00,false
16,2,10,2,2,1000,0,0.00,false
16,2,11,0,0,1000,0,0.00,false
16,2,11,0,1,1000,0,0.00,false
16,2,11,1,0,1000,0,0.00,false
16,2,11,1,1,1000,0,0.00,false
16,2,11,2,2,1000,0,0.00,false
16,2,12,0,0,1000,0,0.00,false
16,2,12,0,1,1000,0,0.00,false
16,2,12,1,0,1000,0,0.00,false
16,2,12,1,1,1000,0,0.00,false
16,2,12,2,2,1000,0,0.00,false
16,2,13,0,0,1000,0,0.00,false
16,2,13,0,1,1000,0,0.00,false
16,2,13,1,0,1000,0,0.00,false
16,2,13,1,1,1000,0,0.00,false
16,2,13,2,2,1000,0,0.00,false
16,2,14,0,0,1000,0,0.00,false
16,2,14,0,1,1000,0,0.00,false
16,2,14,1,0,1000,0,0.00,false
16,2,14,1,1,1000,0,0.00,false
16,2,14,2,2,1000,0,0.00,false
16,2,15,0,0,1000,0,0.00,false
16,2,15,0,1,1000,0,0.00,false
16,2,15,1,0,1000,0,0.00,false
16,2,15,1,1,1000,0,0.00,false
16,2,15,2,2,1000,0,0.00,false
16,3,1,0,0,1000,147,14.70,true
16,3,1,0,1,1000,125,12.50,true
16,3,1,1,0,1000,118,11.80,true
16,3,1,1,1,1000,84,8.40,true
16,3,1,2,2,1000,62,6.20,true
16,3,2,0,0,1000,151,15.10,false
16,3,2,0,1,1000,104,10.40,false
16,3,2,1,0,1000,114,11.40,false
16,3,2,1,1,1000,80,8.00,false
16,3,2,2,2,1000,64,6.40,false
16,3,4,0,0,1000,169,16.90,false
16,3,4,0,1,1000,114,11.40,false
16,3,4,1,0,1000,118,11.80,false
16,3,4,1,1,1000,77,7.70,false
16,3,4,2,2,1000,61,6.10,false
16,3,5,0,0,1000,162,16.20,true
16,3,5,0,1,1000,114,11.40,true
16,3,5,1,0,1000,110,11.00,true
16,3,5,1,1,1000,79,7.90,true
16,3,5,2,2,1000,60,6.00,true
16,3,6,0,0,1000,165,16.50,false
16,3,6,0,1,1000,120,12.00,false
16,3,6,1,0,1000,114,11.40,false
16,3,6,1,1,1000,100,10.00,false
16,3,6,2,2,1000,57,5.70,false
16,3,7,0,0,1000,170,17.00,true
16,3,7,0,1,1000,113,11.30,true
16,3,7,1,0,1000,108,10.80,true
16,3,7,1,1,1000,81,8.10,true
16,3,7,2,2,1000,70,7.00,true
16,3,8,0,0,1000,160,16.00,false
16,3,8,0,1,1000,117,11.70,false
16,3,8,1,0,1000,114,11.40,false
16,3,8,1,1,1000,88,8.80,false
16,3,8,2,2,1000,54,5.40,false
16,3,9,0,0,1000,159,15.90,true
16,3,9,0,1,1000,108,10.80,true
16,3,9,1,0,1000,107,10.70,true
16,3,9,1,1,1000,85,8.50,true
16,3,9,2,2,1000,61,6.10,true
16,3,10,0,0,1000,162,16.20,false
16,3,10,0,1,1000,104,10.40,false
16,3,10,1,0,1000,103,10.30,false
16,3,10,1,1,1000,77,7.70,false
16,3,10,2,2,1000,54,5.40,false
16,3,11,0,0,1000,164,16.40,true
16,3,11,0,1,1000,103,10.30,true
16,3,11,1,0,1000,119,11.90,true
16,3,11,1,1,1000,83,8.30,true
16,3,11,2,2,1000,69,6.90,true
16,3,12,0,0,1000,146,14.60,false
16,3,12,0,1,1000,113,11.30,false
16,3,12,1,0,1000,113,11.30,false
16,3,12,1,1,1000,77,7.70,false
16,3,12,2,2,1000,66,6.60,false
16,3,13,0,0,1000,140,14.00,true
16,3,13,0,1,1000,104,10.40,true
16,3,13,1,0,1000,108,10.80,true
16,3,13,1,1,1000,87,8.70,true
16,3,13,2,2,1000,65,6.50,true
16,3,14,0,0,1000,172,17.20,false
16,3,14,0,1,1000,107,10.70,false
16,3,14,1,0,1000,124,12.40,false
16,3,14,1,1,1000,85,8.50,false
16,3,14,2,2,1000,54,5.40,false
16,3,15,0,0,1000,158,15.80,true
16,3,15,0,1,1000,113,11.30,true
16,3,15,1,0,1000,115,11.50,true
16,3,15,1,1,1000,93,9.30,true
16,3,15,2,2,1000,58,5.80,true
16,4,1,0,0,1000,0,0.00,false
16,4,1,0,1,1000,0,0.00,false
16,4,1,1,0,1000,0,0.00,false
16,4,1,1,1,1000,0,0.00,false
16,4,1,2,2,1000,0,0.00,false
16,4,2,0,0,1000,0,0.00,false
16,4,2,0,1,1000,0,0.00,false
16,4,2,1,0,1000,0,0.00,false
16,4,2,1,1,1000,0,0.00,false
16,4,2,2,2,1000,0,0.00,false
16,4,3,0,0,1000,0,0.00,false
16,4,3,0,1,1000,0,0.00,false
16,4,3,1,0,1000,0,0.00,false
16,4,3,1,1,1000,0,0.00,false
16,4,3,2,2,1000,0,0.00,false
16,4,5,0,0,1000,0,0.00,false
16,4,5,0,1,1000,0,0.00,false
16,4,5,1,0,1000,0,0.00,false
16,4,5,1,1,1000,0,0.00,false
16,4,5,2,2,1000,0,0.00,false
16,4,6,0,0,1000,0,0.00,false
16,4,6,0,1,1000,0,0.00,false
16,4,6,1,0,1000,0,0.00,false
16,4,6,1,1,1000,0,0.00,false
16,4,6,2,2,1000,0,0.00,false
16,4,7,0,0,1000,0,0.00,false
16,4,7,0,1,1000,0,0.00,false
16,4,7,1,0,1000,0,0.00,false
16,4,7,1,1,1000,0,0.00,false
16,4,7,2,2,1000,0,0.00,false
16,4,8,0,0,1000,0,0.00,false
16,4,8,0,1,1000,0,0.00,false
16,4,8,1,0,1000,0,0.00,false
16,4,8,1,1,1000,0,0.00,false
16,4,8,2,2,1000,0,0.00,false
16,4,9,0,0,1000,0,0.00,false
16,4,9,0,1,1000,0,0.00,false
16,4,9,1,0,1000,0,0.00,false
16,4,9,1,1,1000,0,0.00,false
16,4,9,2,2,1000,0,0.00,false
16,4,10,0,0,1000,0,0.00,false
16,4,10,0,1,1000,0,0.00,false
16,4,10,1,0,1000,0,0.00,false
16,4,10,1,1,1000,0,0.00,false
16,4,10,2,2,1000,0,0.00,false
16,4,11,0,0,1000,0,0.00,false
16,4,11,0,1,1000,0,0.00,false
16,4,11,1,0,1000,0,0.00,false
16,4,11,1,1,1000,0,0.00,false
16,4,11,2,2,1000,0,0.00,false
16,4,12,0,0,1000,0,0.00,false
16,4,12,0,1,1000,0,0.00,false
16,4,12,1,0,1000,0,0.00,false
16,4,12,1,1,1000,0,0.00,false
16,4,12,2,2,1000,0,0.00,false
16,4,13,0,0,1000,0,0.00,false
16,4,13,0,1,1000,0,0.00,false
16,4,13,1,0,1000,0,0.00,false
16,4,13,1,1,1000,0,0.00,false
16,4,13,2,2,1000,0,0.00,false
16,4,14,0,0,1000,0,0.00,false
16,4,14,0,1,1000,0,0.00,false
16,4,14,1,0,1000,0,0.00,false
16,4,14,1,1,1000,0,0.00,false
16,4,14,2,2,1000,0,0.00,false
16,4,15,0,0,1000,0,0.00,false
16,4,15,0,1,1000,0,0.00,false
16,4,15,1,0,1000,0,0.00,false
16,4,15,1,1,1000,0,0.00,false
16,4,15,2,2,1000,0,0.00,false
16,5,1,0,0,1000,173,17.30,true
16,5,1,0,1,1000,105,10.50,true
16,5,1,1,0,1000,115,11.50,true
16,5,1,1,1,1000,90,9.00,true
16,5,1,2,2,1000,52,5.20,true
16,5,2,0,0,1000,147,14.70,false
16,5,2,0,1,1000,107,10.70,false
16,5,2,1,0,1000,112,11.20,false
16,5,2,1,1,1000,97,9.70,false
16,5,2,2,2,1000,61,6.10,false
16,5,3,0,0,1000,164,16.40,true
16,5,3,0,1,1000,110,11.00,true
16,5,3,1,0,1000,104,10.40,true
16,5,3,1,1,1000,92,9.20,true
16,5,3,2,2,1000,69,6.90,true
16,5,4,0,0,1000,165,16.50,false
16,5,4,0,1,1000,120,12.00,false
16,5,4,1,0,1000,104,10.40,false
16,5,4,1,1,1000,84,8.40,false
16,5,4,2,2,1000,72,7.20,false
16,5,6,0,0,1000,160,16.00,false
16,5,6,0,1,1000,93,9.30,false
16,5,6,1,0,1000,109,10.90,false
16,5,6,1,1,1000,78,7.80,false
16,5,6,2,2,1000,65,6.50,false
16,5,7,0,0,1000,153,15.30,true
16,5,7,0,1,1000,111,11.10,true
16,5,7,1,0,1000,114,11.40,true
16,5,7,1,1,1000,78,7.80,true
16,5,7,2,2,1000,44,4.40,true
16,5,8,0,0,1000,165,16.50,false
16,5,8,0,1,1000,119,11.90,false
16,5,8,1,0,1000,109,10.90,false
16,5,8,1,1,1000,92,9.20,false
16,5,8,2,2,1000,60,6.00,false
16,5,9,0,0,1000,159,15.90,true
16,5,9,0,1,1000,114,11.40,true
16,5,9,1,0,1000,109,10.90,true
16,5,9,1,1,1000,86,8.60,true
16,5,9,2,2,1000,59,5.90,true
16,5,10,0,0,1000,149,14.90,false
16,5,10,0,1,1000,110,11.00,false
16,5,10,1,0,1000,103,10.30,false
16,5,10,1,1,1000,92,9.20,false
16,5,10,2,2,1000,55,5.50,false
16,5,11,0,0,1000,130,13.00,true
16,5,11,0,1,1000,123,12.30,true
16,5,11,1,0,1000,98,9.80,true
16,5,11,1,1,1000,82,8.20,true
16,5,11,2,2,1000,49,4.90,true
16,5,12,0,0,1000,154,15.40,false
16,5,12,0,1,1000,109,10.90,false
16,5,12,1,0,1000,112,11.20,false
16,5,12,1,1,1000,84,8.40,false
16,5,12,2,2,1000,61,6.10,false
16,5,13,0,0,1000,145,14.50,true
16,5,13,0,1,1000,91,9.10,true
16,5,13,1,0,1000,117,11.70,true
16,5,13,1,1,1000,81,8.10,true
16,5,13,2,2,1000,61,6.10,true
16,5,14,0,0,1000,160,16.00,false
16,5,14,0,1,1000,97,9.70,false
16,5,14,1,0,1000,104,10.40,false
16,5,14,1,1,1000,93,9.30,false
16,5,14,2,2,1000,56,5.60,false
16,5,15,0,0,1000,151,15.10,true
16,5,15,0,1,1000,97,9.70,true
16,5,15,1,0,1000,98,9.80,true
16,5,15,1,1,1000,77,7.70,true
16,5,15,2,2,1000,52,5.20,true
16,6,1,0,0,1000,0,0.00,false
16,6,1,0,1,1000,0,0.00,false
16,6,1,1,0,1000,0,0.00,false
16,6,1,1,1,1000,0,0.00,false
16,6,1,2,2,1000,0,0.00,false
16,6,2,0,0,1000,0,0.00,false
16,6,2,0,1,1000,0,0.00,false
16,6,2,1,0,1000,0,0.00,false
16,6,2,1,1,1000,0,0.00,false
16,6,2,2,2,1000,0,0.00,false
16,6,3,0,0,1000,0,0.00,false
16,6,3,0,1,1000,0,0.00,false
16,6,3,1,0,1000,0,0.00,false
16,6,3,1,1,1000,0,0.00,false
16,6,3,2,2,1000,0,0.00,false
16,6,4,0,0,1000,0,0.00,false
16,6,4,0,1,1000,0,0.00,false
16,6,4,1,0,1000,0,0.00,false
16,6,4,1,1,1000,0,0.00,false
16,6,4,2,2,1000,0,0.00,false
16,6,5,0,0,1000,0,0.00,false
16,6,5,0,1,1000,0,0.00,false
16,6,5,1,0,1000,0,0.00,false
16,6,5,1,1,1000,0,0.00,false
16,6,5,2,2,1000,0,0.00,false
16,6,7,0,0,1000,0,0.00,false
16,6,7,0,1,1000,0,0.00,false
16,6,7,1,0,1000,0,0.00,false
16,6,7,1,1,1000,0,0.00,false
16,6,7,2,2,1000,0,0.00,false
16,6,8,0,0,1000,0,0.00,false
16,6,8,0,1,1000,0,0.00,false
16,6,8,1,0,1000,0,0.00,false
16,6,8,1,1,1000,0,0.00,false
16,6,8,2,2,1000,0,0.00,false
16,6,9,0,0,1000,0,0.00,false
16,6,9,0,1,1000,0,0.00,false
16,6,9,1,0,1000,0,0.00,false
16,6,9,1,1,1000,0,0.00,false
16,6,9,2,2,1000,0,0.00,false
16,6,10,0,0,1000,0,0.00,false
16,6,10,0,1,1000,0,0.00,false
16,6,10,1,0,1000,0,0.00,false
16,6,10,1,1,1000,0,0.00,false
16,6,10,2,2,1000,0,0.00,false
16,6,11,0,0,1000,0,0.00,false
16,6,11,0,1,1000,0,0.00,false
16,6,11,1,0,1000,0,0.00,false
16,6,11,1,1,1000,0,0.00,false
16,6,11,2,2,1000,0,0.00,false
16,6,12,0,0,1000,0,0.00,false
16,6,12,0,1,1000,0,0.00,false
16,6,12,1,0,1000,0,0.00,false
16,6,12,1,1,1000,0,0.00,false
16,6,12,2,2,1000,0,0.00,false
16,6,13,0,0,1000,0,0.00,false
16,6,13,0,1,1000,0,0.00,false
16,6,13,1,0,1000,0,0.00,false
16,6,13,1,1,1000,0,0.00,false
16,6,13,2,2,1000,0,0.00,false
16,6,14,0,0,1000,0,0.00,false
16,6,14,0,1,1000,0,0.00,false
16,6,14,1,0,1000,0,0.00,false
16,6,14,1,1,1000,0,0.00,false
16,6,14,2,2,1000,0,0.00,false
16,6,15,0,0,1000,0,0.00,false
16,6,15,0,1,1000,0,0.00,false
16,6,15,1,0,1000,0,0.00,false
16,6,15,1,1,1000,0,0.00,false
16,6,15,2,2,1000,0,0.00,false
16,7,1,0,0,1000,149,14.90,true
16,7,1,0,1,1000,115,11.50,true
16,7,1,1,0,1000,99,9.90,true
16,7,1,1,1,1000,80,8.00,true
16,7,1,2,2,1000,47,4.70,true
16,7,2,0,0,1000,138,13.80,false
16,7,2,0,1,1000,100,10.00,false
16,7,2,1,0,1000,107,10.70,false
16,7,2,1,1,1000,75,7.50,false
16,7,2,2,2,1000,49,4.90,false
16,7,3,0,0,1000,143,14.30,true
16,7,3,0,1,1000,103,10.30,true
16,7,3,1,0,1000,114,11.40,true
16,7,3,1,1,1000,87,8.70,true
16,7,3,2,2,1000,56,5.60,true
16,7,4,0,0,1000,152,15.20,false
16,7,4,0,1,1000,111,11.10,false
16,7,4,1,0,1000,109,10.90,false
16,7,4,1,1,1000,87,8.70,false
16,7,4,2,2,1000,59,5.90,false
16,7,5,0,0,1000,158,15.80,true
16,7,5,0,1,1000,106,10.60,true
16,7,5,1,0,1000,109,10.90,true
16,7,5,1,1,1000,86,8.60,true
16,7,5,2,2,1000,49,4.90,true
16,7,6,0,0,1000,160,16.00,false
16,7,6,0,1,1000,114,11.40,false
16,7,6,1,0,1000,99,9.90,false
16,7,6,1,1,1000,76,7.60,false
16,7,6,2,2,1000,58,5.80,false
16,7,8,0,0,1000,135,13.50,false
16,7,8,0,1,1000,96,9.60,false
16,7,8,1,0,1000,100,10.00,false
16,7,8,1,1,1000,85,8.50,false
16,7,8,2,2,1000,55,5.50,false
16,7,9,0,0,1000,147,14.70,true
16,7,9,0,1,1000,116,11.60,true
16,7,9,1,0,1000,106,10.60,true
16,7,9,1,1,1000,74,7.40,true
16,7,9,2,2,1000,61,6.10,true
16,7,10,0,0,1000,146,14.60,false
16,7,10,0,1,1000,92,9.20,false
16,7,10,1,0,1000,111,11.10,false
16,7,10,1,1,1000,75,7.50,false
16,7,10,2,2,1000,57,5.70,false
16,7,11,0,0,1000,165,16.50,true
16,7,11,0,1,1000,112,11.20,true
16,7,11,1,0,1000,111,11.10,true
16,7,11,1,1,1000,89,8.90,true
16,7,11,2,2,1000,49,4.90,true
16,7,12,0,0,1000,162,16.20,false
16,7,12,0,1,1000,119,11.90,false
16,7,12,1,0,1000,92,9.20,false
16,7,12,1,1,1000,87,8.70,false
16,7,12,2,2,1000,56,5.60,false
16,7,13,0,0,1000,155,15.50,true
16,7,13,0,1,1000,101,10.10,true
16,7,13,1,0,1000,102,10.20,true
16,7,13,1,1,1000,78,7.80,true
16,7,13,2,2,1000,66,6.60,true
16,7,14,0,0,1000,150,15.00,false
16,7,14,0,1,1000,119,11.90,false
16,7,14,1,0,1000,115,11.50,false
16,7,14,1,1,1000,95,9.50,false
16,7,14,2,2,1000,55,5.50,false
16,7,15,0,0,1000,154,15.40,true
16,7,15,0,1,1000,103,10.30,true
16,7,15,1,0,1000,110,11.00,true
16,7,15,1,1,1000,88,8.80,true
16,7,15,2,2,1000,60,6.00,true
16,8,1,0,0,1000,0,0.00,false
16,8,1,0,1,1000,0,0.00,false
16,8,1,1,0,1000,0,0.00,false
16,8,1,1,1,1000,0,0.00,false
16,8,1,2,2,1000,0,0.00,false
16,8,2,0,0,1000,0,0.00,false
16,8,2,0,1,1000,0,0.00,false
16,8,2,1,0,1000,0,0.00,false
16,8,2,1,1,1000,0,0.00,false
16,8,2,2,2,1000,0,0.00,false
16,8,3,0,0,1000,0,0.00,false
16,8,3,0,1,1000,0,0.00,false
16,8,3,1,0,1000,0,0.00,false
16,8,3,1,1,1000,0,0.00,false
16,8,3,2,2,1000,0,0.00,false
16,8,4,0,0,1000,0,0.00,false
16,8,4,0,1,1000,0,0.00,false
16,8,4,1,0,1000,0,0.00,false
16,8,4,1,1,1000,0,0.00,false
16,8,4,2,2,1000,0,0.00,false
16,8,5,0,0,1000,0,0.00,false
16,8,5,0,1,1000,0,0.00,false
16,8,5,1,0,1000,0,0.00,false
16,8,5,1,1,1000,0,0.00,false
16,8,5,2,2,1000,0,0.00,false
16,8,6,0,0,1000,0,0.00,false
16,8,6,0,1,1000,0,0.00,false
16,8,6,1,0,1000,0,0.00,false
16,8,6,1,1,1000,0,0.00,false
16,8,6,2,2,1000,0,0.00,false
16,8,7,0,0,1000,0,0.00,false
16,8,7,0,1,1000,0,0.00,false
16,8,7,1,0,1000,0,0.00,false
16,8,7,1,1,1000,0,0.00,false
16,8,7,2,2,1000,0,0.00,false
16,8,9,0,0,1000,0,0.00,false
16,8,9,0,1,1000,0,0.00,false
16,8,9,1,0,1000,0,0.00,false
16,8,9,1,1,1000,0,0.00,false
16,8,9,2,2,1000,0,0.00,false
16,8,10,0,0,1000,0,0.00,false
16,8,10,0,1,1000,0,0.00,false
16,8,10,1,0,1000,0,0.00,false
16,8,10,1,1,1000,0,0.00,false
16,8,10,2,2,1000,0,0.00,false
16,8,11,0,0,1000,0,0.00,false
16,8,11,0,1,1000,0,0.00,false
16,8,11,1,0,1000,0,0.00,false
16,8,11,1,1,1000,0,0.00,false
16,8,11,2,2,1000,0,0.00,false
16,8,12,0,0,1000,0,0.00,false
16,8,12,0,1,1000,0,0.00,false
16,8,12,1,0,1000,0,0.00,false
16,8,12,1,1,1000,0,0.00,false
16,8,12,2,2,1000,0,0.00,false
16,8,13,0,0,1000,0,0.00,false
16,8,13,0,1,1000,0,0.00,false
16,8,13,1,0,1000,0,0.00,false
16,8,13,1,1,1000,0,0.00,false
16,8,13,2,2,1000,0,0.00,false
16,8,14,0,0,1000,0,0.00,false
16,8,14,0,1,1000,0,0.00,false
16,8,14,1,0,1000,0,0.00,false
16,8,14,1,1,1000,0,0.00,false
16,8,14,2,2,1000,0,0.00,false
16,8,15,0,0,1000,0,0.00,false
16,8,15,0,1,1000,0,0.00,false
16,8,15,1,0,1000,0,0.00,false
16,8,15,1,1,1000,0,0.00,false
16,8,15,2,2,1000,0,0.00,false
16,9,1,0,0,1000,155,15.50,true
16,9,1,0,1,1000,100,10.00,true
16,9,1,1,0,1000,107,10.70,true
16,9,1,1,1,1000,81,8.10,true
16,9,1,2,2,1000,68,6.80,true
16,9,2,0,0,1000,146,14.60,false
16,9,2,0,1,1000,99,9.90,false
16,9,2,1,0,1000,106,10.60,false
16,9,2,1,1,1000,83,8.30,false
16,9,2,2,2,1000,48,4.80,false
16,9,3,0,0,1000,146,14.60,true
16,9,3,0,1,1000,104,10.40,true
16,9,3,1,0,1000,108,10.80,true
16,9,3,1,1,1000,86,8.60,true
16,9,3,2,2,1000,57,5.70,true
16,9,4,0,0,1000,141,14.10,false
16,9,4,0,1,1000,118,11.80,false
16,9,4,1,0,1000,99,9.90,false
16,9,4,1,1,1000,90,9.00,false
16,9,4,2,2,1000,49,4.90,false
16,9,5,0,0,1000,139,13.90,true
16,9,5,0,1,1000,102,10.20,true
16,9,5,1,0,1000,103,10.30,true
16,9,5,1,1,1000,91,9.10,true
16,9,5,2,2,1000,57,5.70,true
16,9,6,0,0,1000,146,14.60,false
16,9,6,0,1,1000,113,11.30,false
16,9,6,1,0,1000,102,10.20,false
16,9,6,1,1,1000,74,7.40,false
16,9,6,2,2,1000,69,6.90,false
16,9,7,0,0,1000,146,14.60,true
16,9,7,0,1,1000,109,10.90,true
16,9,7,1,0,1000,111,11.10,true
16,9,7,1,1,1000,79,7.90,true
16,9,7,2,2,1000,51,5.10,true
16,9,8,0,0,1000,145,14.50,false
16,9,8,0,1,1000,111,11.10,false
16,9,8,1,0,1000,112,11.20,false
16,9,8,1,1,1000,81,8.10,false
16,9,8,2,2,1000,68,6.80,false
16,9,10,0,0,1000,144,14.40,false
16,9,10,0,1,1000,123,12.30,false
16,9,10,1,0,1000,99,9.90,false
16,9,10,1,1,1000,83,8.30,false
16,9,10,2,2,1000,57,5.70,false
16,9,11,0,0,1000,163,16.30,true
16,9,11,0,1,1000,106,10.60,true
16,9,11,1,0,1000,108,10.80,true
16,9,11,1,1,1000,73,7.30,true
16,9,11,2,2,1000,53,5.30,true
16,9,12,0,0,1000,144,14.40,false
16,9,12,0,1,1000,86,8.60,false
16,9,12,1,0,1000,113,11.30,false
16,9,12,1,1,1000,82,8.20,false
16,9,12,2,2,1000,59,5.90,false
16,9,13,0,0,1000,151,15.10,true
16,9,13,0,1,1000,97,9.70,true
16,9,13,1,0,1000,101,10.10,true
16,9,13,1,1,1000,89,8.90,true
16,9,13,2,2,1000,57,5.70,true
16,9,14,0,0,1000,154,15.40,false
16,9,14,0,1,1000,111,11.10,false
16,9,14,1,0,1000,99,9.90,false
16,9,14,1,1,1000,89,8.90,false
16,9,14,2,2,1000,50,5.00,false
16,9,15,0,0,1000,143,14.30,true
16,9,15,0,1,1000,106,10.60,true
16,9,15,1,0,1000,104,10.40,true
16,9,15,1,1,1000,73,7.30,true
16,9,15,2,2,1000,50,5.00,true
16,10,1,0,0,1000,0,0.00,false
16,10,1,0,1,1000,0,0.00,false
16,10,1,1,0,1000,0,0.00,false
16,10,1,1,1,1000,0,0.00,false
16,10,1,2,2,1000,0,0.00,false
16,10,2,0,0,1000,0,0.00,false
16,10,2,0,1,1000,0,0.00,false
16,10,2,1,0,1000,0,0.00,false
16,10,2,1,1,1000,0,0.00,false
16,10,2,2,2,1000,0,0.00,false
16,10,3,0,0,1000,0,0.00,false
16,10,3,0,1,1000,0,0.00,false
16,10,3,1,0,1000,0,0.00,false
16,10,3,1,1,1000,0,0.00,false
16,10,3,2,2,1000,0,0.00,false
16,10,4,0,0,1000,0,0.00,false
16,10,4,0,1,1000,0,0.00,false
16,10,4,1,0,1000,0,0.00,false
16,10,4,1,1,1000,0,0.00,false
16,10,4,2,2,1000,0,0.00,false
16,10,5,0,0,1000,0,0.00,false
16,10,5,0,1,1000,0,0.00,false
16,10,5,1,0,1000,0,0.00,false
16,10,5,1,1,1000,0,0.00,false
16,10,5,2,2,1000,0,0.00,false
16,10,6,0,0,1000,0,0.00,false
16,10,6,0,1,1000,0,0.00,false
16,10,6,1,0,1000,0,0.00,false
16,10,6,1,1,1000,0,0.00,false
16,10,6,2,2,1000,0,0.00,false
16,10,7,0,0,1000,0,0.00,false
16,10,7,0,1,1000,0,0.00,false
16,10,7,1,0,1000,0,0.00,false
16,10,7,1,1,1000,0,0.00,false
16,10,7,2,2,1000,0,0.00,false
16,10,8,0,0,1000,0,0.00,false
16,10,8,0,1,1000,0,0.00,false
16,10,8,1,0,1000,0,0.00,false
16,10,8,1,1,1000,0,0.00,false
16,10,8,2,2,1000,0,0.00,false
16,10,9,0,0,1000,0,0.00,false
16,10,9,0,1,1000,0,0.00,false
16,10,9,1,0,1000,0,0.00,false
16,10,9,1,1,1000,0,0.00,false
16,10,9,2,2,1000,0,0.00,false
16,10,11,0,0,1000,0,0.00,false
16,10,11,0,1,1000,0,0.00,false
16,10,11,1,0,1000,0,0.00,false
16,10,11,1,1,1000,0,0.00,false
16,10,11,2,2,1000,0,0.00,false
16,10,12,0,0,1000,0,0.00,false
16,10,12,0,1,1000,0,0.00,false
16,10,12,1,0,1000,0,0.00,false
16,10,12,1,1,1000,0,0.00,false
16,10,12,2,2,1000,0,0.00,false
16,10,13,0,0,1000,0,0.00,false
16,10,13,0,1,1000,0,0.00,false
16,10,13,1,0,1000,0,0.00,false
16,10,13,1,1,1000,0,0.00,false
16,10,13,2,2,1000,0,0.00,false
16,10,14,0,0,1000,0,0.00,false
16,10,14,0,1,1000,0,0.00,false
16,10,14,1,0,1000,0,0.00,false
16,10,14,1,1,1000,0,0.00,false
16,10,14,2,2,1000,0,0.00,false
16,10,15,0,0,1000,0,0.00,false
16,10,15,0,1,1000,0,0.00,false
16,10,15,1,0,1000,0,0.00,false
16,10,15,1,1,1000,0,0.00,false
16,10,15,2,2,1000,0,0.00,false
16,11,1,0,0,1000,152,15.20,true
16,11,1,0,1,1000,100,10.00,true
16,11,1,1,0,1000,110,11.00,true
16,11,1,1,1,1000,81,8.10,true
16,11,1,2,2,1000,42,4.20,true
16,11,2,0,0,1000,141,14.10,false
16,11,2,0,1,1000,119,11.90,false
16,11,2,1,0,1000,117,11.70,false
16,11,2,1,1,1000,87,8.70,false
16,11,2,2,2,1000,57,5.70,false
16,11,3,0,0,1000,145,14.50,true
16,11,3,0,1,1000,100,10.00,true
16,11,3,1,0,1000,94,9.40,true
16,11,3,1,1,1000,80,8.00,true
16,11,3,2,2,1000,61,6.10,true
16,11,4,0,0,1000,141,14.10,false
16,11,4,0,1,1000,104,10.40,false
16,11,4,1,0,1000,112,11.20,false
16,11,4,1,1,1000,64,6.40,false
16,11,4,2,2,1000,48,4.80,false
16,11,5,0,0,1000,164,16.40,true
16,11,5,0,1,1000,101,10.10,true
16,11,5,1,0,1000,106,10.60,true
16,11,5,1,1,1000,73,7.30,true
16,11,5,2,2,1000,61,6.10,true
16,11,6,0,0,1000,152,15.20,false
16,11,6,0,1,1000,106,10.60,false
16,11,6,1,0,1000,102,10.20,false
16,11,6,1,1,1000,82,8.20,false
16,11,6,2,2,1000,45,4.50,false
16,11,7,0,0,1000,141,14.10,true
16,11,7,0,1,1000,105,10.50,true
16,11,7,1,0,1000,107,10.70,true
16,11,7,1,1,1000,90,9.00,true
16,11,7,2,2,1000,67,6.70,true
16,11,8,0,0,1000,133,13.30,false
16,11,8,0,1,1000,107,10.70,false
16,11,8,1,0,1000,103,10.30,false
16,11,8,1,1,1000,93,9.30,false
16,11,8,2,2,1000,64,6.40,false
16,11,9,0,0,1000,152,15.20,true
16,11,9,0,1,1000,110,11.00,true
16,11,9,1,0,1000,111,11.10,true
16,11,9,1,1,1000,80,8.00,true
16,11,9,2,2,1000,55,5.50,true
16,11,10,0,0,1000,148,14.80,false
16,11,10,0,1,1000,103,10.30,false
16,11,10,1,0,1000,116,11.60,false
16,11,10,1,1,1000,82,8.20,false
16,11,10,2,2,1000,53,5.30,false
16,11,12,0,0,1000,154,15.40,false
16,11,12,0,1,1000,120,12.00,false
16,11,12,1,0,1000,95,9.50,false
16,11,12,1,1,1000,81,8.10,false
16,11,12,2,2,1000,56,5.60,false
16,11,13,0,0,1000,142,14.20,true
16,11,13,0,1,1000,112,11.20,true
16,11,13,1,0,1000,109,10.90,true
16,11,13,1,1,1000,82,8.20,true
16,11,13,2,2,1000,56,5.60,true
16,11,14,0,0,1000,144,14.40,false
16,11,14,0,1,1000,112,11.20,false
16,11,14,1,0,1000,96,9.60,false
16,11,14,1,1,1000,79,7.90,false
16,11,14,2,2,1000,55,5.50,false
16,11,15,0,0,1000,145,14.50,true
16,11,15,0,1,1000,109,10.90,true
16,11,15,1,0,1000,110,11.00,true
16,11,15,1,1,1000,85,8.50,true
16,11,15,2,2,1000,57,5.70,true
16,12,1,0,0,1000,0,0.00,false
16,12,1,0,1,1000,0,0.00,false
16,12,1,1,0,1000,0,0.00,false
16,12,1,1,1,1000,0,0.00,false
16,12,1,2,2,1000,0,0.00,false
16,12,2,0,0,1000,0,0.00,false
16,12,2,0,1,1000,0,0.00,false
16,12,2,1,0,1000,0,0.00,false
16,12,2,1,1,1000,0,0.00,false
16,12,2,2,2,1000,0,0.00,false
16,12,3,0,0,1000,0,0.00,false
16,12,3,0,1,1000,0,0.00,false
16,12,3,1,0,1000,0,0.00,false
16,12,3,1,1,1000,0,0.00,false
16,12,3,2,2,1000,0,0.00,false
16,12,4,0,0,1000,0,0.00,false
16,12,4,0,1,1000,0,0.00,false
16,12,4,1,0,1000,0,0.00,false
16,12,4,1,1,1000,0,0.00,false
16,12,4,2,2,1000,0,0.00,false
16,12,5,0,0,1000,0,0.00,false
16,12,5,0,1,1000,0,0.00,false
16,12,5,1,0,1000,0,0.00,false
16,12,5,1,1,1000,0,0.00,false
16,12,5,2,2,1000,0,0.00,false
16,12,6,0,0,1000,0,0.00,false
16,12,6,0,1,1000,0,0.00,false
16,12,6,1,0,1000,0,0.00,false
16,12,6,1,1,1000,0,0.00,false
16,12,6,2,2,1000,0,0.00,false
16,12,7,0,0,1000,0,0.00,false
16,12,7,0,1,1000,0,0.00,false
16,12,7,1,0,1000,0,0.00,false
16,12,7,1,1,1000,0,0.00,false
16,12,7,2,2,1000,0,0.00,false
16,12,8,0,0,1000,0,0.00,false
16,12,8,0,1,1000,0,0.00,false
16,12,8,1,0,1000,0,0.00,false
16,12,8,1,1,1000,0,0.00,false
16,12,8,2,2,1000,0,0.00,false
16,12,9,0,0,1000,0,0.00,false
16,12,9,0,1,1000,0,0.00,false
16,12,9,1,0,1000,0,0.00,false
16,12,9,1,1,1000,0,0.00,false
16,12,9,2,2,1000,0,0.00,false
16,12,10,0,0,1000,0,0.00,false
16,12,10,0,1,1000,0,0.00,false
16,12,10,1,0,1000,0,0.00,false
16,12,10,1,1,1000,0,0.00,false
16,12,10,2,2,1000,0,0.00,false
16,12,11,0,0,1000,0,0.00,false
16,12,11,0,1,1000,0,0.00,false
16,12,11,1,0,1000,0,0.00,false
16,12,11,1,1,1000,0,0.00,false
16,12,11,2,2,1000,0,0.00,false
16,12,13,0,0,1000,0,0.00,false
16,12,13,0,1,1000,0,0.00,false
16,12,13,1,0,1000,0,0.00,false
16,12,13,1,1,1000,0,0.00,false
16,12,13,2,2,1000,0,0.00,false
16,12,14,0,0,1000,0,0.00,false
16,12,14,0,1,1000,0,0.00,false
16,12,14,1,0,1000,0,0.00,false
16,12,14,1,1,1000,0,0.00,false
16,12,14,2,2,1000,0,0.00,false
16,12,15,0,0,1000,0,0.00,false
16,12,15,0,1,1000,0,0.00,false
16,12,15,1,0,1000,0,0.00,false
16,12,15,1,1,1000,0,0.00,false
16,12,15,2,2,1000,0,0.00,false
16,13,1,0,0,1000,155,15.50,true
16,13,1,0,1,1000,111,11.10,true
16,13,1,1,0,1000,108,10.80,true
16,13,1,1,1,1000,81,8.10,true
16,13,1,2,2,1000,64,6.40,true
16,13,2,0,0,1000,137,13.70,false
16,13,2,0,1,1000,108,10.80,false
16,13,2,1,0,1000,105,10.50,false
16,13,2,1,1,1000,84,8.40,false
16,13,2,2,2,1000,48,4.80,false
16,13,3,0,0,1000,147,14.70,true
16,13,3,0,1,1000,101,10.10,true
16,13,3,1,0,1000,114,11.40,true
16,13,3,1,1,1000,93,9.30,true
16,13,3,2,2,1000,52,5.20,true
16,13,4,0,0,1000,146,14.60,false
16,13,4,0,1,1000,95,9.50,false
16,13,4,1,0,1000,119,11.90,false
16,13,4,1,1,1000,83,8.30,false
16,13,4,2,2,1000,58,5.80,false
16,13,5,0,0,1000,141,14.10,true
16,13,5,0,1,1000,95,9.50,true
16,13,5,1,0,1000,108,10.80,true
16,13,5,1,1,1000,77,7.70,true
16,13,5,2,2,1000,66,6.60,true
16,13,6,0,0,1000,149,14.90,false
16,13,6,0,1,1000,105,10.50,false
16,13,6,1,0,1000,113,11.30,false
16,13,6,1,1,1000,80,8.00,false
16,13,6,2,2,1000,48,4.80,false
16,13,7,0,0,1000,130,13.00,true
16,13,7,0,1,1000,101,10.10,true
16,13,7,1,0,1000,116,11.60,true
16,13,7,1,1,1000,75,7.50,true
16,13,7,2,2,1000,56,5.60,true
16,13,8,0,0,1000,139,13.90,false
16,13,8,0,1,1000,104,10.40,false
16,13,8,1,0,1000,98,9.80,false
16,13,8,1,1,1000,83,8.30,false
16,13,8,2,2,1000,62,6.20,false
16,13,9,0,0,1000,153,15.30,true
16,13,9,0,1,1000,103,10.30,true
16,13,9,1,0,1000,101,10.10,true
16,13,9,1,1,1000,78,7.80,true
16,13,9,2,2,1000,53,5.30,true
16,13,10,0,0,1000,150,15.00,false
16,13,10,0,1,1000,108,10.80,false
16,13,10,1,0,1000,103,10.30,false
16,13,10,1,1,1000,83,8.30,false
16,13,10,2,2,1000,58,5.80,false
16,13,11,0,0,1000,154,15.40,true
16,13,11,0,1,1000,99,9.90,true
16,13,11,1,0,1000,95,9.50,true
16,13,11,1,1,1000,71,7.10,true
16,13,11,2,2,1000,49,4.90,true
16,13,12,0,0,1000,146,14.60,false
16,13,12,0,1,1000,88,8.80,false
16,13,12,1,0,1000,100,10.00,false
16,13,12,1,1,1000,73,7.30,false
16,13,12,2,2,1000,59,5.90,false
16,13,14,0,0,1000,149,14.90,false
16,13,14,0,1,1000,121,12.10,false
16,13,14,1,0,1000,102,10.20,false
16,13,14,1,1,1000,89,8.90,false
16,13,14,2,2,1000,68,6.80,false
16,13,15,0,0,1000,146,14.60,true
16,13,15,0,1,1000,90,9.00,true
16,13,15,1,0,1000,105,10.50,true
16,13,15,1,1,1000,83,8.30,true
16,13,15,2,2,1000,57,5.70,true
16,14,1,0,0,1000,0,0.00,false
16,14,1,0,1,1000,0,0.00,false
16,14,1,1,0,1000,0,0.00,false
16,14,1,1,1,1000,0,0.00,false
16,14,1,2,2,1000,0,0.00,false
16,14,2,0,0,1000,0,0.00,false
16,14,2,0,1,1000,0,0.00,false
16,14,2,1,0,1000,0,0.00,false
16,14,2,1,1,1000,0,0.00,false
16,14,2,2,2,1000,0,0.00,false
16,14,3,0,0,1000,0,0.00,false
16,14,3,0,1,1000,0,0.00,false
16,14,3,1,0,1000,0,0.00,false
16,14,3,1,1,1000,0,0.00,false
16,14,3,2,2,1000,0,0.00,false
16,14,4,0,0,1000,0,0.00,false
16,14,4,0,1,1000,0,0.00,false
16,14,4,1,0,1000,0,0.00,false
16,14,4,1,1,1000,0,0.00,false
16,14,4,2,2,1000,0,0.00,false
16,14,5,0,0,1000,0,0.00,false
16,14,5,0,1,1000,0,0.00,false
16,14,5,1,0,1000,0,0.00,false
16,14,5,1,1,1000,0,0.00,false
16,14,5,2,2,1000,0,0.00,false
16,14,6,0,0,1000,0,0.00,false
16,14,6,0,1,1000,0,0.00,false
16,14,6,1,0,1000,0,0.00,false
16,14,6,1,1,1000,0,0.00,false
16,14,6,2,2,1000,0,0.00,false
16,14,7,0,0,1000,0,0.00,false
16,14,7,0,1,1000,0,0.00,false
16,14,7,1,0,1000,0,0.00,false
16,14,7,1,1,1000,0,0.00,false
16,14,7,2,2,1000,0,0.00,false
16,14,8,0,0,1000,0,0.00,false
16,14,8,0,1,1000,0,0.00,false
16,14,8,1,0,1000,0,0.00,false
16,14,8,1,1,1000,0,0.00,false
16,14,8,2,2,1000,0,0.00,false
16,14,9,0,0,1000,0,0.00,false
16,14,9,0,1,1000,0,0.00,false
16,14,9,1,0,1000,0,0.00,false
16,14,9,1,1,1000,0,0.00,false
16,14,9,2,2,1000,0,0.00,false
16,14,10,0,0,1000,0,0.00,false
16,14,10,0,1,1000,0,0.00,false
16,14,10,1,0,1000,0,0.00,false
16,14,10,1,1,1000,0,0.00,false
16,14,10,2,2,1000,0,0.00,false
16,14,11,0,0,1000,0,0.00,false
16,14,11,0,1,1000,0,0.00,false
16,14,11,1,0,1000,0,0.00,false
16,14,11,1,1,1000,0,0.00,false
16,14,11,2,2,1000,0,0.00,false
16,14,12,0,0,1000,0,0.00,false
16,14,12,0,1,1000,0,0.00,false
16,14,12,1,0,1000,0,0.00,false
16,14,12,1,1,1000,0,0.00,false
16,14,12,2,2,1000,0,0.00,false
16,14,13,0,0,1000,0,0.00,false
16,14,13,0,1,1000,0,0.00,false
16,14,13,1,0,1000,0,0.00,false
16,14,13,1,1,1000,0,0.00,false
16,14,13,2,2,1000,0,0.00,false
16,14,15,0,0,1000,0,0.00,false
16,14,15,0,1,1000,0,0.00,false
16,14,15,1,0,1000,0,0.00,false
16,14,15,1,1,1000,0,0.00,false
16,14,15,2,2,1000,0,0.00,false
16,15,1,0,0,1000,147,14.70,true
16,15,1,0,1,1000,112,11.20,true
16,15,1,1,0,1000,96,9.60,true
16,15,1,1,1,1000,77,7.70,true
16,15,1,2,2,1000,57,5.70,true
16,15,2,0,0,1000,134,13.40,false
16,15,2,0,1,1000,98,9.80,false
16,15,2,1,0,1000,99,9.90,false
16,15,2,1,1,1000,72,7.20,false
16,15,2,2,2,1000,52,5.20,false
16,15,3,0,0,1000,127,12.70,true
16,15,3,0,1,1000,101,10.10,true
16,15,3,1,0,1000,104,10.40,true
16,15,3,1,1,1000,88,8.80,true
16,15,3,2,2,1000,58,5.80,true
16,15,4,0,0,1000,161,16.10,false
16,15,4,0,1,1000,98,9.80,false
16,15,4,1,0,1000,109,10.90,false
16,15,4,1,1,1000,75,7.50,false
16,15,4,2,2,1000,43,4.30,false
16,15,5,0,0,1000,141,14.10,true
16,15,5,0,1,1000,109,10.90,true
16,15,5,1,0,1000,109,10.90,true
16,15,5,1,1,1000,79,7.90,true
16,15,5,2,2,1000,54,5.40,true
16,15,6,0,0,1000,128,12.80,false
16,15,6,0,1,1000,99,9.90,false
16,15,6,1,0,1000,105,10.50,false
16,15,6,1,1,1000,80,8.00,false
16,15,6,2,2,1000,60,6.00,false
16,15,7,0,0,1000,147,14.70,true
16,15,7,0,1,1000,97,9.70,true
16,15,7,1,0,1000,99,9.90,true
16,15,7,1,1,1000,82,8.20,true
16,15,7,2,2,1000,68,6.80,true
16,15,8,0,0,1000,138,13.80,false
16,15,8,0,1,1000,101,10.10,false
16,15,8,1,0,1000,93,9.30,false
16,15,8,1,1,1000,94,9.40,false
16,15,8,2,2,1000,59,5.90,false
16,15,9,0,0,1000,149,14.90,true
16,15,9,0,1,1000,98,9.80,true
16,15,9,1,0,1000,100,10.00,true
16,15,9,1,1,1000,85,8.50,true
16,15,9,2,2,1000,53,5.30,true
16,15,10,0,0,1000,139,13.90,false
16,15,10,0,1,1000,106,10.60,false
16,15,10,1,0,1000,103,10.30,false
16,15,10,1,1,1000,84,8.40,false
16,15,10,2,2,1000,51,5.10,false
16,15,11,0,0,1000,147,14.70,true
16,15,11,0,1,1000,92,9.20,true
16,15,11,1,0,1000,119,11.90,true
16,15,11,1,1,1000,79,7.90,true
16,15,11,2,2,1000,50,5.00,true
16,15,12,0,0,1000,138,13.80,false
16,15,12,0,1,1000,101,10.10,false
16,15,12,1,0,1000,98,9.80,false
16,15,12,1,1,1000,78,7.80,false
16,15,12,2,2,1000,53,5.30,false
16,15,13,0,0,1000,135,13.50,true
16,15,13,0,1,1000,97,9.70,true
16,15,13,1,0,1000,118,11.80,true
16,15,13,1,1,1000,66,6.60,true
16,15,13,2,2,1000,54,5.40,true
16,15,14,0,0,1000,147,14.70,false
16,15,14,0,1,1000,96,9.60,false
16,15,14,1,0,1000,93,9.30,false
16,15,14,1,1,1000,98,9.80,false
16,15,14,2,2,1000,45,4.50,false
18,1,2,0,0,1000,247,24.70,false
18,1,2,0,1,1000,171,17.10,false
18,1,2,1,0,1000,181,18.10,false
18,1,2,1,1,1000,127,12.70,false
18,1,2,2,2,1000,91,9.10,false
18,1,3,0,0,1000,238,23.80,false
18,1,3,0,1,1000,177,17.70,false
18,1,3,1,0,1000,189,18.90,false
18,1,3,1,1,1000,117,11.70,false
18,1,3,2,2,1000,79,7.90,false
18,1,4,0,0,1000,232,23.20,false
18,1,4,0,1,1000,171,17.10,false
18,1,4,1,0,1000,185,18.50,false
18,1,4,1,1,1000,122,12.20,false
18,1,4,2,2,1000,84,8.40,false
18,1,5,0,0,1000,239,23.90,true
18,1,5,0,1,1000,178,17.80,true
18,1,5,1,0,1000,173,17.30,true
18,1,5,1,1,1000,138,13.80,true
18,1,5,2,2,1000,96,9.60,true
18,1,6,0,0,1000,235,23.50,false
18,1,6,0,1,1000,175,17.50,false
18,1,6,1,0,1000,177,17.70,false
18,1,6,1,1,1000,128,12.80,false
18,1,6,2,2,1000,84,8.40,false
18,1,7,0,0,1000,230,23.00,true
18,1,7,0,1,1000,169,16.90,true
18,1,7,1,0,1000,173,17.30,true
18,1,7,1,1,1000,121,12.10,true
18,1,7,2,2,1000,73,7.30,true
18,1,8,0,0,1000,232,23.20,false
18,1,8,0,1,1000,171,17.10,false
18,1,8,1,0,1000,179,17.90,false
18,1,8,1,1,1000,134,13.40,false
18,1,8,2,2,1000,84,8.40,false
18,1,9,0,0,1000,237,23.70,false
18,1,9,0,1,1000,175,17.50,false
18,1,9,1,0,1000,172,17.20,false
18,1,9,1,1,1000,109,10.90,false
18,1,9,2,2,1000,85,8.50,false
18,1,10,0,0,1000,239,23.90,false
18,1,10,0,1,1000,169,16.90,false
18,1,10,1,0,1000,175,17.50,false
18,1,10,1,1,1000,133,13.30,false
18,1,10,2,2,1000,83,8.30,false
18,1,11,0,0,1000,245,24.50,true
18,1,11,0,1,1000,181,18.10,true
18,1,11,1,0,1000,188,18.80,true
18,1,11,1,1,1000,111,11.10,true
18,1,11,2,2,1000,87,8.70,true
18,1,12,0,0,1000,243,24.30,false
18,1,12,0,1,1000,160,16.00,false
18,1,12,1,0,1000,160,16.00,false
18,1,12,1,1,1000,139,13.90,false
18,1,12,2,2,1000,87,8.70,false
18,1,13,0,0,1000,239,23.90,true
18,1,13,0,1,1000,180,18.00,true
18,1,13,1,0,1000,167,16.70,true
18,1,13,1,1,1000,137,13.70,true
18,1,13,2,2,1000,76,7.60,true
18,1,14,0,0,1000,230,23.00,false
18,1,14,0,1,1000,150,15.00,false
18,1,14,1,0,1000,168,16.80,false
18,1,14,1,1,1000,128,12.80,false
18,1,14,2,2,1000,86,8.60,false
18,1,15,0,0,1000,236,23.60,false
18,1,15,0,1,1000,167,16.70,false
18,1,15,1,0,1000,167,16.70,false
18,1,15,1,1,1000,129,12.90,false
18,1,15,2,2,1000,73,7.30,false
18,1,16,0,0,1000,228,22.80,false
18,1,16,0,1,1000,154,15.40,false
18,1,16,1,0,1000,180,18.00,false
18,1,16,1,1,1000,142,14.20,false
18,1,16,2,2,1000,101,10.10,false
18,1,17,0,0,1000,235,23.50,true
18,1,17,0,1,1000,177,17.70,true
18,1,17,1,0,1000,168,16.80,true
18,1,17,1,1,1000,117,11.70,true
18,1,17,2,2,1000,82,8.20,true
18,2,1,0,0,1000,0,0.00,false
18,2,1,0,1,1000,0,0.00,false
18,2,1,1,0,1000,0,0.00,false
18,2,1,1,1,1000,0,0.00,false
18,2,1,2,2,1000,0,0.00,false
18,2,3,0,0,1000,0,0.00,false
18,2,3,0,1,1000,0,0.00,false
18,2,3,1,0,1000,0,0.00,false
18,2,3,1,1,1000,0,0.00,false
18,2,3,2,2,1000,0,0.00,false
18,2,4,0,0,1000,0,0.00,false
18,2,4,0,1,1000,0,0.00,false
18,2,4,1,0,1000,0,0.00,false
18,2,4,1,1,1000,0,0.00,false
18,2,4,2,2,1000,0,0.00,false
18,2,5,0,0,1000,0,0.00,false
18,2,5,0,1,1000,0,0.00,false
18,2,5,1,0,1000,0,0.00,false
18,2,5,1,1,1000,0,0.00,false
18,2,5,2,2,1000,0,0.00,false
18,2,6,0,0,1000,0,0.00,false
18,2,6,0,1,1000,0,0.00,false
18,2,6,1,0,1000,0,0.00,false
18,2,6,1,1,1000,0,0.00,false
18,2,6,2,2,1000,0,0.00,false
18,2,7,0,0,1000,0,0.00,false
18,2,7,0,1,1000,0,0.00,false
18,2,7,1,0,1000,0,0.00,false
18,2,7,1,1,1000,0,0.00,false
18,2,7,2,2,1000,0,0.00,false
18,2,8,0,0,1000,0,0.00,false
18,2,8,0,1,1000,0,0.00,false
18,2,8,1,0,1000,0,0.00,false
18,2,8,1,1,1000,0,0.00,false
18,2,8,2,2,1000,0,0.00,false
18,2,9,0,0,1000,0,0.00,false
18,2,9,0,1,1000,0,0.00,false
18,2,9,1,0,1000,0,0.00,false
18,2,9,1,1,1000,0,0.00,false
18,2,9,2,2,1000,0,0.00,false
18,2,10,0,0,1000,0,0.00,false
18,2,10,0,1,1000,0,0.00,false
18,2,10,1,0,1000,0,0.00,false
18,2,10,1,1,1000,0,0.00,false
18,2,10,2,2,1000,0,0.00,false
18,2,11,0,0,1000,0,0.00,false
18,2,11,0,1,1000,0,0.00,false
18,2,11,1,0,1000,0,0.00,false
18,2,11,1,1,1000,0,0.00,false
18,2,11,2,2,1000,0,0.00,false
18,2,12,0,0,1000,0,0.00,false
18,2,12,0,1,1000,0,0.00,false
18,2,12,1,0,1000,0,0.00,false
18,2,12,1,1,1000,0,0.00,false
18,2,12,2,2,1000,0,0.00,false
18,2,13,0,0,1000,0,0.00,false
18,2,13,0,1,1000,0,0.00,false
18,2,13,1,0,1000,0,0.00,false
18,2,13,1,1,1000,0,0.00,false
18,2,13,2,2,1000,0,0.00,false
18,2,14,0,0,1000,0,0.00,false
18,2,14,0,1,1000,0,0.00,false
18,2,14,1,0,1000,0,0.00,false
18,2,14,1,1,1000,0,0.00,false
18,2,14,2,2,1000,0,0.00,false
18,2,15,0,0,1000,0,0.00,false
18,2,15,0,1,1000,0,0.00,false
18,2,15,1,0,1000,0,0.00,false
18,2,15,1,1,1000,0,0.00,false
18,2,15,2,2,1000,0,0.00,false
18,2,16,0,0,1000,0,0.00,false
18,2,16,0,1,1000,0,0.00,false
18,2,16,1,0,1000,0,0.00,false
18,2,16,1,1,1000,0,0.00,false
18,2,16,2,2,1000,0,0.00,false
18,2,17,0,0,1000,0,0.00,false
18,2,17,0,1,1000,0,0.00,false
18,2,17,1,0,1000,0,0.00,false
18,2,17,1,1,1000,0,0.00,false
18,2,17,2,2,1000,0,0.00,false
18,3,1,0,0,1000,0,0.00,false
18,3,1,0,1,1000,0,0.00,false
18,3,1,1,0,1000,0,0.00,false
18,3,1,1,1,1000,0,0.00,false
18,3,1,2,2,1000,0,0.00,false
18,3,2,0,0,1000,0,0.00,false
18,3,2,0,1,1000,0,0.00,false
18,3,2,1,0,1000,0,0.00,false
18,3,2,1,1,1000,0,0.00,false
18,3,2,2,2,1000,0,0.00,false
18,3,4,0,0,1000,0,0.00,false
18,3,4,0,1,1000,0,0.00,false
18,3,4,1,0,1000,0,0.00,false
18,3,4,1,1,1000,0,0.00,false
18,3,4,2,2,1000,0,0.00,false
18,3,5,0,0,1000,0,0.00,false
18,3,5,0,1,1000,0,0.00,false
18,3,5,1,0,1000,0,0.00,false
18,3,5,1,1,1000,0,0.00,false
18,3,5,2,2,1000,0,0.00,false
18,3,6,0,0,1000,0,0.00,false
18,3,6,0,1,1000,0,0.00,false
18,3,6,1,0,1000,0,0.00,false
18,3,6,1,1,1000,0,0.00,false
18,3,6,2,2,1000,0,0.00,false
18,3,7,0,0,1000,0,0.00,false
18,3,7,0,1,1000,0,0.00,false
18,3,7,1,0,1000,0,0.00,false
18,3,7,1,1,1000,0,0.00,false
18,3,7,2,2,1000,0,0.00,false
18,3,8,0,0,1000,0,0.00,false
18,3,8,0,1,1000,0,0.00,false
18,3,8,1,0,1000,0,0.00,false
18,3,8,1,1,1000,0,0.00,false
18,3,8,2,2,1000,0,0.00,false
18,3,9,0,0,1000,0,0.00,false
18,3,9,0,1,1000,0,0.00,false
18,3,9,1,0,1000,0,0.00,false
18,3,9,1,1,1000,0,0.00,false
18,3,9,2,2,1000,0,0.00,false
18,3,10,0,0,1000,0,0.00,false
18,3,10,0,1,1000,0,0.00,false
18,3,10,1,0,1000,0,0.00,false
18,3,10,1,1,1000,0,0.00,false
18,3,10,2,2,1000,0,0.00,false
18,3,11,0,0,1000,0,0.00,false
18,3,11,0,1,1000,0,0.00,false
18,3,11,1,0,1000,0,0.00,false
18,3,11,1,1,1000,0,0.00,false
18,3,11,2,2,1000,0,0.00,false
18,3,12,0,0,1000,0,0.00,false
18,3,12,0,1,1000,0,0.00,false
18,3,12,1,0,1000,0,0.00,false
18,3,12,1,1,1000,0,0.00,false
18,3,12,2,2,1000,0,0.00,false
18,3,13,0,0,1000,0,0.00,false
18,3,13,0,1,1000,0,0.00,false
18,3,13,1,0,1000,0,0.00,false
18,3,13,1,1,1000,0,0.00,false
18,3,13,2,2,1000,0,0.00,false
18,3,14,0,0,1000,0,0.00,false
18,3,14,0,1,1000,0,0.00,false
18,3,14,1,0,1000,0,0.00,false
18,3,14,1,1,1000,0,0.00,false
18,3,14,2,2,1000,0,0.00,false
18,3,15,0,0,1000,0,0.00,false
18,3,15,0,1,1000,0,0.00,false
18,3,15,1,0,1000,0,0.00,false
18,3,15,1,1,1000,0,0.00,false
18,3,15,2,2,1000,0,0.00,false
18,3,16,0,0,1000,0,0.00,false
18,3,16,0,1,1000,0,0.00,false
18,3,16,1,0,1000,0,0.00,false
18,3,16,1,1,1000,0,0.00,false
18,3,16,2,2,1000,0,0.00,false
18,3,17,0,0,1000,0,0.00,false
18,3,17,0,1,1000,0,0.00,false
18,3,17,1,0,1000,0,0.00,false
18,3,17,1,1,1000,0,0.00,false
18,3,17,2,2,1000,0,0.00,false
18,4,1,0,0,1000,0,0.00,false
18,4,1,0,1,1000,0,0.00,false
18,4,1,1,0,1000,0,0.00,false
18,4,1,1,1,1000,0,0.00,false
18,4,1,2,2,1000,0,0.00,false
18,4,2,0,0,1000,0,0.00,false
18,4,2,0,1,1000,0,0.00,false
18,4,2,1,0,1000,0,0.00,false
18,4,2,1,1,1000,0,0.00,false
18,4,2,2,2,1000,0,0.00,false
18,4,3,0,0,1000,0,0.00,false
18,4,3,0,1,1000,0,0.00,false
18,4,3,1,0,1000,0,0.00,false
18,4,3,1,1,1000,0,0.00,false
18,4,3,2,2,1000,0,0.00,false
18,4,5,0,0,1000,0,0.00,false
18,4,5,0,1,1000,0,0.00,false
18,4,5,1,0,1000,0,0.00,false
18,4,5,1,1,1000,0,0.00,false
18,4,5,2,2,1000,0,0.00,false
18,4,6,0,0,1000,0,0.00,false
18,4,6,0,1,1000,0,0.00,false
18,4,6,1,0,1000,0,0.00,false
18,4,6,1,1,1000,0,0.00,false
18,4,6,2,2,1000,0,0.00,false
18,4,7,0,0,1000,0,0.00,false
18,4,7,0,1,1000,0,0.00,false
18,4,7,1,0,1000,0,0.00,false
18,4,7,1,1,1000,0,0.00,false
18,4,7,2,2,1000,0,0.00,false
18,4,8,0,0,1000,0,0.00,false
18,4,8,0,1,1000,0,0.00,false
18,4,8,1,0,1000,0,0.00,false
18,4,8,1,1,1000,0,0.00,false
18,4,8,2,2,1000,0,0.00,false
18,4,9,0,0,1000,0,0.00,false
18,4,9,0,1,1000,0,0.00,false
18,4,9,1,0,1000,0,0.00,false
18,4,9,1,1,1000,0,0.00,false
18,4,9,2,2,1000,0,0.00,false
18,4,10,0,0,1000,0,0.00,false
18,4,10,0,1,1000,0,0.00,false
18,4,10,1,0,1000,0,0.00,false
18,4,10,1,1,1000,0,0.00,false
18,4,10,2,2,1000,0,0.00,false
18,4,11,0,0,1000,0,0.00,false
18,4,11,0,1,1000,0,0.00,false
18,4,11,1,0,1000,0,0.00,false
18,4,11,1,1,1000,0,0.00,false
18,4,11,2,2,1000,0,0.00,false
18,4,12,0,0,1000,0,0.00,false
18,4,12,0,1,1000,0,0.00,false
18,4,12,1,0,1000,0,0.00,false
18,4,12,1,1,1000,0,0.00,false
18,4,12,2,2,1000,0,0.00,false
18,4,13,0,0,1000,0,0.00,false
18,4,13,0,1,1000,0,0.00,false
18,4,13,1,0,1000,0,0.00,false
18,4,13,1,1,1000,0,0.00,false
18,4,13,2,2,1000,0,0.00,false
18,4,14,0,0,1000,0,0.00,false
18,4,14,0,1,1000,0,0.00,false
18,4,14,1,0,1000,0,0.00,false
18,4,14,1,1,1000,0,0.00,false
18,4,14,2,2,1000,0,0.00,false
18,4,15,0,0,1000,0,0.00,false
18,4,15,0,1,1000,0,0.00,false
18,4,15,1,0,1000,0,0.00,false
18,4,15,1,1,1000,0,0.00,false
18,4,15,2,2,1000,0,0.00,false
18,4,16,0,0,1000,0,0.00,false
18,4,16,0,1,1000,0,0.00,false
18,4,16,1,0,1000,0,0.00,false
18,4,16,1,1,1000,0,0.00,false
18,4,16,2,2,1000,0,0.00,false
18,4,17,0,0,1000,0,0.00,false
18,4,17,0,1,1000,0,0.00,false
18,4,17,1,0,1000,0,0.00,false
18,4,17,1,1,1000,0,0.00,false
18,4,17,2,2,1000,0,0.00,false
18,5,1,0,0,1000,233,23.30,true
18,5,1,0,1,1000,160,16.00,true
18,5,1,1,0,1000,158,15.80,true
18,5,1,1,1,1000,114,11.40,true
18,5,1,2,2,1000,94,9.40,true
18,5,2,0,0,1000,216,21.60,false
18,5,2,0,1,1000,167,16.70,false
18,5,2,1,0,1000,149,14.90,false
18,5,2,1,1,1000,113,11.30,false
18,5,2,2,2,1000,78,7.80,false
18,5,3,0,0,1000,221,22.10,false
18,5,3,0,1,1000,150,15.00,false
18,5,3,1,0,1000,161,16.10,false
18,5,3,1,1,1000,111,11.10,false
18,5,3,2,2,1000,82,8.20,false
18,5,4,0,0,1000,230,23.00,false
18,5,4,0,1,1000,169,16.90,false
18,5,4,1,0,1000,149,14.90,false
18,5,4,1,1,1000,130,13.00,false
18,5,4,2,2,1000,86,8.60,false
18,5,6,0,0,1000,238,23.80,false
18,5,6,0,1,1000,150,15.00,false
18,5,6,1,0,1000,158,15.80,false
18,5,6,1,1,1000,131,13.10,false
18,5,6,2,2,1000,76,7.60,false
18,5,7,0,0,1000,224,22.40,true
18,5,7,0,1,1000,155,15.50,true
18,5,7,1,0,1000,166,16.60,true
18,5,7,1,1,1000,134,13.40,true
18,5,7,2,2,1000,79,7.90,true
18,5,8,0,0,1000,222,22.20,false
18,5,8,0,1,1000,152,15.20,false
18,5,8,1,0,1000,162,16.20,false
18,5,8,1,1,1000,127,12.70,false
18,5,8,2,2,1000,78,7.80,false
18,5,9,0,0,1000,218,21.80,false
18,5,9,0,1,1000,168,16.80,false
18,5,9,1,0,1000,157,15.70,false
18,5,9,1,1,1000,129,12.90,false
18,5,9,2,2,1000,86,8.60,false
18,5,10,0,0,1000,222,22.20,false
18,5,10,0,1,1000,159,15.90,false
18,5,10,1,0,1000,157,15.70,false
18,5,10,1,1,1000,121,12.10,false
18,5,10,2,2,1000,87,8.70,false
18,5,11,0,0,1000,210,21.00,true
18,5,11,0,1,1000,153,15.30,true
18,5,11,1,0,1000,158,15.80,true
18,5,11,1,1,1000,114,11.40,true
18,5,11,2,2,1000,91,9.10,true
18,5,12,0,0,1000,211,21.10,false
18,5,12,0,1,1000,153,15.30,false
18,5,12,1,0,1000,162,16.20,false
18,5,12,1,1,1000,120,12.00,false
18,5,12,2,2,1000,89,8.90,false
18,5,13,0,0,1000,231,23.10,true
18,5,13,0,1,1000,163,16.30,true
18,5,13,1,0,1000,157,15.70,true
18,5,13,1,1,1000,128,12.80,true
18,5,13,2,2,1000,75,7.50,true
18,5,14,0,0,1000,216,21.60,false
18,5,14,0,1,1000,162,16.20,false
18,5,14,1,0,1000,164,16.40,false
18,5,14,1,1,1000,126,12.60,false
18,5,14,2,2,1000,86,8.60,false
18,5,15,0,0,1000,205,20.50,false
18,5,15,0,1,1000,154,15.40,false
18,5,15,1,0,1000,153,15.30,false
18,5,15,1,1,1000,142,14.20,false
18,5,15,2,2,1000,81,8.10,false
18,5,16,0,0,1000,207,20.70,false
18,5,16,0,1,1000,145,14.50,false
18,5,16,1,0,1000,145,14.50,false
18,5,16,1,1,1000,120,12.00,false
18,5,16,2,2,1000,91,9.10,false
18,5,17,0,0,1000,220,22.00,true
18,5,17,0,1,1000,168,16.80,true
18,5,17,1,0,1000,155,15.50,true
18,5,17,1,1,1000,120,12.00,true
18,5,17,2,2,1000,82,8.20,true
18,6,1,0,0,1000,0,0.00,false
18,6,1,0,1,1000,0,0.00,false
18,6,1,1,0,1000,0,0.00,false
18,6,1,1,1,1000,0,0.00,false
18,6,1,2,2,1000,0,0.00,false
18,6,2,0,0,1000,0,0.00,false
18,6,2,0,1,1000,0,0.00,false
18,6,2,1,0,1000,0,0.00,false
18,6,2,1,1,1000,0,0.00,false
18,6,2,2,2,1000,0,0.00,false
18,6,3,0,0,1000,0,0.00,false
18,6,3,0,1,1000,0,0.00,false
18,6,3,1,0,1000,0,0.00,false
18,6,3,1,1,1000,0,0.00,false
18,6,3,2,2,1000,0,0.00,false
18,6,4,0,0,1000,0,0.00,false
18,6,4,0,1,1000,0,0.00,false
18,6,4,1,0,1000,0,0.00,false
18,6,4,1,1,1000,0,0.00,false
18,6,4,2,2,1000,0,0.00,false
18,6,5,0,0,1000,0,0.00,false
18,6,5,0,1,1000,0,0.00,false
18,6,5,1,0,1000,0,0.00,false
18,6,5,1,1,1000,0,0.00,false
18,6,5,2,2,1000,0,0.00,false
18,6,7,0,0,1000,0,0.00,false
18,6,7,0,1,1000,0,0.00,false
18,6,7,1,0,1000,0,0.00,false
18,6,7,1,1,1000,0,0.00,false
18,6,7,2,2,1000,0,0.00,false
18,6,8,0,0,1000,0,0.00,false
18,6,8,0,1,1000,0,0.00,false
18,6,8,1,0,1000,0,0.00,false
18,6,8,1,1,1000,0,0.00,false
18,6,8,2,2,1000,0,0.00,false
18,6,9,0,0,1000,0,0.00,false
18,6,9,0,1,1000,0,0.00,false
18,6,9,1,0,1000,0,0.00,false
18,6,9,1,1,1000,0,0.00,false
18,6,9,2,2,1000,0,0.00,false
18,6,10,0,0,1000,0,0.00,false
18,6,10,0,1,1000,0,0.00,false
18,6,10,1,0,1000,0,0.00,false
18,6,10,1,1,1000,0,0.00,false
18,6,10,2,2,1000,0,0.00,false
18,6,11,0,0,1000,0,0.00,false
18,6,11,0,1,1000,0,0.00,false
18,6,11,1,0,1000,0,0.00,false
18,6,11,1,1,1000,0,0.00,false
18,6,11,2,2,1000,0,0.00,false
18,6,12,0,0,1000,0,0.00,false
18,6,12,0,1,1000,0,0.00,false
18,6,12,1,0,1000,0,0.00,false
18,6,12,1,1,1000,0,0.00,false
18,6,12,2,2,1000,0,0.00,false
18,6,13,0,0,1000,0,0.00,false
18,6,13,0,1,1000,0,0.00,false
18,6,13,1,0,1000,0,0.00,false
18,6,13,1,1,1000,0,0.00,false
18,6,13,2,2,1000,0,0.00,false
18,6,14,0,0,1000,0,0.00,false
18,6,14,0,1,1000,0,0.00,false
18,6,14,1,0,1000,0,0.00,false
18,6,14,1,1,1000,0,0.00,false
18,6,14,2,2,1000,0,0.00,false
18,6,15,0,0,1000,0,0.00,false
18,6,15,0,1,1000,0,0.00,false
18,6,15,1,0,1000,0,0.00,false
18,6,15,1,1,1000,0,0.00,false
18,6,15,2,2,1000,0,0.00,false
18,6,16,0,0,1000,0,0.00,false
18,6,16,0,1,1000,0,0.00,false
18,6,16,1,0,1000,0,0.00,false
18,6,16,1,1,1000,0,0.00,false
18,6,16,2,2,1000,0,0.00,false
18,6,17,0,0,1000,0,0.00,false
18,6,17,0,1,1000,0,0.00,false
18,6,17,1,0,1000,0,0.00,false
18,6,17,1,1,1000,0,0.00,false
18,6,17,2,2,1000,0,0.00,false
18,7,1,0,0,1000,222,22.20,true
18,7,1,0,1,1000,146,14.60,true
18,7,1,1,0,1000,151,15.10,true
18,7,1,1,1,1000,116,11.60,true
18,7,1,2,2,1000,81,8.10,true
18,7,2,0,0,1000,235,23.50,false
18,7,2,0,1,1000,158,15.80,false
18,7,2,1,0,1000,172,17.20,false
18,7,2,1,1,1000,121,12.10,false
18,7,2,2,2,1000,85,8.50,false
18,7,3,0,0,1000,225,22.50,false
18,7,3,0,1,1000,152,15.20,false
18,7,3,1,0,1000,143,14.30,false
18,7,3,1,1,1000,129,12.90,false
18,7,3,2,2,1000,94,9.40,false
18,7,4,0,0,1000,221,22.10,false
18,7,4,0,1,1000,147,14.70,false
18,7,4,1,0,1000,148,14.80,false
18,7,4,1,1,1000,123,12.30,false
18,7,4,2,2,1000,80,8.00,false
18,7,5,0,0,1000,220,22.00,true
18,7,5,0,1,1000,147,14.70,true
18,7,5,1,0,1000,143,14.30,true
18,7,5,1,1,1000,128,12.80,true
18,7,5,2,2,1000,101,10.10,true
18,7,6,0,0,1000,228,22.80,false
18,7,6,0,1,1000,168,16.80,false
18,7,6,1,0,1000,167,16.70,false
18,7,6,1,1,1000,117,11.70,false
18,7,6,2,2,1000,85,8.50,false
18,7,8,0,0,1000,199,19.90,false
18,7,8,0,1,1000,157,15.70,false
18,7,8,1,0,1000,148,14.80,false
18,7,8,1,1,1000,121,12.10,false
18,7,8,2,2,1000,80,8.00,false
18,7,9,0,0,1000,235,23.50,false
18,7,9,0,1,1000,144,14.40,false
18,7,9,1,0,1000,171,17.10,false
18,7,9,1,1,1000,107,10.70,false
18,7,9,2,2,1000,79,7.90,false
18,7,10,0,0,1000,216,21.60,false
18,7,10,0,1,1000,160,16.00,false
18,7,10,1,0,1000,143,14.30,false
18,7,10,1,1,1000,132,13.20,false
18,7,10,2,2,1000,90,9.00,false
18,7,11,0,0,1000,213,21.30,true
18,7,11,0,1,1000,165,16.50,true
18,7,11,1,0,1000,159,15.90,true
18,7,11,1,1,1000,127,12.70,true
18,7,11,2,2,1000,73,7.30,true
18,7,12,0,0,1000,206,20.60,false
18,7,12,0,1,1000,151,15.10,false
18,7,12,1,0,1000,147,14.70,false
18,7,12,1,1,1000,139,13.90,false
18,7,12,2,2,1000,82,8.20,false
18,7,13,0,0,1000,211,21.10,true
18,7,13,0,1,1000,150,15.00,true
18,7,13,1,0,1000,170,17.00,true
18,7,13,1,1,1000,106,10.60,true
18,7,13,2,2,1000,77,7.70,true
18,7,14,0,0,1000,214,21.40,false
18,7,14,0,1,1000,138,13.80,false
18,7,14,1,0,1000,167,16.70,false
18,7,14,1,1,1000,120,12.00,false
18,7,14,2,2,1000,80,8.00,false
18,7,15,0,0,1000,207,20.70,false
18,7,15,0,1,1000,162,16.20,false
18,7,15,1,0,1000,168,16.80,false
18,7,15,1,1,1000,113,11.30,false
18,7,15,2,2,1000,73,7.30,false
18,7,16,0,0,1000,219,21.90,false
18,7,16,0,1,1000,156,15.60,false
18,7,16,1,0,1000,166,16.60,false
18,7,16,1,1,1000,119,11.90,false
18,7,16,2,2,1000,81,8.10,false
18,7,17,0,0,1000,231,23.10,true
18,7,17,0,1,1000,169,16.90,true
18,7,17,1,0,1000,150,15.00,true
18,7,17,1,1,1000,112,11.20,true
18,7,17,2,2,1000,77,7.70,true
18,8,1,0,0,1000,0,0.00,false
18,8,1,0,1,1000,0,0.00,false
18,8,1,1,0,1000,0,0.00,false
18,8,1,1,1,1000,0,0.00,false
18,8,1,2,2,1000,0,0.00,false
18,8,2,0,0,1000,0,0.00,false
18,8,2,0,1,1000,0,0.00,false
18,8,2,1,0,1000,0,0.00,false
18,8,2,1,1,1000,0,0.00,false
18,8,2,2,2,1000,0,0.00,false
18,8,3,0,0,1000,0,0.00,false
18,8,3,0,1,1000,0,0.00,false
18,8,3,1,0,1000,0,0.00,false
18,8,3,1,1,1000,0,0.00,false
18,8,3,2,2,1000,0,0.00,false
18,8,4,0,0,1000,0,0.00,false
18,8,4,0,1,1000,0,0.00,false
18,8,4,1,0,1000,0,0.00,false
18,8,4,1,1,1000,0,0.00,false
18,8,4,2,2,1000,0,0.00,false
18,8,5,0,0,1000,0,0.00,false
18,8,5,0,1,1000,0,0.00,false
18,8,5,1,0,1000,0,0.00,false
18,8,5,1,1,1000,0,0.00,false
18,8,5,2,2,1000,0,0.00,false
18,8,6,0,0,1000,0,0.00,false
18,8,6,0,1,1000,0,0.00,false
18,8,6,1,0,1000,0,0.00,false
18,8,6,1,1,1000,0,0.00,false
18,8,6,2,2,1000,0,0.00,false
18,8,7,0,0,1000,0,0.00,false
18,8,7,0,1,1000,0,0.00,false
18,8,7,1,0,1000,0,0.00,false
18,8,7,1,1,1000,0,0.00,false
18,8,7,2,2,1000,0,0.00,false
18,8,9,0,0,1000,0,0.00,false
18,8,9,0,1,1000,0,0.00,false
18,8,9,1,0,1000,0,0.00,false
18,8,9,1,1,1000,0,0.00,false
18,8,9,2,2,1000,0,0.00,false
18,8,10,0,0,1000,0,0.00,false
18,8,10,0,1,1000,0,0.00,false
18,8,10,1,0,1000,0,0.00,false
18,8,10,1,1,1000,0,0.00,false
18,8,10,2,2,1000,0,0.00,false
18,8,11,0,0,1000,0,0.00,false
18,8,11,0,1,1000,0,0.00,false
18,8,11,1,0,1000,0,0.00,false
18,8,11,1,1,1000,0,0.00,false
18,8,11,2,2,1000,0,0.00,false
18,8,12,0,0,1000,0,0.00,false
18,8,12,0,1,1000,0,0.00,false
18,8,12,1,0,1000,0,0.00,false
18,8,12,1,1,1000,0,0.00,false
18,8,12,2,2,1000,0,0.00,false
18,8,13,0,0,1000,0,0.00,false
18,8,13,0,1,1000,0,0.00,false
18,8,13,1,0,1000,0,0.00,false
18,8,13,1,1,1000,0,0.00,false
18,8,13,2,2,1000,0,0.00,false
18,8,14,0,0,1000,0,0.00,false
18,8,14,0,1,1000,0,0.00,false
18,8,14,1,0,1000,0,0.00,false
18,8,14,1,1,1000,0,0.00,false
18,8,14,2,2,1000,0,0.00,false
18,8,15,0,0,1000,0,0.00,false
18,8,15,0,1,1000,0,0.00,false
18,8,15,1,0,1000,0,0.00,false
18,8,15,1,1,1000,0,0.00,false
18,8,15,2,2,1000,0,0.00,false
18,8,16,0,0,1000,0,0.00,false
18,8,16,0,1,1000,0,0.00,false
18,8,16,1,0,1000,0,0.00,false
18,8,16,1,1,1000,0,0.00,false
18,8,16,2,2,1000,0,0.00,false
18,8,17,0,0,1000,0,0.00,false
18,8,17,0,1,1000,0,0.00,false
18,8,17,1,0,1000,0,0.00,false
18,8,17,1,1,1000,0,0.00,false
18,8,17,2,2,1000,0,0.00,false
18,9,1,0,0,1000,0,0.00,false
18,9,1,0,1,1000,0,0.00,false
18,9,1,1,0,1000,0,0.00,false
18,9,1,1,1,1000,0,0.00,false
18,9,1,2,2,1000,0,0.00,false
18,9,2,0,0,1000,0,0.00,false
18,9,2,0,1,1000,0,0.00,false
18,9,2,1,0,1000,0,0.00,false
18,9,2,1,1,1000,0,0.00,false
18,9,2,2,2,1000,0,0.00,false
18,9,3,0,0,1000,0,0.00,false
18,9,3,0,1,1000,0,0.00,false
18,9,3,1,0,1000,0,0.00,false
18,9,3,1,1,1000,0,0.00,false
18,9,3,2,2,1000,0,0.00,false
18,9,4,0,0,1000,0,0.00,false
18,9,4,0,1,1000,0,0.00,false
18,9,4,1,0,1000,0,0.00,false
18,9,4,1,1,1000,0,0.00,false
18,9,4,2,2,1000,0,0.00,false
18,9,5,0,0,1000,0,0.00,false
18,9,5,0,1,1000,0,0.00,false
18,9,5,1,0,1000,0,0.00,false
18,9,5,1,1,1000,0,0.00,false
18,9,5,2,2,1000,0,0.00,false
18,9,6,0,0,1000,0,0.00,false
18,9,6,0,1,1000,0,0.00,false
18,9,6,1,0,1000,0,0.00,false
18,9,6,1,1,1000,0,0.00,false
18,9,6,2,2,1000,0,0.00,false
18,9,7,0,0,1000,0,0.00,false
18,9,7,0,1,1000,0,0.00,false
18,9,7,1,0,1000,0,0.00,false
18,9,7,1,1,1000,0,0.00,false
18,9,7,2,2,1000,0,0.00,false
18,9,8,0,0,1000,0,0.00,false
18,9,8,0,1,1000,0,0.00,false
18,9,8,1,0,1000,0,0.00,false
18,9,8,1,1,1000,0,0.00,false
18,9,8,2,2,1000,0,0.00,false
18,9,10,0,0,1000,0,0.00,false
18,9,10,0,1,1000,0,0.00,false
18,9,10,1,0,1000,0,0.00,false
18,9,10,1,1,1000,0,0.00,false
18,9,10,2,2,1000,0,0.00,false
18,9,11,0,0,1000,0,0.00,false
18,9,11,0,1,1000,0,0.00,false
18,9,11,1,0,1000,0,0.00,false
18,9,11,1,1,1000,0,0.00,false
18,9,11,2,2,1000,0,0.00,false
18,9,12,0,0,1000,0,0.00,false
18,9,12,0,1,1000,0,0.00,false
18,9,12,1,0,1000,0,0.00,false
18,9,12,1,1,1000,0,0.00,false
18,9,12,2,2,1000,0,0.00,false
18,9,13,0,0,1000,0,0.00,false
18,9,13,0,1,1000,0,0.00,false
18,9,13,1,0,1000,0,0.00,false
18,9,13,1,1,1000,0,0.00,false
18,9,13,2,2,1000,0,0.00,false
18,9,14,0,0,1000,0,0.00,false
18,9,14,0,1,1000,0,0.00,false
18,9,14,1,0,1000,0,0.00,false
18,9,14,1,1,1000,0,0.00,false
18,9,14,2,2,1000,0,0.00,false
18,9,15,0,0,1000,0,0.00,false
18,9,15,0,1,1000,0,0.00,false
18,9,15,1,0,1000,0,0.00,false
18,9,15,1,1,1000,0,0.00,false
18,9,15,2,2,1000,0,0.00,false
18,9,16,0,0,1000,0,0.00,false
18,9,16,0,1,1000,0,0.00,false
18,9,16,1,0,1000,0,0.00,false
18,9,16,1,1,1000,0,0.00,false
18,9,16,2,2,1000,0,0.00,false
18,9,17,0,0,1000,0,0.00,false
18,9,17,0,1,1000,0,0.00,false
18,9,17,1,0,1000,0,0.00,false
18,9,17,1,1,1000,0,0.00,false
18,9,17,2,2,1000,0,0.00,false
18,10,1,0,0,1000,0,0.00,false
18,10,1,0,1,1000,0,0.00,false
18,10,1,1,0,1000,0,0.00,false
18,10,1,1,1,1000,0,0.00,false
18,10,1,2,2,1000,0,0.00,false
18,10,2,0,0,1000,0,0.00,false
18,10,2,0,1,1000,0,0.00,false
18,10,2,1,0,1000,0,0.00,false
18,10,2,1,1,1000,0,0.00,false
18,10,2,2,2,1000,0,0.00,false
18,10,3,0,0,1000,0,0.00,false
18,10,3,0,1,1000,0,0.00,false
18,10,3,1,0,1000,0,0.00,false
18,10,3,1,1,1000,0,0.00,false
18,10,3,2,2,1000,0,0.00,false
18,10,4,0,0,1000,0,0.00,false
18,10,4,0,1,1000,0,0.00,false
18,10,4,1,0,1000,0,0.00,false
18,10,4,1,1,1000,0,0.00,false
18,10,4,2,2,1000,0,0.00,false
18,10,5,0,0,1000,0,0.00,false
18,10,5,0,1,1000,0,0.00,false
18,10,5,1,0,1000,0,0.00,false
18,10,5,1,1,1000,0,0.00,false
18,10,5,2,2,1000,0,0.00,false
18,10,6,0,0,1000,0,0.00,false
18,10,6,0,1,1000,0,0.00,false
18,10,6,1,0,1000,0,0.00,false
18,10,6,1,1,1000,0,0.00,false
18,10,6,2,2,1000,0,0.00,false
18,10,7,0,0,1000,0,0.00,false
18,10,7,0,1,1000,0,0.00,false
18,10,7,1,0,1000,0,0.00,false
18,10,7,1,1,1000,0,0.00,false
18,10,7,2,2,1000,0,0.00,false
18,10,8,0,0,1000,0,0.00,false
18,10,8,0,1,1000,0,0.00,false
18,10,8,1,0,1000,0,0.00,false
18,10,8,1,1,1000,0,0.00,false
18,10,8,2,2,1000,0,0.00,false
18,10,9,0,0,1000,0,0.00,false
18,10,9,0,1,1000,0,0.00,false
18,10,9,1,0,1000,0,0.00,false
18,10,9,1,1,1000,0,0.00,false
18,10,9,2,2,1000,0,0.00,false
18,10,11,0,0,1000,0,0.00,false
18,10,11,0,1,1000,0,0.00,false
18,10,11,1,0,1000,0,0.00,false
18,10,11,1,1,1000,0,0.00,false
18,10,11,2,2,1000,0,0.00,false
18,10,12,0,0,1000,0,0.00,false
18,10,12,0,1,1000,0,0.00,false
18,10,12,1,0,1000,0,0.00,false
18,10,12,1,1,1000,0,0.00,false
18,10,12,2,2,1000,0,0.00,false
18,10,13,0,0,1000,0,0.00,false
18,10,13,0,1,1000,0,0.00,false
18,10,13,1,0,1000,0,0.00,false
18,10,13,1,1,1000,0,0.00,false
18,10,13,2,2,1000,0,0.00,false
18,10,14,0,0,1000,0,0.00,false
18,10,14,0,1,1000,0,0.00,false
18,10,14,1,0,1000,0,0.00,false
18,10,14,1,1,1000,0,0.00,false
18,10,14,2,2,1000,0,0.00,false
18,10,15,0,0,1000,0,0.00,false
18,10,15,0,1,1000,0,0.00,false
18,10,15,1,0,1000,0,0.00,false
18,10,15,1,1,1000,0,0.00,false
18,10,15,2,2,1000,0,0.00,false
18,10,16,0,0,1000,0,0.00,false
18,10,16,0,1,1000,0,0.00,false
18,10,16,1,0,1000,0,0.00,false
18,10,16,1,1,1000,0,0.00,false
18,10,16,2,2,1000,0,0.00,false
18,10,17,0,0,1000,0,0.00,false
18,10,17,0,1,1000,0,0.00,false
18,10,17,1,0,1000,0,0.00,false
18,10,17,1,1,1000,0,0.00,false
18,10,17,2,2,1000,0,0.00,false
18,11,1,0,0,1000,218,21.80,true
18,11,1,0,1,1000,154,15.40,true
18,11,1,1,0,1000,144,14.40,true
18,11,1,1,1,1000,101,10.10,true
18,11,1,2,2,1000,83,8.30,true
18,11,2,0,0,1000,196,19.60,false
18,11,2,0,1,1000,146,14.60,false
18,11,2,1,0,1000,159,15.90,false
18,11,2,1,1,1000,120,12.00,false
18,11,2,2,2,1000,78,7.80,false
18,11,3,0,0,1000,213,21.30,false
18,11,3,0,1,1000,160,16.00,false
18,11,3,1,0,1000,151,15.10,false
18,11,3,1,1,1000,113,11.30,false
18,11,3,2,2,1000,90,9.00,false
18,11,4,0,0,1000,214,21.40,false
18,11,4,0,1,1000,135,13.50,false
18,11,4,1,0,1000,148,14.80,false
18,11,4,1,1,1000,111,11.10,false
18,11,4,2,2,1000,83,8.30,false
18,11,5,0,0,1000,222,22.20,true
18,11,5,0,1,1000,155,15.50,true
18,11,5,1,0,1000,141,14.10,true
18,11,5,1,1,1000,121,12.10,true
18,11,5,2,2,1000,85,8.50,true
18,11,6,0,0,1000,201,20.10,false
18,11,6,0,1,1000,160,16.00,false
18,11,6,1,0,1000,150,15.00,false
18,11,6,1,1,1000,105,10.50,false
18,11,6,2,2,1000,75,7.50,false
18,11,7,0,0,1000,225,22.50,true
18,11,7,0,1,1000,169,16.90,true
18,11,7,1,0,1000,137,13.70,true
18,11,7,1,1,1000,119,11.90,true
18,11,7,2,2,1000,81,8.10,true
18,11,8,0,0,1000,204,20.40,false
18,11,8,0,1,1000,157,15.70,false
18,11,8,1,0,1000,154,15.40,false
18,11,8,1,1,1000,129,12.90,false
18,11,8,2,2,1000,88,8.80,false
18,11,9,0,0,1000,215,21.50,false
18,11,9,0,1,1000,155,15.50,false
18,11,9,1,0,1000,148,14.80,false
18,11,9,1,1,1000,116,11.60,false
18,11,9,2,2,1000,93,9.30,false
18,11,10,0,0,1000,212,21.20,false
18,11,10,0,1,1000,155,15.50,false
18,11,10,1,0,1000,154,15.40,false
18,11,10,1,1,1000,129,12.90,false
18,11,10,2,2,1000,82,8.20,false
18,11,12,0,0,1000,221,22.10,false
18,11,12,0,1,1000,157,15.70,false
18,11,12,1,0,1000,160,16.00,false
18,11,12,1,1,1000,125,12.50,false
18,11,12,2,2,1000,92,9.20,false
18,11,13,0,0,1000,221,22.10,true
18,11,13,0,1,1000,148,14.80,true
18,11,13,1,0,1000,154,15.40,true
18,11,13,1,1,1000,121,12.10,true
18,11,13,2,2,1000,81,8.10,true
18,11,14,0,0,1000,219,21.90,false
18,11,14,0,1,1000,166,16.60,false
18,11,14,1,0,1000,148,14.80,false
18,11,14,1,1,1000,117,11.70,false
18,11,14,2,2,1000,75,7.50,false
18,11,15,0,0,1000,218,21.80,false
18,11,15,0,1,1000,152,15.20,false
18,11,15,1,0,1000,151,15.10,false
18,11,15,1,1,1000,120,12.00,false
18,11,15,2,2,1000,94,9.40,false
18,11,16,0,0,1000,211,21.10,false
18,11,16,0,1,1000,158,15.80,false
18,11,16,1,0,1000,147,14.70,false
18,11,16,1,1,1000,124,12.40,false
18,11,16,2,2,1000,84,8.40,false
18,11,17,0,0,1000,222,22.20,true
18,11,17,0,1,1000,132,13.20,true
18,11,17,1,0,1000,153,15.30,true
18,11,17,1,1,1000,115,11.50,true
18,11,17,2,2,1000,86,8.60,true
18,12,1,0,0,1000,0,0.00,false
18,12,1,0,1,1000,0,0.00,false
18,12,1,1,0,1000,0,0.00,false
18,12,1,1,1,1000,0,0.00,false
18,12,1,2,2,1000,0,0.00,false
18,12,2,0,0,1000,0,0.00,false
18,12,2,0,1,1000,0,0.00,false
18,12,2,1,0,1000,0,0.00,false
18,12,2,1,1,1000,0,0.00,false
18,12,2,2,2,1000,0,0.00,false
18,12,3,0,0,1000,0,0.00,false
18,12,3,0,1,1000,0,0.00,false
18,12,3,1,0,1000,0,0.00,false
18,12,3,1,1,1000,0,0.00,false
18,12,3,2,2,1000,0,0.00,false
18,12,4,0,0,1000,0,0.00,false
18,12,4,0,1,1000,0,0.00,false
18,12,4,1,0,1000,0,0.00,false
18,12,4,1,1,1000,0,0.00,false
18,12,4,2,2,1000,0,0.00,false
18,12,5,0,0,1000,0,0.00,false
18,12,5,0,1,1000,0,0.00,false
18,12,5,1,0,1000,0,0.00,false
18,12,5,1,1,1000,0,0.00,false
18,12,5,2,2,1000,0,0.00,false
18,12,6,0,0,1000,0,0.00,false
18,12,6,0,1,1000,0,0.00,false
18,12,6,1,0,1000,0,0.00,false
18,12,6,1,1,1000,0,0.00,false
18,12,6,2,2,1000,0,0.00,false
18,12,7,0,0,1000,0,0.00,false
18,12,7,0,1,1000,0,0.00,false
18,12,7,1,0,1000,0,0.00,false
18,12,7,1,1,1000,0,0.00,false
18,12,7,2,2,1000,0,0.00,false
18,12,8,0,0,1000,0,0.00,false
18,12,8,0,1,1000,0,0.00,false
18,12,8,1,0,1000,0,0.00,false
18,12,8,1,1,1000,0,0.00,false
18,12,8,2,2,1000,0,0.00,false
18,12,9,0,0,1000,0,0.00,false
18,12,9,0,1,1000,0,0.00,false
18,12,9,1,0,1000,0,0.00,false
18,12,9,1,1,1000,0,0.00,false
18,12,9,2,2,1000,0,0.00,false
18,12,10,0,0,1000,0,0.00,false
18,12,10,0,1,1000,0,0.00,false
18,12,10,1,0,1000,0,0.00,false
18,12,10,1,1,1000,0,0.00,false
18,12,10,2,2,1000,0,0.00,false
18,12,11,0,0,1000,0,0.00,false
18,12,11,0,1,1000,0,0.00,false
18,12,11,1,0,1000,0,0.00,false
18,12,11,1,1,1000,0,0.00,false
18,12,11,2,2,1000,0,0.00,false
18,12,13,0,0,1000,0,0.00,false
18,12,13,0,1,1000,0,0.00,false
18,12,13,1,0,1000,0,0.00,false
18,12,13,1,1,1000,0,0.00,false
18,12,13,2,2,1000,0,0.00,false
18,12,14,0,0,1000,0,0.00,false
18,12,14,0,1,1000,0,0.00,false
18,12,14,1,0,1000,0,0.00,false
18,12,14,1,1,1000,0,0.00,false
18,12,14,2,2,1000,0,0.00,false
18,12,15,0,0,1000,0,0.00,false
18,12,15,0,1,1000,0,0.00,false
18,12,15,1,0,1000,0,0.00,false
18,12,15,1,1,1000,0,0.00,false
18,12,15,2,2,1000,0,0.00,false
18,12,16,0,0,1000,0,0.00,false
18,12,16,0,1,1000,0,0.00,false
18,12,16,1,0,1000,0,0.00,false
18,12,16,1,1,1000,0,0.00,false
18,12,16,2,2,1000,0,0.00,false
18,12,17,0,0,1000,0,0.00,false
18,12,17,0,1,1000,0,0.00,false
18,12,17,1,0,1000,0,0.00,false
18,12,17,1,1,1000,0,0.00,false
18,12,17,2,2,1000,0,0.00,false
18,13,1,0,0,1000,208,20.80,true
18,13,1,0,1,1000,140,14.00,true
18,13,1,1,0,1000,161,16.10,true
18,13,1,1,1,1000,106,10.60,true
18,13,1,2,2,1000,90,9.00,true
18,13,2,0,0,1000,213,21.30,false
18,13,2,0,1,1000,147,14.70,false
18,13,2,1,0,1000,162,16.20,false
18,13,2,1,1,1000,116,11.60,false
18,13,2,2,2,1000,81,8.10,false
18,13,3,0,0,1000,206,20.60,false
18,13,3,0,1,1000,158,15.80,false
18,13,3,1,0,1000,152,15.20,false
18,13,3,1,1,1000,120,12.00,false
18,13,3,2,2,1000,73,7.30,false
18,13,4,0,0,1000,215,21.50,false
18,13,4,0,1,1000,143,14.30,false
18,13,4,1,0,1000,145,14.50,false
18,13,4,1,1,1000,118,11.80,false
18,13,4,2,2,1000,80,8.00,false
18,13,5,0,0,1000,192,19.20,true
18,13,5,0,1,1000,146,14.60,true
18,13,5,1,0,1000,149,14.90,true
18,13,5,1,1,1000,126,12.60,true
18,13,5,2,2,1000,85,8.50,true
18,13,6,0,0,1000,213,21.30,false
18,13,6,0,1,1000,145,14.50,false
18,13,6,1,0,1000,158,15.80,false
18,13,6,1,1,1000,105,10.50,false
18,13,6,2,2,1000,92,9.20,false
18,13,7,0,0,1000,210,21.00,true
18,13,7,0,1,1000,142,14.20,true
18,13,7,1,0,1000,167,16.70,true
18,13,7,1,1,1000,112,11.20,true
18,13,7,2,2,1000,84,8.40,true
18,13,8,0,0,1000,218,21.80,false
18,13,8,0,1,1000,146,14.60,false
18,13,8,1,0,1000,148,14.80,false
18,13,8,1,1,1000,129,12.90,false
18,13,8,2,2,1000,87,8.70,false
18,13,9,0,0,1000,201,20.10,false
18,13,9,0,1,1000,137,13.70,false
18,13,9,1,0,1000,146,14.60,false
18,13,9,1,1,1000,118,11.80,false
18,13,9,2,2,1000,72,7.20,false
18,13,10,0,0,1000,209,20.90,false
18,13,10,0,1,1000,141,14.10,false
18,13,10,1,0,1000,148,14.80,false
18,13,10,1,1,1000,114,11.40,false
18,13,10,2,2,1000,84,8.40,false
18,13,11,0,0,1000,227,22.70,true
18,13,11,0,1,1000,147,14.70,true
18,13,11,1,0,1000,142,14.20,true
18,13,11,1,1,1000,111,11.10,true
18,13,11,2,2,1000,78,7.80,true
18,13,12,0,0,1000,195,19.50,false
18,13,12,0,1,1000,151,15.10,false
18,13,12,1,0,1000,146,14.60,false
18,13,12,1,1,1000,109,10.90,false
18,13,12,2,2,1000,80,8.00,false
18,13,14,0,0,1000,232,23.20,false
18,13,14,0,1,1000,158,15.80,false
18,13,14,1,0,1000,134,13.40,false
18,13,14,1,1,1000,117,11.70,false
18,13,14,2,2,1000,82,8.20,false
18,13,15,0,0,1000,208,20.80,false
18,13,15,0,1,1000,152,15.20,false
18,13,15,1,0,1000,140,14.00,false
18,13,15,1,1,1000,113,11.30,false
18,13,15,2,2,1000,81,8.10,false
18,13,16,0,0,1000,208,20.80,false
18,13,16,0,1,1000,149,14.90,false
18,13,16,1,0,1000,136,13.60,false
18,13,16,1,1,1000,120,12.00,false
18,13,16,2,2,1000,84,8.40,false
18,13,17,0,0,1000,189,18.90,true
18,13,17,0,1,1000,150,15.00,true
18,13,17,1,0,1000,148,14.80,true
18,13,17,1,1,1000,126,12.60,true
18,13,17,2,2,1000,76,7.60,true
18,14,1,0,0,1000,0,0.00,false
18,14,1,0,1,1000,0,0.00,false
18,14,1,1,0,1000,0,0.00,false
18,14,1,1,1,1000,0,0.00,false
18,14,1,2,2,1000,0,0.00,false
18,14,2,0,0,1000,0,0.00,false
18,14,2,0,1,1000,0,0.00,false
18,14,2,1,0,1000,0,0.00,false
18,14,2,1,1,1000,0,0.00,false
18,14,2,2,2,1000,0,0.00,false
18,14,3,0,0,1000,0,0.00,false
18,14,3,0,1,1000,0,0.00,false
18,14,3,1,0,1000,0,0.00,false
18,14,3,1,1,1000,0,0.00,false
18,14,3,2,2,1000,0,0.00,false
18,14,4,0,0,1000,0,0.00,false
18,14,4,0,1,1000,0,0.00,false
18,14,4,1,0,1000,0,0.00,false
18,14,4,1,1,1000,0,0.00,false
18,14,4,2,2,1000,0,0.00,false
18,14,5,0,0,1000,0,0.00,false
18,14,5,0,1,1000,0,0.00,false
18,14,5,1,0,1000,0,0.00,false
18,14,5,1,1,1000,0,0.00,false
18,14,5,2,2,1000,0,0.00,false
18,14,6,0,0,1000,0,0.00,false
18,14,6,0,1,1000,0,0.00,false
18,14,6,1,0,1000,0,0.00,false
18,14,6,1,1,1000,0,0.00,false
18,14,6,2,2,1000,0,0.00,false
18,14,7,0,0,1000,0,0.00,false
18,14,7,0,1,1000,0,0.00,false
18,14,7,1,0,1000,0,0.00,false
18,14,7,1,1,1000,0,0.00,false
18,14,7,2,2,1000,0,0.00,false
18,14,8,0,0,1000,0,0.00,false
18,14,8,0,1,1000,0,0.00,false
18,14,8,1,0,1000,0,0.00,false
18,14,8,1,1,1000,0,0.00,false
18,14,8,2,2,1000,0,0.00,false
18,14,9,0,0,1000,0,0.00,false
18,14,9,0,1,1000,0,0.00,false
18,14,9,1,0,1000,0,0.00,false
18,14,9,1,1,1000,0,0.00,false
18,14,9,2,2,1000,0,0.00,false
18,14,10,0,0,1000,0,0.00,false
18,14,10,0,1,1000,0,0.00,false
18,14,10,1,0,1000,0,0.00,false
18,14,10,1,1,1000,0,0.00,false
18,14,10,2,2,1000,0,0.00,false
18,14,11,0,0,1000,0,0.00,false
18,14,11,0,1,1000,0,0.00,false
18,14,11,1,0,1000,0,0.00,false
18,14,11,1,1,1000,0,0.00,false
18,14,11,2,2,1000,0,0.00,false
18,14,12,0,0,1000,0,0.00,false
18,14,12,0,1,1000,0,0.00,false
18,14,12,1,0,1000,0,0.00,false
18,14,12,1,1,1000,0,0.00,false
18,14,12,2,2,1000,0,0.00,false
18,14,13,0,0,1000,0,0.00,false
18,14,13,0,1,1000,0,0.00,false
18,14,13,1,0,1000,0,0.00,false
18,14,13,1,1,1000,0,0.00,false
18,14,13,2,2,1000,0,0.00,false
18,14,15,0,0,1000,0,0.00,false
18,14,15,0,1,1000,0,0.00,false
18,14,15,1,0,1000,0,0.00,false
18,14,15,1,1,1000,0,0.00,false
18,14,15,2,2,1000,0,0.00,false
18,14,16,0,0,1000,0,0.00,false
18,14,16,0,1,1000,0,0.00,false
18,14,16,1,0,1000,0,0.00,false
18,14,16,1,1,1000,0,0.00,false
18,14,16,2,2,1000,0,0.00,false
18,14,17,0,0,1000,0,0.00,false
18,14,17,0,1,1000,0,0.00,false
18,14,17,1,0,1000,0,0.00,false
18,14,17,1,1,1000,0,0.00,false
18,14,17,2,2,1000,0,0.00,false
18,15,1,0,0,1000,0,0.00,false
18,15,1,0,1,1000,0,0.00,false
18,15,1,1,0,1000,0,0.00,false
18,15,1,1,1,1000,0,0.00,false
18,15,1,2,2,1000,0,0.00,false
18,15,2,0,0,1000,0,0.00,false
18,15,2,0,1,1000,0,0.00,false
18,15,2,1,0,1000,0,0.00,false
18,15,2,1,1,1000,0,0.00,false
18,15,2,2,2,1000,0,0.00,false
18,15,3,0,0,1000,0,0.00,false
18,15,3,0,1,1000,0,0.00,false
18,15,3,1,0,1000,0,0.00,false
18,15,3,1,1,1000,0,0.00,false
18,15,3,2,2,1000,0,0.00,false
18,15,4,0,0,1000,0,0.00,false
18,15,4,0,1,1000,0,0.00,false
18,15,4,1,0,1000,0,0.00,false
18,15,4,1,1,1000,0,0.00,false
18,15,4,2,2,1000,0,0.00,false
18,15,5,0,0,1000,0,0.00,false
18,15,5,0,1,1000,0,0.00,false
18,15,5,1,0,1000,0,0.00,false
18,15,5,1,1,1000,0,0.00,false
18,15,5,2,2,1000,0,0.00,false
18,15,6,0,0,1000,0,0.00,false
18,15,6,0,1,1000,0,0.00,false
18,15,6,1,0,1000,0,0.00,false
18,15,6,1,1,1000,0,0.00,false
18,15,6,2,2,1000,0,0.00,false
18,15,7,0,0,1000,0,0.00,false
18,15,7,0,1,1000,0,0.00,false
18,15,7,1,0,1000,0,0.00,false
18,15,7,1,1,1000,0,0.00,false
18,15,7,2,2,1000,0,0.00,false
18,15,8,0,0,1000,0,0.00,false
18,15,8,0,1,1000,0,0.00,false
18,15,8,1,0,1000,0,0.00,false
18,15,8,1,1,1000,0,0.00,false
18,15,8,2,2,1000,0,0.00,false
18,15,9,0,0,1000,0,0.00,false
18,15,9,0,1,1000,0,0.00,false
18,15,9,1,0,1000,0,0.00,false
18,15,9,1,1,1000,0,0.00,false
18,15,9,2,2,1000,0,0.00,false
18,15,10,0,0,1000,0,0.00,false
18,15,10,0,1,1000,0,0.00,false
18,15,10,1,0,1000,0,0.00,false
18,15,10,1,1,1000,0,0.00,false
18,15,10,2,2,1000,0,0.00,false
18,15,11,0,0,1000,0,0.00,false
18,15,11,0,1,1000,0,0.00,false
18,15,11,1,0,1000,0,0.00,false
18,15,11,1,1,1000,0,0.00,false
18,15,11,2,2,1000,0,0.00,false
18,15,12,0,0,1000,0,0.00,false
18,15,12,0,1,1000,0,0.00,false
18,15,12,1,0,1000,0,0.00,false
18,15,12,1,1,1000,0,0.00,false
18,15,12,2,2,1000,0,0.00,false
18,15,13,0,0,1000,0,0.00,false
18,15,13,0,1,1000,0,0.00,false
18,15,13,1,0,1000,0,0.00,false
18,15,13,1,1,1000,0,0.00,false
18,15,13,2,2,1000,0,0.00,false
18,15,14,0,0,1000,0,0.00,false
18,15,14,0,1,1000,0,0.00,false
18,15,14,1,0,1000,0,0.00,false
18,15,14,1,1,1000,0,0.00,false
18,15,14,2,2,1000,0,0.00,false
18,15,16,0,0,1000,0,0.00,false
18,15,16,0,1,1000,0,0.00,false
18,15,16,1,0,1000,0,0.00,false
18,15,16,1,1,1000,0,0.00,false
18,15,16,2,2,1000,0,0.00,false
18,15,17,0,0,1000,0,0.00,false
18,15,17,0,1,1000,0,0.00,false
18,15,17,1,0,1000,0,0.00,false
18,15,17,1,1,1000,0,0.00,false
18,15,17,2,2,1000,0,0.00,false
18,16,1,0,0,1000,0,0.00,false
18,16,1,0,1,1000,0,0.00,false
18,16,1,1,0,1000,0,0.00,false
18,16,1,1,1,1000,0,0.00,false
18,16,1,2,2,1000,0,0.00,false
18,16,2,0,0,1000,0,0.00,false
18,16,2,0,1,1000,0,0.00,false
18,16,2,1,0,1000,0,0.00,false
18,16,2,1,1,1000,0,0.00,false
18,16,2,2,2,1000,0,0.00,false
18,16,3,0,0,1000,0,0.00,false
18,16,3,0,1,1000,0,0.00,false
18,16,3,1,0,1000,0,0.00,false
18,16,3,1,1,1000,0,0.00,false
18,16,3,2,2,1000,0,0.00,false
18,16,4,0,0,1000,0,0.00,false
18,16,4,0,1,1000,0,0.00,false
18,16,4,1,0,1000,0,0.00,false
18,16,4,1,1,1000,0,0.00,false
18,16,4,2,2,1000,0,0.00,false
18,16,5,0,0,1000,0,0.00,false
18,16,5,0,1,1000,0,0.00,false
18,16,5,1,0,1000,0,0.00,false
18,16,5,1,1,1000,0,0.00,false
18,16,5,2,2,1000,0,0.00,false
18,16,6,0,0,1000,0,0.00,false
18,16,6,0,1,1000,0,0.00,false
18,16,6,1,0,1000,0,0.00,false
18,16,6,1,1,1000,0,0.00,false
18,16,6,2,2,1000,0,0.00,false
18,16,7,0,0,1000,0,0.00,false
18,16,7,0,1,1000,0,0.00,false
18,16,7,1,0,1000,0,0.00,false
18,16,7,1,1,1000,0,0.00,false
18,16,7,2,2,1000,0,0.00,false
18,16,8,0,0,1000,0,0.00,false
18,16,8,0,1,1000,0,0.00,false
18,16,8,1,0,1000,0,0.00,false
18,16,8,1,1,1000,0,0.00,false
18,16,8,2,2,1000,0,0.00,false
18,16,9,0,0,1000,0,0.00,false
18,16,9,0,1,1000,0,0.00,false
18,16,9,1,0,1000,0,0.00,false
18,16,9,1,1,1000,0,0.00,false
18,16,9,2,2,1000,0,0.00,false
18,16,10,0,0,1000,0,0.00,false
18,16,10,0,1,1000,0,0.00,false
18,16,10,1,0,1000,0,0.00,false
18,16,10,1,1,1000,0,0.00,false
18,16,10,2,2,1000,0,0.00,false
18,16,11,0,0,1000,0,0.00,false
18,16,11,0,1,1000,0,0.00,false
18,16,11,1,0,1000,0,0.00,false
18,16,11,1,1,1000,0,0.00,false
18,16,11,2,2,1000,0,0.00,false
18,16,12,0,0,1000,0,0.00,false
18,16,12,0,1,1000,0,0.00,false
18,16,12,1,0,1000,0,0.00,false
18,16,12,1,1,1000,0,0.00,false
18,16,12,2,2,1000,0,0.00,false
18,16,13,0,0,1000,0,0.00,false
18,16,13,0,1,1000,0,0.00,false
18,16,13,1,0,1000,0,0.00,false
18,16,13,1,1,1000,0,0.00,false
18,16,13,2,2,1000,0,0.00,false
18,16,14,0,0,1000,0,0.00,false
18,16,14,0,1,1000,0,0.00,false
18,16,14,1,0,1000,0,0.00,false
18,16,14,1,1,1000,0,0.00,false
18,16,14,2,2,1000,0,0.00,false
18,16,15,0,0,1000,0,0.00,false
18,16,15,0,1,1000,0,0.00,false
18,16,15,1,0,1000,0,0.00,false
18,16,15,1,1,1000,0,0.00,false
18,16,15,2,2,1000,0,0.00,false
18,16,17,0,0,1000,0,0.00,false
18,16,17,0,1,1000,0,0.00,false
18,16,17,1,0,1000,0,0.00,false
18,16,17,1,1,1000,0,0.00,false
18,16,17,2,2,1000,0,0.00,false
18,17,1,0,0,1000,195,19.50,true
18,17,1,0,1,1000,140,14.00,true
18,17,1,1,0,1000,151,15.10,true
18,17,1,1,1,1000,122,12.20,true
18,17,1,2,2,1000,82,8.20,true
18,17,2,0,0,1000,219,21.90,false
18,17,2,0,1,1000,142,14.20,false
18,17,2,1,0,1000,148,14.80,false
18,17,2,1,1,1000,105,10.50,false
18,17,2,2,2,1000,80,8.00,false
18,17,3,0,0,1000,204,20.40,false
18,17,3,0,1,1000,153,15.30,false
18,17,3,1,0,1000,133,13.30,false
18,17,3,1,1,1000,97,9.70,false
18,17,3,2,2,1000,77,7.70,false
18,17,4,0,0,1000,222,22.20,false
18,17,4,0,1,1000,157,15.70,false
18,17,4,1,0,1000,133,13.30,false
18,17,4,1,1,1000,105,10.50,false
18,17,4,2,2,1000,87,8.70,false
18,17,5,0,0,1000,207,20.70,true
18,17,5,0,1,1000,141,14.10,true
18,17,5,1,0,1000,157,15.70,true
18,17,5,1,1,1000,114,11.40,true
18,17,5,2,2,1000,81,8.10,true
18,17,6,0,0,1000,212,21.20,false
18,17,6,0,1,1000,168,16.80,false
18,17,6,1,0,1000,159,15.90,false
18,17,6,1,1,1000,116,11.60,false
18,17,6,2,2,1000,89,8.90,false
18,17,7,0,0,1000,211,21.10,true
18,17,7,0,1,1000,144,14.40,true
18,17,7,1,0,1000,151,15.10,true
18,17,7,1,1,1000,133,13.30,true
18,17,7,2,2,1000,97,9.70,true
18,17,8,0,0,1000,189,18.90,false
18,17,8,0,1,1000,148,14.80,false
18,17,8,1,0,1000,167,16.70,false
18,17,8,1,1,1000,97,9.70,false
18,17,8,2,2,1000,80,8.00,false
18,17,9,0,0,1000,192,19.20,false
18,17,9,0,1,1000,143,14.30,false
18,17,9,1,0,1000,164,16.40,false
18,17,9,1,1,1000,113,11.30,false
18,17,9,2,2,1000,85,8.50,false
18,17,10,0,0,1000,204,20.40,false
18,17,10,0,1,1000,147,14.70,false
18,17,10,1,0,1000,139,13.90,false
18,17,10,1,1,1000,109,10.90,false
18,17,10,2,2,1000,78,7.80,false
18,17,11,0,0,1000,205,20.50,true
18,17,11,0,1,1000,144,14.40,true
18,17,11,1,0,1000,150,15.00,true
18,17,11,1,1,1000,116,11.60,true
18,17,11,2,2,1000,82,8.20,true
18,17,12,0,0,1000,205,20.50,false
18,17,12,0,1,1000,150,15.00,false
18,17,12,1,0,1000,147,14.70,false
18,17,12,1,1,1000,110,11.00,false
18,17,12,2,2,1000,76,7.60,false
18,17,13,0,0,1000,224,22.40,true
18,17,13,0,1,1000,135,13.50,true
18,17,13,1,0,1000,146,14.60,true
18,17,13,1,1,1000,116,11.60,true
18,17,13,2,2,1000,72,7.20,true
18,17,14,0,0,1000,201,20.10,false
18,17,14,0,1,1000,156,15.60,false
18,17,14,1,0,1000,148,14.80,false
18,17,14,1,1,1000,118,11.80,false
18,17,14,2,2,1000,83,8.30,false
18,17,15,0,0,1000,212,21.20,false
18,17,15,0,1,1000,141,14.10,false
18,17,15,1,0,1000,147,14.70,false
18,17,15,1,1,1000,107,10.70,false
18,17,15,2,2,1000,87,8.70,false
18,17,16,0,0,1000,192,19.20,false
18,17,16,0,1,1000,152,15.20,false
18,17,16,1,0,1000,140,14.00,false
18,17,16,1,1,1000,115,11.50,false
18,17,16,2,2,1000,65,6.50,false
20,1,2,0,0,1000,209,20.90,false
20,1,2,0,1,1000,143,14.30,false
20,1,2,1,0,1000,143,14.30,false
20,1,2,1,1,1000,106,10.60,false
20,1,2,2,2,1000,68,6.80,false
20,1,3,0,0,1000,212,21.20,true
20,1,3,0,1,1000,151,15.10,true
20,1,3,1,0,1000,133,13.30,true
20,1,3,1,1,1000,105,10.50,true
20,1,3,2,2,1000,63,6.30,true
20,1,4,0,0,1000,207,20.70,false
20,1,4,0,1,1000,138,13.80,false
20,1,4,1,0,1000,142,14.20,false
20,1,4,1,1,1000,105,10.50,false
20,1,4,2,2,1000,68,6.80,false
20,1,5,0,0,1000,197,19.70,false
20,1,5,0,1,1000,149,14.90,false
20,1,5,1,0,1000,134,13.40,false
20,1,5,1,1,1000,108,10.80,false
20,1,5,2,2,1000,60,6.00,false
20,1,6,0,0,1000,194,19.40,false
20,1,6,0,1,1000,148,14.80,false
20,1,6,1,0,1000,130,13.00,false
20,1,6,1,1,1000,102,10.20,false
20,1,6,2,2,1000,78,7.80,false
20,1,7,0,0,1000,179,17.90,true
20,1,7,0,1,1000,130,13.00,true
20,1,7,1,0,1000,141,14.10,true
20,1,7,1,1,1000,110,11.00,true
20,1,7,2,2,1000,76,7.60,true
20,1,8,0,0,1000,189,18.90,false
20,1,8,0,1,1000,135,13.50,false
20,1,8,1,0,1000,149,14.90,false
20,1,8,1,1,1000,108,10.80,false
20,1,8,2,2,1000,81,8.10,false
20,1,9,0,0,1000,196,19.60,true
20,1,9,0,1,1000,139,13.90,true
20,1,9,1,0,1000,142,14.20,true
20,1,9,1,1,1000,95,9.50,true
20,1,9,2,2,1000,67,6.70,true
20,1,10,0,0,1000,193,19.30,false
20,1,10,0,1,1000,129,12.90,false
20,1,10,1,0,1000,145,14.50,false
20,1,10,1,1,1000,100,10.00,false
20,1,10,2,2,1000,63,6.30,false
20,1,11,0,0,1000,192,19.20,true
20,1,11,0,1,1000,122,12.20,true
20,1,11,1,0,1000,139,13.90,true
20,1,11,1,1,1000,102,10.20,true
20,1,11,2,2,1000,69,6.90,true
20,1,12,0,0,1000,190,19.00,false
20,1,12,0,1,1000,125,12.50,false
20,1,12,1,0,1000,132,13.20,false
20,1,12,1,1,1000,99,9.90,false
20,1,12,2,2,1000,69,6.90,false
20,1,13,0,0,1000,190,19.00,true
20,1,13,0,1,1000,137,13.70,true
20,1,13,1,0,1000,149,14.90,true
20,1,13,1,1,1000,102,10.20,true
20,1,13,2,2,1000,74,7.40,true
20,1,14,0,0,1000,174,17.40,false
20,1,14,0,1,1000,133,13.30,false
20,1,14,1,0,1000,137,13.70,false
20,1,14,1,1,1000,110,11.00,false
20,1,14,2,2,1000,62,6.20,false
20,1,15,0,0,1000,203,20.30,false
20,1,15,0,1,1000,124,12.40,false
20,1,15,1,0,1000,139,13.90,false
20,1,15,1,1,1000,99,9.90,false
20,1,15,2,2,1000,73,7.30,false
20,1,16,0,0,1000,179,17.90,false
20,1,16,0,1,1000,133,13.30,false
20,1,16,1,0,1000,145,14.50,false
20,1,16,1,1,1000,99,9.90,false
20,1,16,2,2,1000,72,7.20,false
20,1,17,0,0,1000,194,19.40,true
20,1,17,0,1,1000,121,12.10,true
20,1,17,1,0,1000,136,13.60,true
20,1,17,1,1,1000,107,10.70,true
20,1,17,2,2,1000,73,7.30,true
20,1,18,0,0,1000,184,18.40,false
20,1,18,0,1,1000,147,14.70,false
20,1,18,1,0,1000,144,14.40,false
20,1,18,1,1,1000,91,9.10,false
20,1,18,2,2,1000,60,6.00,false
20,1,19,0,0,1000,191,19.10,true
20,1,19,0,1,1000,133,13.30,true
20,1,19,1,0,1000,131,13.10,true
20,1,19,1,1,1000,109,10.90,true
20,1,19,2,2,1000,72,7.20,true
20,2,1,0,0,1000,0,0.00,false
20,2,1,0,1,1000,0,0.00,false
20,2,1,1,0,1000,0,0.00,false
20,2,1,1,1,1000,0,0.00,false
20,2,1,2,2,1000,0,0.00,false
20,2,3,0,0,1000,0,0.00,false
20,2,3,0,1,1000,0,0.00,false
20,2,3,1,0,1000,0,0.00,false
20,2,3,1,1,1000,0,0.00,false
20,2,3,2,2,1000,0,0.00,false
20,2,4,0,0,1000,0,0.00,false
20,2,4,0,1,1000,0,0.00,false
20,2,4,1,0,1000,0,0.00,false
20,2,4,1,1,1000,0,0.00,false
20,2,4,2,2,1000,0,0.00,false
20,2,5,0,0,1000,0,0.00,false
20,2,5,0,1,1000,0,0.00,false
20,2,5,1,0,1000,0,0.00,false
20,2,5,1,1,1000,0,0.00,false
20,2,5,2,2,1000,0,0.00,false
20,2,6,0,0,1000,0,0.00,false
20,2,6,0,1,1000,0,0.00,false
20,2,6,1,0,1000,0,0.00,false
20,2,6,1,1,1000,0,0.00,false
20,2,6,2,2,1000,0,0.00,false
20,2,7,0,0,1000,0,0.00,false
20,2,7,0,1,1000,0,0.00,false
20,2,7,1,0,1000,0,0.00,false
20,2,7,1,1,1000,0,0.00,false
20,2,7,2,2,1000,0,0.00,false
20,2,8,0,0,1000,0,0.00,false
20,2,8,0,1,1000,0,0.00,false
20,2,8,1,0,1000,0,0.00,false
20,2,8,1,1,1000,0,0.00,false
20,2,8,2,2,1000,0,0.00,false
20,2,9,0,0,1000,0,0.00,false
20,2,9,0,1,1000,0,0.00,false
20,2,9,1,0,1000,0,0.00,false
20,2,9,1,1,1000,0,0.00,false
20,2,9,2,2,1000,0,0.00,false
20,2,10,0,0,1000,0,0.00,false
20,2,10,0,1,1000,0,0.00,false
20,2,10,1,0,1000,0,0.00,false
20,2,10,1,1,1000,0,0.00,false
20,2,10,2,2,1000,0,0.00,false
20,2,11,0,0,1000,0,0.00,false
20,2,11,0,1,1000,0,0.00,false
20,2,11,1,0,1000,0,0.00,false
20,2,11,1,1,1000,0,0.00,false
20,2,11,2,2,1000,0,0.00,false
20,2,12,0,0,1000,0,0.00,false
20,2,12,0,1,1000,0,0.00,false
20,2,12,1,0,1000,0,0.00,false
20,2,12,1,1,1000,0,0.00,false
20,2,12,2,2,1000,0,0.00,false
20,2,13,0,0,1000,0,0.00,false
20,2,13,0,1,1000,0,0.00,false
20,2,13,1,0,1000,0,0.00,false
20,2,13,1,1,1000,0,0.00,false
20,2,13,2,2,1000,0,0.00,false
20,2,14,0,0,1000,0,0.00,false
20,2,14,0,1,1000,0,0.00,false
20,2,14,1,0,1000,0,0.00,false
20,2,14,1,1,1000,0,0.00,false
20,2,14,2,2,1000,0,0.00,false
20,2,15,0,0,1000,0,0.00,false
20,2,15,0,1,1000,0,0.00,false
20,2,15,1,0,1000,0,0.00,false
20,2,15,1,1,1000,0,0.00,false
20,2,15,2,2,1000,0,0.00,false
20,2,16,0,0,1000,0,0.00,false
20,2,16,0,1,1000,0,0.00,false
20,2,16,1,0,1000,0,0.00,false
20,2,16,1,1,1000,0,0.00,false
20,2,16,2,2,1000,0,0.00,false
20,2,17,0,0,1000,0,0.00,false
20,2,17,0,1,1000,0,0.00,false
20,2,17,1,0,1000,0,0.00,false
20,2,17,1,1,1000,0,0.00,false
20,2,17,2,2,1000,0,0.00,false
20,2,18,0,0,1000,0,0.00,false
20,2,18,0,1,1000,0,0.00,false
20,2,18,1,0,1000,0,0.00,false
20,2,18,1,1,1000,0,0.00,false
20,2,18,2,2,1000,0,0.00,false
20,2,19,0,0,1000,0,0.00,false
20,2,19,0,1,1000,0,0.00,false
20,2,19,1,0,1000,0,0.00,false
20,2,19,1,1,1000,0,0.00,false
20,2,19,2,2,1000,0,0.00,false
20,3,1,0,0,1000,180,18.00,true
20,3,1,0,1,1000,129,12.90,true
20,3,1,1,0,1000,120,12.00,true
20,3,1,1,1,1000,86,8.60,true
20,3,1,2,2,1000,87,8.70,true
20,3,2,0,0,1000,172,17.20,false
20,3,2,0,1,1000,133,13.30,false
20,3,2,1,0,1000,122,12.20,false
20,3,2,1,1,1000,109,10.90,false
20,3,2,2,2,1000,73,7.30,false
20,3,4,0,0,1000,180,18.00,false
20,3,4,0,1,1000,139,13.90,false
20,3,4,1,0,1000,139,13.90,false
20,3,4,1,1,1000,107,10.70,false
20,3,4,2,2,1000,62,6.20,false
20,3,5,0,0,1000,171,17.10,false
20,3,5,0,1,1000,139,13.90,false
20,3,5,1,0,1000,126,12.60,false
20,3,5,1,1,1000,101,10.10,false
20,3,5,2,2,1000,73,7.30,false
20,3,6,0,0,1000,195,19.50,false
20,3,6,0,1,1000,140,14.00,false
20,3,6,1,0,1000,120,12.00,false
20,3,6,1,1,1000,95,9.50,false
20,3,6,2,2,1000,68,6.80,false
20,3,7,0,0,1000,179,17.90,true
20,3,7,0,1,1000,130,13.00,true
20,3,7,1,0,1000,140,14.00,true
20,3,7,1,1,1000,106,10.60,true
20,3,7,2,2,1000,53,5.30,true
20,3,8,0,0,1000,190,19.00,false
20,3,8,0,1,1000,131,13.10,false
20,3,8,1,0,1000,131,13.10,false
20,3,8,1,1,1000,103,10.30,false
20,3,8,2,2,1000,55,5.50,false
20,3,9,0,0,1000,187,18.70,true
20,3,9,0,1,1000,129,12.90,true
20,3,9,1,0,1000,131,13.10,true
20,3,9,1,1,1000,101,10.10,true
20,3,9,2,2,1000,71,7.10,true
20,3,10,0,0,1000,189,18.90,false
20,3,10,0,1,1000,142,14.20,false
20,3,10,1,0,1000,132,13.20,false
20,3,10,1,1,1000,90,9.00,false
20,3,10,2,2,1000,74,7.40,false
20,3,11,0,0,1000,199,19.90,true
20,3,11,0,1,1000,135,13.50,true
20,3,11,1,0,1000,119,11.90,true
20,3,11,1,1,1000,86,8.60,true
20,3,11,2,2,1000,68,6.80,true
20,3,12,0,0,1000,189,18.90,false
20,3,12,0,1,1000,123,12.30,false
20,3,12,1,0,1000,132,13.20,false
20,3,12,1,1,1000,108,10.80,false
20,3,12,2,2,1000,66,6.60,false
20,3,13,0,0,1000,187,18.70,true
20,3,13,0,1,1000,131,13.10,true
20,3,13,1,0,1000,135,13.50,true
20,3,13,1,1,1000,100,10.00,true
20,3,13,2,2,1000,75,7.50,true
20,3,14,0,0,1000,183,18.30,false
20,3,14,0,1,1000,136,13.60,false
20,3,14,1,0,1000,133,13.30,false
20,3,14,1,1,1000,102,10.20,false
20,3,14,2,2,1000,62,6.20,false
20,3,15,0,0,1000,195,19.50,false
20,3,15,0,1,1000,125,12.50,false
20,3,15,1,0,1000,131,13.10,false
20,3,15,1,1,1000,103,10.30,false
20,3,15,2,2,1000,63,6.30,false
20,3,16,0,0,1000,181,18.10,false
20,3,16,0,1,1000,118,11.80,false
20,3,16,1,0,1000,137,13.70,false
20,3,16,1,1,1000,102,10.20,false
20,3,16,2,2,1000,66,6.60,false
20,3,17,0,0,1000,182,18.20,true
20,3,17,0,1,1000,136,13.60,true
20,3,17,1,0,1000,139,13.90,true
20,3,17,1,1,1000,93,9.30,true
20,3,17,2,2,1000,70,7.00,true
20,3,18,0,0,1000,184,18.40,false
20,3,18,0,1,1000,142,14.20,false
20,3,18,1,0,1000,140,14.00,false
20,3,18,1,1,1000,117,11.70,false
20,3,18,2,2,1000,71,7.10,false
20,3,19,0,0,1000,182,18.20,true
20,3,19,0,1,1000,146,14.60,true
20,3,19,1,0,1000,114,11.40,true
20,3,19,1,1,1000,101,10.10,true
20,3,19,2,2,1000,66,6.60,true
20,4,1,0,0,1000,0,0.00,false
20,4,1,0,1,1000,0,0.00,false
20,4,1,1,0,1000,0,0.00,false
20,4,1,1,1,1000,0,0.00,false
20,4,1,2,2,1000,0,0.00,false
20,4,2,0,0,1000,0,0.00,false
20,4,2,0,1,1000,0,0.00,false
20,4,2,1,0,1000,0,0.00,false
20,4,2,1,1,1000,0,0.00,false
20,4,2,2,2,1000,0,0.00,false
20,4,3,0,0,1000,0,0.00,false
20,4,3,0,1,1000,0,0.00,false
20,4,3,1,0,1000,0,0.00,false
20,4,3,1,1,1000,0,0.00,false
20,4,3,2,2,1000,0,0.00,false
20,4,5,0,0,1000,0,0.00,false
20,4,5,0,1,1000,0,0.00,false
20,4,5,1,0,1000,0,0.00,false
20,4,5,1,1,1000,0,0.00,false
20,4,5,2,2,1000,0,0.00,false
20,4,6,0,0,1000,0,0.00,false
20,4,6,0,1,1000,0,0.00,false
20,4,6,1,0,1000,0,0.00,false
20,4,6,1,1,1000,0,0.00,false
20,4,6,2,2,1000,0,0.00,false
20,4,7,0,0,1000,0,0.00,false
20,4,7,0,1,1000,0,0.00,false
20,4,7,1,0,1000,0,0.00,false
20,4,7,1,1,1000,0,0.00,false
20,4,7,2,2,1000,0,0.00,false
20,4,8,0,0,1000,0,0.00,false
20,4,8,0,1,1000,0,0.00,false
20,4,8,1,0,1000,0,0.00,false
20,4,8,1,1,1000,0,0.00,false
20,4,8,2,2,1000,0,0.00,false
20,4,9,0,0,1000,0,0.00,false
20,4,9,0,1,1000,0,0.00,false
20,4,9,1,0,1000,0,0.00,false
20,4,9,1,1,1000,0,0.00,false
20,4,9,2,2,1000,0,0.00,false
20,4,10,0,0,1000,0,0.00,false
20,4,10,0,1,1000,0,0.00,false
20,4,10,1,0,1000,0,0.00,false
20,4,10,1,1,1000,0,0.00,false
20,4,10,2,2,1000,0,0.00,false
20,4,11,0,0,1000,0,0.00,false
20,4,11,0,1,1000,0,0.00,false
20,4,11,1,0,1000,0,0.00,false
20,4,11,1,1,1000,0,0.00,false
20,4,11,2,2,1000,0,0.00,false
20,4,12,0,0,1000,0,0.00,false
20,4,12,0,1,1000,0,0.00,false
20,4,12,1,0,1000,0,0.00,false
20,4,12,1,1,1000,0,0.00,false
20,4,12,2,2,1000,0,0.00,false
20,4,13,0,0,1000,0,0.00,false
20,4,13,0,1,1000,0,0.00,false
20,4,13,1,0,1000,0,0.00,false
20,4,13,1,1,1000,0,0.00,false
20,4,13,2,2,1000,0,0.00,false
20,4,14,0,0,1000,0,0.00,false
20,4,14,0,1,1000,0,0.00,false
20,4,14,1,0,1000,0,0.00,false
20,4,14,1,1,1000,0,0.00,false
20,4,14,2,2,1000,0,0.00,false
20,4,15,0,0,1000,0,0.00,false
20,4,15,0,1,1000,0,0.00,false
20,4,15,1,0,1000,0,0.00,false
20,4,15,1,1,1000,0,0.00,false
20,4,15,2,2,1000,0,0.00,false
20,4,16,0,0,1000,0,0.00,false
20,4,16,0,1,1000,0,0.00,false
20,4,16,1,0,1000,0,0.00,false
20,4,16,1,1,1000,0,0.00,false
20,4,16,2,2,1000,0,0.00,false
20,4,17,0,0,1000,0,0.00,false
20,4,17,0,1,1000,0,0.00,false
20,4,17,1,0,1000,0,0.00,false
20,4,17,1,1,1000,0,0.00,false
20,4,17,2,2,1000,0,0.00,false
20,4,18,0,0,1000,0,0.00,false
20,4,18,0,1,1000,0,0.00,false
20,4,18,1,0,1000,0,0.00,false
20,4,18,1,1,1000,0,0.00,false
20,4,18,2,2,1000,0,0.00,false
20,4,19,0,0,1000,0,0.00,false
20,4,19,0,1,1000,0,0.00,false
20,4,19,1,0,1000,0,0.00,false
20,4,19,1,1,1000,0,0.00,false
20,4,19,2,2,1000,0,0.00,false
20,5,1,0,0,1000,0,0.00,false
20,5,1,0,1,1000,0,0.00,false
20,5,1,1,0,1000,0,0.00,false
20,5,1,1,1,1000,0,0.00,false
20,5,1,2,2,1000,0,0.00,false
20,5,2,0,0,1000,0,0.00,false
20,5,2,0,1,1000,0,0.00,false
20,5,2,1,0,1000,0,0.00,false
20,5,2,1,1,1000,0,0.00,false
20,5,2,2,2,1000,0,0.00,false
20,5,3,0,0,1000,0,0.00,false
20,5,3,0,1,1000,0,0.00,false
20,5,3,1,0,1000,0,0.00,false
20,5,3,1,1,1000,0,0.00,false
20,5,3,2,2,1000,0,0.00,false
20,5,4,0,0,1000,0,0.00,false
20,5,4,0,1,1000,0,0.00,false
20,5,4,1,0,1000,0,0.00,false
20,5,4,1,1,1000,0,0.00,false
20,5,4,2,2,1000,0,0.00,false
20,5,6,0,0,1000,0,0.00,false
20,5,6,0,1,1000,0,0.00,false
20,5,6,1,0,1000,0,0.00,false
20,5,6,1,1,1000,0,0.00,false
20,5,6,2,2,1000,0,0.00,false
20,5,7,0,0,1000,0,0.00,false
20,5,7,0,1,1000,0,0.00,false
20,5,7,1,0,1000,0,0.00,false
20,5,7,1,1,1000,0,0.00,false
20,5,7,2,2,1000,0,0.00,false
20,5,8,0,0,1000,0,0.00,false
20,5,8,0,1,1000,0,0.00,false
20,5,8,1,0,1000,0,0.00,false
20,5,8,1,1,1000,0,0.00,false
20,5,8,2,2,1000,0,0.00,false
20,5,9,0,0,1000,0,0.00,false
20,5,9,0,1,1000,0,0.00,false
20,5,9,1,0,1000,0,0.00,false
20,5,9,1,1,1000,0,0.00,false
20,5,9,2,2,1000,0,0.00,false
20,5,10,0,0,1000,0,0.00,false
20,5,10,0,1,1000,0,0.00,false
20,5,10,1,0,1000,0,0.00,false
20,5,10,1,1,1000,0,0.00,false
20,5,10,2,2,1000,0,0.00,false
20,5,11,0,0,1000,0,0.00,false
20,5,11,0,1,1000,0,0.00,false
20,5,11,1,0,1000,0,0.00,false
20,5,11,1,1,1000,0,0.00,false
20,5,11,2,2,1000,0,0.00,false
20,5,12,0,0,1000,0,0.00,false
20,5,12,0,1,1000,0,0.00,false
20,5,12,1,0,1000,0,0.00,false
20,5,12,1,1,1000,0,0.00,false
20,5,12,2,2,1000,0,0.00,false
20,5,13,0,0,1000,0,0.00,false
20,5,13,0,1,1000,0,0.00,false
20,5,13,1,0,1000,0,0.00,false
20,5,13,1,1,1000,0,0.00,false
20,5,13,2,2,1000,0,0.00,false
20,5,14,0,0,1000,0,0.00,false
20,5,14,0,1,1000,0,0.00,false
20,5,14,1,0,1000,0,0.00,false
20,5,14,1,1,1000,0,0.00,false
20,5,14,2,2,1000,0,0.00,false
20,5,15,0,0,1000,0,0.00,false
20,5,15,0,1,1000,0,0.00,false
20,5,15,1,0,1000,0,0.00,false
20,5,15,1,1,1000,0,0.00,false
20,5,15,2,2,1000,0,0.00,false
20,5,16,0,0,1000,0,0.00,false
20,5,16,0,1,1000,0,0.00,false
20,5,16,1,0,1000,0,0.00,false
20,5,16,1,1,1000,0,0.00,false
20,5,16,2,2,1000,0,0.00,false
20,5,17,0,0,1000,0,0.00,false
20,5,17,0,1,1000,0,0.00,false
20,5,17,1,0,1000,0,0.00,false
20,5,17,1,1,1000,0,0.00,false
20,5,17,2,2,1000,0,0.00,false
20,5,18,0,0,1000,0,0.00,false
20,5,18,0,1,1000,0,0.00,false
20,5,18,1,0,1000,0,0.00,false
20,5,18,1,1,1000,0,0.00,false
20,5,18,2,2,1000,0,0.00,false
20,5,19,0,0,1000,0,0.00,false
20,5,19,0,1,1000,0,0.00,false
20,5,19,1,0,1000,0,0.00,false
20,5,19,1,1,1000,0,0.00,false
20,5,19,2,2,1000,0,0.00,false
20,6,1,0,0,1000,0,0.00,false
20,6,1,0,1,1000,0,0.00,false
20,6,1,1,0,1000,0,0.00,false
20,6,1,1,1,1000,0,0.00,false
20,6,1,2,2,1000,0,0.00,false
20,6,2,0,0,1000,0,0.00,false
20,6,2,0,1,1000,0,0.00,false
20,6,2,1,0,1000,0,0.00,false
20,6,2,1,1,1000,0,0.00,false
20,6,2,2,2,1000,0,0.00,false
20,6,3,0,0,1000,0,0.00,false
20,6,3,0,1,1000,0,0.00,false
20,6,3,1,0,1000,0,0.00,false
20,6,3,1,1,1000,0,0.00,false
20,6,3,2,2,1000,0,0.00,false
20,6,4,0,0,1000,0,0.00,false
20,6,4,0,1,1000,0,0.00,false
20,6,4,1,0,1000,0,0.00,false
20,6,4,1,1,1000,0,0.00,false
20,6,4,2,2,1000,0,0.00,false
20,6,5,0,0,1000,0,0.00,false
20,6,5,0,1,1000,0,0.00,false
20,6,5,1,0,1000,0,0.00,false
20,6,5,1,1,1000,0,0.00,false
20,6,5,2,2,1000,0,0.00,false
20,6,7,0,0,1000,0,0.00,false
20,6,7,0,1,1000,0,0.00,false
20,6,7,1,0,1000,0,0.00,false
20,6,7,1,1,1000,0,0.00,false
20,6,7,2,2,1000,0,0.00,false
20,6,8,0,0,1000,0,0.00,false
20,6,8,0,1,1000,0,0.00,false
20,6,8,1,0,1000,0,0.00,false
20,6,8,1,1,1000,0,0.00,false
20,6,8,2,2,1000,0,0.00,false
20,6,9,0,0,1000,0,0.00,false
20,6,9,0,1,1000,0,0.00,false
20,6,9,1,0,1000,0,0.00,false
20,6,9,1,1,1000,0,0.00,false
20,6,9,2,2,1000,0,0.00,false
20,6,10,0,0,1000,0,0.00,false
20,6,10,0,1,1000,0,0.00,false
20,6,10,1,0,1000,0,0.00,false
20,6,10,1,1,1000,0,0.00,false
20,6,10,2,2,1000,0,0.00,false
20,6,11,0,0,1000,0,0.00,false
20,6,11,0,1,1000,0,0.00,false
20,6,11,1,0,1000,0,0.00,false
20,6,11,1,1,1000,0,0.00,false
20,6,11,2,2,1000,0,0.00,false
20,6,12,0,0,1000,0,0.00,false
20,6,12,0,1,1000,0,0.00,false
20,6,12,1,0,1000,0,0.00,false
20,6,12,1,1,1000,0,0.00,false
20,6,12,2,2,1000,0,0.00,false
20,6,13,0,0,1000,0,0.00,false
20,6,13,0,1,1000,0,0.00,false
20,6,13,1,0,1000,0,0.00,false
20,6,13,1,1,1000,0,0.00,false
20,6,13,2,2,1000,0,0.00,false
20,6,14,0,0,1000,0,0.00,false
20,6,14,0,1,1000,0,0.00,false
20,6,14,1,0,1000,0,0.00,false
20,6,14,1,1,1000,0,0.00,false
20,6,14,2,2,1000,0,0.00,false
20,6,15,0,0,1000,0,0.00,false
20,6,15,0,1,1000,0,0.00,false
20,6,15,1,0,1000,0,0.00,false
20,6,15,1,1,1000,0,0.00,false
20,6,15,2,2,1000,0,0.00,false
20,6,16,0,0,1000,0,0.00,false
20,6,16,0,1,1000,0,0.00,false
20,6,16,1,0,1000,0,0.00,false
20,6,16,1,1,1000,0,0.00,false
20,6,16,2,2,1000,0,0.00,false
20,6,17,0,0,1000,0,0.00,false
20,6,17,0,1,1000,0,0.00,false
20,6,17,1,0,1000,0,0.00,false
20,6,17,1,1,1000,0,0.00,false
20,6,17,2,2,1000,0,0.00,false
20,6,18,0,0,1000,0,0.00,false
20,6,18,0,1,1000,0,0.00,false
20,6,18,1,0,1000,0,0.00,false
20,6,18,1,1,1000,0,0.00,false
20,6,18,2,2,1000,0,0.00,false
20,6,19,0,0,1000,0,0.00,false
20,6,19,0,1,1000,0,0.00,false
20,6,19,1,0,1000,0,0.00,false
20,6,19,1,1,1000,0,0.00,false
20,6,19,2,2,1000,0,0.00,false
20,7,1,0,0,1000,178,17.80,true
20,7,1,0,1,1000,123,12.30,true
20,7,1,1,0,1000,128,12.80,true
20,7,1,1,1,1000,104,10.40,true
20,7,1,2,2,1000,57,5.70,true
20,7,2,0,0,1000,183,18.30,false
20,7,2,0,1,1000,138,13.80,false
20,7,2,1,0,1000,129,12.90,false
20,7,2,1,1,1000,104,10.40,false
20,7,2,2,2,1000,59,5.90,false
20,7,3,0,0,1000,172,17.20,true
20,7,3,0,1,1000,116,11.60,true
20,7,3,1,0,1000,117,11.70,true
20,7,3,1,1,1000,94,9.40,true
20,7,3,2,2,1000,68,6.80,true
20,7,4,0,0,1000,177,17.70,false
20,7,4,0,1,1000,142,14.20,false
20,7,4,1,0,1000,137,13.70,false
20,7,4,1,1,1000,87,8.70,false
20,7,4,2,2,1000,73,7.30,false
20,7,5,0,0,1000,173,17.30,false
20,7,5,0,1,1000,121,12.10,false
20,7,5,1,0,1000,124,12.40,false
20,7,5,1,1,1000,83,8.30,false
20,7,5,2,2,1000,63,6.30,false
20,7,6,0,0,1000,160,16.00,false
20,7,6,0,1,1000,127,12.70,false
20,7,6,1,0,1000,129,12.90,false
20,7,6,1,1,1000,108,10.80,false
20,7,6,2,2,1000,64,6.40,false
20,7,8,0,0,1000,183,18.30,false
20,7,8,0,1,1000,120,12.00,false
20,7,8,1,0,1000,119,11.90,false
20,7,8,1,1,1000,103,10.30,false
20,7,8,2,2,1000,66,6.60,false
20,7,9,0,0,1000,185,18.50,true
20,7,9,0,1,1000,137,13.70,true
20,7,9,1,0,1000,138,13.80,true
20,7,9,1,1,1000,93,9.30,true
20,7,9,2,2,1000,74,7.40,true
20,7,10,0,0,1000,179,17.90,false
20,7,10,0,1,1000,115,11.50,false
20,7,10,1,0,1000,124,12.40,false
20,7,10,1,1,1000,93,9.30,false
20,7,10,2,2,1000,63,6.30,false
20,7,11,0,0,1000,192,19.20,true
20,7,11,0,1,1000,129,12.90,true
20,7,11,1,0,1000,133,13.30,true
20,7,11,1,1,1000,106,10.60,true
20,7,11,2,2,1000,70,7.00,true
20,7,12,0,0,1000,187,18.70,false
20,7,12,0,1,1000,134,13.40,false
20,7,12,1,0,1000,123,12.30,false
20,7,12,1,1,1000,97,9.70,false
20,7,12,2,2,1000,63,6.30,false
20,7,13,0,0,1000,171,17.10,true
20,7,13,0,1,1000,124,12.40,true
20,7,13,1,0,1000,116,11.60,true
20,7,13,1,1,1000,97,9.70,true
20,7,13,2,2,1000,59,5.90,true
20,7,14,0,0,1000,174,17.40,false
20,7,14,0,1,1000,134,13.40,false
20,7,14,1,0,1000,122,12.20,false
20,7,14,1,1,1000,99,9.90,false
20,7,14,2,2,1000,75,7.50,false
20,7,15,0,0,1000,172,17.20,false
20,7,15,0,1,1000,126,12.60,false
20,7,15,1,0,1000,115,11.50,false
20,7,15,1,1,1000,101,10.10,false
20,7,15,2,2,1000,58,5.80,false
20,7,16,0,0,1000,167,16.70,false
20,7,16,0,1,1000,120,12.00,false
20,7,16,1,0,1000,135,13.50,false
20,7,16,1,1,1000,89,8.90,false
20,7,16,2,2,1000,50,5.00,false
20,7,17,0,0,1000,180,18.00,true
20,7,17,0,1,1000,122,12.20,true
20,7,17,1,0,1000,126,12.60,true
20,7,17,1,1,1000,109,10.90,true
20,7,17,2,2,1000,61,6.10,true
20,7,18,0,0,1000,167,16.70,false
20,7,18,0,1,1000,125,12.50,false
20,7,18,1,0,1000,130,13.00,false
20,7,18,1,1,1000,97,9.70,false
20,7,18,2,2,1000,61,6.10,false
20,7,19,0,0,1000,179,17.90,true
20,7,19,0,1,1000,135,13.50,true
20,7,19,1,0,1000,123,12.30,true
20,7,19,1,1,1000,98,9.80,true
20,7,19,2,2,1000,68,6.80,true
20,8,1,0,0,1000,0,0.00,false
20,8,1,0,1,1000,0,0.00,false
20,8,1,1,0,1000,0,0.00,false
20,8,1,1,1,1000,0,0.00,false
20,8,1,2,2,1000,0,0.00,false
20,8,2,0,0,1000,0,0.00,false
20,8,2,0,1,1000,0,0.00,false
20,8,2,1,0,1000,0,0.00,false
20,8,2,1,1,1000,0,0.00,false
20,8,2,2,2,1000,0,0.00,false
20,8,3,0,0,1000,0,0.00,false
20,8,3,0,1,1000,0,0.00,false
20,8,3,1,0,1000,0,0.00,false
20,8,3,1,1,1000,0,0.00,false
20,8,3,2,2,1000,0,0.00,false
20,8,4,0,0,1000,0,0.00,false
20,8,4,0,1,1000,0,0.00,false
20,8,4,1,0,1000,0,0.00,false
20,8,4,1,1,1000,0,0.00,false
20,8,4,2,2,1000,0,0.00,false
20,8,5,0,0,1000,0,0.00,false
20,8,5,0,1,1000,0,0.00,false
20,8,5,1,0,1000,0,0.00,false
20,8,5,1,1,1000,0,0.00,false
20,8,5,2,2,1000,0,0.00,false
20,8,6,0,0,1000,0,0.00,false
20,8,6,0,1,1000,0,0.00,false
20,8,6,1,0,1000,0,0.00,false
20,8,6,1,1,1000,0,0.00,false
20,8,6,2,2,1000,0,0.00,false
20,8,7,0,0,1000,0,0.00,false
20,8,7,0,1,1000,0,0.00,false
20,8,7,1,0,1000,0,0.00,false
20,8,7,1,1,1000,0,0.00,false
20,8,7,2,2,1000,0,0.00,false
20,8,9,0,0,1000,0,0.00,false
20,8,9,0,1,1000,0,0.00,false
20,8,9,1,0,1000,0,0.00,false
20,8,9,1,1,1000,0,0.00,false
20,8,9,2,2,1000,0,0.00,false
20,8,10,0,0,1000,0,0.00,false
20,8,10,0,1,1000,0,0.00,false
20,8,10,1,0,1000,0,0.00,false
20,8,10,1,1,1000,0,0.00,false
20,8,10,2,2,1000,0,0.00,false
20,8,11,0,0,1000,0,0.00,false
20,8,11,0,1,1000,0,0.00,false
20,8,11,1,0,1000,0,0.00,false
20,8,11,1,1,1000,0,0.00,false
20,8,11,2,2,1000,0,0.00,false
20,8,12,0,0,1000,0,0.00,false
20,8,12,0,1,1000,0,0.00,false
20,8,12,1,0,1000,0,0.00,false
20,8,12,1,1,1000,0,0.00,false
20,8,12,2,2,1000,0,0.00,false
20,8,13,0,0,1000,0,0.00,false
20,8,13,0,1,1000,0,0.00,false
20,8,13,1,0,1000,0,0.00,false
20,8,13,1,1,1000,0,0.00,false
20,8,13,2,2,1000,0,0.00,false
20,8,14,0,0,1000,0,0.00,false
20,8,14,0,1,1000,0,0.00,false
20,8,14,1,0,1000,0,0.00,false
20,8,14,1,1,1000,0,0.00,false
20,8,14,2,2,1000,0,0.00,false
20,8,15,0,0,1000,0,0.00,false
20,8,15,0,1,1000,0,0.00,false
20,8,15,1,0,1000,0,0.00,false
20,8,15,1,1,1000,0,0.00,false
20,8,15,2,2,1000,0,0.00,false
20,8,16,0,0,1000,0,0.00,false
20,8,16,0,1,1000,0,0.00,false
20,8,16,1,0,1000,0,0.00,false
20,8,16,1,1,1000,0,0.00,false
20,8,16,2,2,1000,0,0.00,false
20,8,17,0,0,1000,0,0.00,false
20,8,17,0,1,1000,0,0.00,false
20,8,17,1,0,1000,0,0.00,false
20,8,17,1,1,1000,0,0.00,false
20,8,17,2,2,1000,0,0.00,false
20,8,18,0,0,1000,0,0.00,false
20,8,18,0,1,1000,0,0.00,false
20,8,18,1,0,1000,0,0.00,false
20,8,18,1,1,1000,0,0.00,false
20,8,18,2,2,1000,0,0.00,false
20,8,19,0,0,1000,0,0.00,false
20,8,19,0,1,1000,0,0.00,false
20,8,19,1,0,1000,0,0.00,false
20,8,19,1,1,1000,0,0.00,false
20,8,19,2,2,1000,0,0.00,false
20,9,1,0,0,1000,164,16.40,true
20,9,1,0,1,1000,115,11.50,true
20,9,1,1,0,1000,135,13.50,true
20,9,1,1,1,1000,97,9.70,true
20,9,1,2,2,1000,70,7.00,true
20,9,2,0,0,1000,170,17.00,false
20,9,2,0,1,1000,132,13.20,false
20,9,2,1,0,1000,123,12.30,false
20,9,2,1,1,1000,101,10.10,false
20,9,2,2,2,1000,66,6.60,false
20,9,3,0,0,1000,184,18.40,true
20,9,3,0,1,1000,118,11.80,true
20,9,3,1,0,1000,137,13.70,true
20,9,3,1,1,1000,99,9.90,true
20,9,3,2,2,1000,60,6.00,true
20,9,4,0,0,1000,164,16.40,false
20,9,4,0,1,1000,126,12.60,false
20,9,4,1,0,1000,123,12.30,false
20,9,4,1,1,1000,94,9.40,false
20,9,4,2,2,1000,69,6.90,false
20,9,5,0,0,1000,169,16.90,false
20,9,5,0,1,1000,136,13.60,false
20,9,5,1,0,1000,122,12.20,false
20,9,5,1,1,1000,88,8.80,false
20,9,5,2,2,1000,58,5.80,false
20,9,6,0,0,1000,194,19.40,false
20,9,6,0,1,1000,131,13.10,false
20,9,6,1,0,1000,118,11.80,false
20,9,6,1,1,1000,88,8.80,false
20,9,6,2,2,1000,72,7.20,false
20,9,7,0,0,1000,172,17.20,true
20,9,7,0,1,1000,116,11.60,true
20,9,7,1,0,1000,108,10.80,true
20,9,7,1,1,1000,98,9.80,true
20,9,7,2,2,1000,71,7.10,true
20,9,8,0,0,1000,175,17.50,false
20,9,8,0,1,1000,120,12.00,false
20,9,8,1,0,1000,127,12.70,false
20,9,8,1,1,1000,105,10.50,false
20,9,8,2,2,1000,62,6.20,false
20,9,10,0,0,1000,173,17.30,false
20,9,10,0,1,1000,118,11.80,false
20,9,10,1,0,1000,124,12.40,false
20,9,10,1,1,1000,85,8.50,false
20,9,10,2,2,1000,74,7.40,false
20,9,11,0,0,1000,178,17.80,true
20,9,11,0,1,1000,127,12.70,true
20,9,11,1,0,1000,116,11.60,true
20,9,11,1,1,1000,91,9.10,true
20,9,11,2,2,1000,60,6.00,true
20,9,12,0,0,1000,171,17.10,false
20,9,12,0,1,1000,134,13.40,false
20,9,12,1,0,1000,117,11.70,false
20,9,12,1,1,1000,84,8.40,false
20,9,12,2,2,1000,63,6.30,false
20,9,13,0,0,1000,192,19.20,true
20,9,13,0,1,1000,124,12.40,true
20,9,13,1,0,1000,133,13.30,true
20,9,13,1,1,1000,92,9.20,true
20,9,13,2,2,1000,71,7.10,true
20,9,14,0,0,1000,182,18.20,false
20,9,14,0,1,1000,116,11.60,false
20,9,14,1,0,1000,126,12.60,false
20,9,14,1,1,1000,90,9.00,false
20,9,14,2,2,1000,69,6.90,false
20,9,15,0,0,1000,188,18.80,false
20,9,15,0,1,1000,117,11.70,false
20,9,15,1,0,1000,138,13.80,false
20,9,15,1,1,1000,97,9.70,false
20,9,15,2,2,1000,50,5.00,false
20,9,16,0,0,1000,158,15.80,false
20,9,16,0,1,1000,120,12.00,false
20,9,16,1,0,1000,118,11.80,false
20,9,16,1,1,1000,88,8.80,false
20,9,16,2,2,1000,65,6.50,false
20,9,17,0,0,1000,167,16.70,true
20,9,17,0,1,1000,123,12.30,true
20,9,17,1,0,1000,123,12.30,true
20,9,17,1,1,1000,107,10.70,true
20,9,17,2,2,1000,63,6.30,true
20,9,18,0,0,1000,177,17.70,false
20,9,18,0,1,1000,129,12.90,false
20,9,18,1,0,1000,114,11.40,false
20,9,18,1,1,1000,103,10.30,false
20,9,18,2,2,1000,71,7.10,false
20,9,19,0,0,1000,151,15.10,true
20,9,19,0,1,1000,120,12.00,true
20,9,19,1,0,1000,121,12.10,true
20,9,19,1,1,1000,87,8.70,true
20,9,19,2,2,1000,63,6.30,true
20,10,1,0,0,1000,0,0.00,false
20,10,1,0,1,1000,0,0.00,false
20,10,1,1,0,1000,0,0.00,false
20,10,1,1,1,1000,0,0.00,false
20,10,1,2,2,1000,0,0.00,false
20,10,2,0,0,1000,0,0.00,false
20,10,2,0,1,1000,0,0.00,false
20,10,2,1,0,1000,0,0.00,false
20,10,2,1,1,1000,0,0.00,false
20,10,2,2,2,1000,0,0.00,false
20,10,3,0,0,1000,0,0.00,false
20,10,3,0,1,1000,0,0.00,false
20,10,3,1,0,1000,0,0.00,false
20,10,3,1,1,1000,0,0.00,false
20,10,3,2,2,1000,0,0.00,false
20,10,4,0,0,1000,0,0.00,false
20,10,4,0,1,1000,0,0.00,false
20,10,4,1,0,1000,0,0.00,false
20,10,4,1,1,1000,0,0.00,false
20,10,4,2,2,1000,0,0.00,false
20,10,5,0,0,1000,0,0.00,false
20,10,5,0,1,1000,0,0.00,false
20,10,5,1,0,1000,0,0.00,false
20,10,5,1,1,1000,0,0.00,false
20,10,5,2,2,1000,0,0.00,false
20,10,6,0,0,1000,0,0.00,false
20,10,6,0,1,1000,0,0.00,false
20,10,6,1,0,1000,0,0.00,false
20,10,6,1,1,1000,0,0.00,false
20,10,6,2,2,1000,0,0.00,false
20,10,7,0,0,1000,0,0.00,false
20,10,7,0,1,1000,0,0.00,false
20,10,7,1,0,1000,0,0.00,false
20,10,7,1,1,1000,0,0.00,false
20,10,7,2,2,1000,0,0.00,false
20,10,8,0,0,1000,0,0.00,false
20,10,8,0,1,1000,0,0.00,false
20,10,8,1,0,1000,0,0.00,false
20,10,8,1,1,1000,0,0.00,false
20,10,8,2,2,1000,0,0.00,false
20,10,9,0,0,1000,0,0.00,false
20,10,9,0,1,1000,0,0.00,false
20,10,9,1,0,1000,0,0.00,false
20,10,9,1,1,1000,0,0.00,false
20,10,9,2,2,1000,0,0.00,false
20,10,11,0,0,1000,0,0.00,false
20,10,11,0,1,1000,0,0.00,false
20,10,11,1,0,1000,0,0.00,false
20,10,11,1,1,1000,0,0.00,false
20,10,11,2,2,1000,0,0.00,false
20,10,12,0,0,1000,0,0.00,false
20,10,12,0,1,1000,0,0.00,false
20,10,12,1,0,1000,0,0.00,false
20,10,12,1,1,1000,0,0.00,false
20,10,12,2,2,1000,0,0.00,false
20,10,13,0,0,1000,0,0.00,false
20,10,13,0,1,1000,0,0.00,false
20,10,13,1,0,1000,0,0.00,false
20,10,13,1,1,1000,0,0.00,false
20,10,13,2,2,1000,0,0.00,false
20,10,14,0,0,1000,0,0.00,false
20,10,14,0,1,1000,0,0.00,false
20,10,14,1,0,1000,0,0.00,false
20,10,14,1,1,1000,0,0.00,false
20,10,14,2,2,1000,0,0.00,false
20,10,15,0,0,1000,0,0.00,false
20,10,15,0,1,1000,0,0.00,false
20,10,15,1,0,1000,0,0.00,false
20,10,15,1,1,1000,0,0.00,false
20,10,15,2,2,1000,0,0.00,false
20,10,16,0,0,1000,0,0.00,false
20,10,16,0,1,1000,0,0.00,false
20,10,16,1,0,1000,0,0.00,false
20,10,16,1,1,1000,0,0.00,false
20,10,16,2,2,1000,0,0.00,false
20,10,17,0,0,1000,0,0.00,false
20,10,17,0,1,1000,0,0.00,false
20,10,17,1,0,1000,0,0.00,false
20,10,17,1,1,1000,0,0.00,false
20,10,17,2,2,1000,0,0.00,false
20,10,18,0,0,1000,0,0.00,false
20,10,18,0,1,1000,0,0.00,false
20,10,18,1,0,1000,0,0.00,false
20,10,18,1,1,1000,0,0.00,false
20,10,18,2,2,1000,0,0.00,false
20,10,19,0,0,1000,0,0.00,false
20,10,19,0,1,1000,0,0.00,false
20,10,19,1,0,1000,0,0.00,false
20,10,19,1,1,1000,0,0.00,false
20,10,19,2,2,1000,0,0.00,false
20,11,1,0,0,1000,176,17.60,true
20,11,1,0,1,1000,113,11.30,true
20,11,1,1,0,1000,116,11.60,true
20,11,1,1,1,1000,85,8.50,true
20,11,1,2,2,1000,80,8.00,true
20,11,2,0,0,1000,176,17.60,false
20,11,2,0,1,1000,112,11.20,false
20,11,2,1,0,1000,116,11.60,false
20,11,2,1,1,1000,97,9.70,false
20,11,2,2,2,1000,70,7.00,false
20,11,3,0,0,1000,171,17.10,true
20,11,3,0,1,1000,133,13.30,true
20,11,3,1,0,1000,122,12.20,true
20,11,3,1,1,1000,105,10.50,true
20,11,3,2,2,1000,60,6.00,true
20,11,4,0,0,1000,163,16.30,false
20,11,4,0,1,1000,121,12.10,false
20,11,4,1,0,1000,116,11.60,false
20,11,4,1,1,1000,93,9.30,false
20,11,4,2,2,1000,66,6.60,false
20,11,5,0,0,1000,180,18.00,false
20,11,5,0,1,1000,132,13.20,false
20,11,5,1,0,1000,116,11.60,false
20,11,5,1,1,1000,93,9.30,false
20,11,5,2,2,1000,63,6.30,false
20,11,6,0,0,1000,173,17.30,false
20,11,6,0,1,1000,127,12.70,false
20,11,6,1,0,1000,120,12.00,false
20,11,6,1,1,1000,95,9.50,false
20,11,6,2,2,1000,58,5.80,false
20,11,7,0,0,1000,167,16.70,true
20,11,7,0,1,1000,114,11.40,true
20,11,7,1,0,1000,117,11.70,true
20,11,7,1,1,1000,107,10.70,true
20,11,7,2,2,1000,60,6.00,true
20,11,8,0,0,1000,176,17.60,false
20,11,8,0,1,1000,126,12.60,false
20,11,8,1,0,1000,111,11.10,false
20,11,8,1,1,1000,92,9.20,false
20,11,8,2,2,1000,72,7.20,false
20,11,9,0,0,1000,174,17.40,true
20,11,9,0,1,1000,124,12.40,true
20,11,9,1,0,1000,119,11.90,true
20,11,9,1,1,1000,89,8.90,true
20,11,9,2,2,1000,70,7.00,true
20,11,10,0,0,1000,187,18.70,false
20,11,10,0,1,1000,116,11.60,false
20,11,10,1,0,1000,116,11.60,false
20,11,10,1,1,1000,91,9.10,false
20,11,10,2,2,1000,66,6.60,false
20,11,12,0,0,1000,176,17.60,false
20,11,12,0,1,1000,116,11.60,false
20,11,12,1,0,1000,128,12.80,false
20,11,12,1,1,1000,89,8.90,false
20,11,12,2,2,1000,60,6.00,false
20,11,13,0,0,1000,158,15.80,true
20,11,13,0,1,1000,118,11.80,true
20,11,13,1,0,1000,116,11.60,true
20,11,13,1,1,1000,98,9.80,true
20,11,13,2,2,1000,62,6.20,true
20,11,14,0,0,1000,166,16.60,false
20,11,14,0,1,1000,111,11.10,false
20,11,14,1,0,1000,108,10.80,false
20,11,14,1,1,1000,82,8.20,false
20,11,14,2,2,1000,66,6.60,false
20,11,15,0,0,1000,169,16.90,false
20,11,15,0,1,1000,139,13.90,false
20,11,15,1,0,1000,132,13.20,false
20,11,15,1,1,1000,105,10.50,false
20,11,15,2,2,1000,73,7.30,false
20,11,16,0,0,1000,175,17.50,false
20,11,16,0,1,1000,119,11.90,false
20,11,16,1,0,1000,117,11.70,false
20,11,16,1,1,1000,94,9.40,false
20,11,16,2,2,1000,51,5.10,false
20,11,17,0,0,1000,165,16.50,true
20,11,17,0,1,1000,131,13.10,true
20,11,17,1,0,1000,125,12.50,true
20,11,17,1,1,1000,94,9.40,true
20,11,17,2,2,1000,70,7.00,true
20,11,18,0,0,1000,166,16.60,false
20,11,18,0,1,1000,132,13.20,false
20,11,18,1,0,1000,126,12.60,false
20,11,18,1,1,1000,106,10.60,false
20,11,18,2,2,1000,69,6.90,false
20,11,19,0,0,1000,175,17.50,true
20,11,19,0,1,1000,119,11.90,true
20,11,19,1,0,1000,106,10.60,true
20,11,19,1,1,1000,95,9.50,true
20,11,19,2,2,1000,68,6.80,true
20,12,1,0,0,1000,0,0.00,false
20,12,1,0,1,1000,0,0.00,false
20,12,1,1,0,1000,0,0.00,false
20,12,1,1,1,1000,0,0.00,false
20,12,1,2,2,1000,0,0.00,false
20,12,2,0,0,1000,0,0.00,false
20,12,2,0,1,1000,0,0.00,false
20,12,2,1,0,1000,0,0.00,false
20,12,2,1,1,1000,0,0.00,false
20,12,2,2,2,1000,0,0.00,false
20,12,3,0,0,1000,0,0.00,false
20,12,3,0,1,1000,0,0.00,false
20,12,3,1,0,1000,0,0.00,false
20,12,3,1,1,1000,0,0.00,false
20,12,3,2,2,1000,0,0.00,false
20,12,4,0,0,1000,0,0.00,false
20,12,4,0,1,1000,0,0.00,false
20,12,4,1,0,1000,0,0.00,false
20,12,4,1,1,1000,0,0.00,false
20,12,4,2,2,1000,0,0.00,false
20,12,5,0,0,1000,0,0.00,false
20,12,5,0,1,1000,0,0.00,false
20,12,5,1,0,1000,0,0.00,false
20,12,5,1,1,1000,0,0.00,false
20,12,5,2,2,1000,0,0.00,false
20,12,6,0,0,1000,0,0.00,false
20,12,6,0,1,1000,0,0.00,false
20,12,6,1,0,1000,0,0.00,false
20,12,6,1,1,1000,0,0.00,false
20,12,6,2,2,1000,0,0.00,false
20,12,7,0,0,1000,0,0.00,false
20,12,7,0,1,1000,0,0.00,false
20,12,7,1,0,1000,0,0.00,false
20,12,7,1,1,1000,0,0.00,false
20,12,7,2,2,1000,0,0.00,false
20,12,8,0,0,1000,0,0.00,false
20,12,8,0,1,1000,0,0.00,false
20,12,8,1,0,1000,0,0.00,false
20,12,8,1,1,1000,0,0.00,false
20,12,8,2,2,1000,0,0.00,false
20,12,9,0,0,1000,0,0.00,false
20,12,9,0,1,1000,0,0.00,false
20,12,9,1,0,1000,0,0.00,false
20,12,9,1,1,1000,0,0.00,false
20,12,9,2,2,1000,0,0.00,false
20,12,10,0,0,1000,0,0.00,false
20,12,10,0,1,1000,0,0.00,false
20,12,10,1,0,1000,0,0.00,false
20,12,10,1,1,1000,0,0.00,false
20,12,10,2,2,1000,0,0.00,false
20,12,11,0,0,1000,0,0.00,false
20,12,11,0,1,1000,0,0.00,false
20,12,11,1,0,1000,0,0.00,false
20,12,11,1,1,1000,0,0.00,false
20,12,11,2,2,1000,0,0.00,false
20,12,13,0,0,1000,0,0.00,false
20,12,13,0,1,1000,0,0.00,false
20,12,13,1,0,1000,0,0.00,false
20,12,13,1,1,1000,0,0.00,false
20,12,13,2,2,1000,0,0.00,false
20,12,14,0,0,1000,0,0.00,false
20,12,14,0,1,1000,0,0.00,false
20,12,14,1,0,1000,0,0.00,false
20,12,14,1,1,1000,0,0.00,false
20,12,14,2,2,1000,0,0.00,false
20,12,15,0,0,1000,0,0.00,false
20,12,15,0,1,1000,0,0.00,false
20,12,15,1,0,1000,0,0.00,false
20,12,15,1,1,1000,0,0.00,false
20,12,15,2,2,1000,0,0.00,false
20,12,16,0,0,1000,0,0.00,false
20,12,16,0,1,1000,0,0.00,false
20,12,16,1,0,1000,0,0.00,false
20,12,16,1,1,1000,0,0.00,false
20,12,16,2,2,1000,0,0.00,false
20,12,17,0,0,1000,0,0.00,false
20,12,17,0,1,1000,0,0.00,false
20,12,17,1,0,1000,0,0.00,false
20,12,17,1,1,1000,0,0.00,false
20,12,17,2,2,1000,0,0.00,false
20,12,18,0,0,1000,0,0.00,false
20,12,18,0,1,1000,0,0.00,false
20,12,18,1,0,1000,0,0.00,false
20,12,18,1,1,1000,0,0.00,false
20,12,18,2,2,1000,0,0.00,false
20,12,19,0,0,1000,0,0.00,false
20,12,19,0,1,1000,0,0.00,false
20,12,19,1,0,1000,0,0.00,false
20,12,19,1,1,1000,0,0.00,false
20,12,19,2,2,1000,0,0.00,false
20,13,1,0,0,1000,164,16.40,true
20,13,1,0,1,1000,121,12.10,true
20,13,1,1,0,1000,116,11.60,true
20,13,1,1,1,1000,82,8.20,true
20,13,1,2,2,1000,64,6.40,true
20,13,2,0,0,1000,171,17.10,false
20,13,2,0,1,1000,128,12.80,false
20,13,2,1,0,1000,118,11.80,false
20,13,2,1,1,1000,79,7.90,false
20,13,2,2,2,1000,64,6.40,false
20,13,3,0,0,1000,176,17.60,true
20,13,3,0,1,1000,113,11.30,true
20,13,3,1,0,1000,119,11.90,true
20,13,3,1,1,1000,94,9.40,true
20,13,3,2,2,1000,59,5.90,true
20,13,4,0,0,1000,168,16.80,false
20,13,4,0,1,1000,122,12.20,false
20,13,4,1,0,1000,126,12.60,false
20,13,4,1,1,1000,84,8.40,false
20,13,4,2,2,1000,57,5.70,false
20,13,5,0,0,1000,164,16.40,false
20,13,5,0,1,1000,119,11.90,false
20,13,5,1,0,1000,109,10.90,false
20,13,5,1,1,1000,102,10.20,false
20,13,5,2,2,1000,64,6.40,false
20,13,6,0,0,1000,165,16.50,false
20,13,6,0,1,1000,122,12.20,false
20,13,6,1,0,1000,124,12.40,false
20,13,6,1,1,1000,90,9.00,false
20,13,6,2,2,1000,76,7.60,false
20,13,7,0,0,1000,186,18.60,true
20,13,7,0,1,1000,123,12.30,true
20,13,7,1,0,1000,120,12.00,true
20,13,7,1,1,1000,102,10.20,true
20,13,7,2,2,1000,64,6.40,true
20,13,8,0,0,1000,174,17.40,false
20,13,8,0,1,1000,138,13.80,false
20,13,8,1,0,1000,126,12.60,false
20,13,8,1,1,1000,94,9.40,false
20,13,8,2,2,1000,56,5.60,false
20,13,9,0,0,1000,168,16.80,true
20,13,9,0,1,1000,127,12.70,true
20,13,9,1,0,1000,116,11.60,true
20,13,9,1,1,1000,91,9.10,true
20,13,9,2,2,1000,65,6.50,true
20,13,10,0,0,1000,172,17.20,false
20,13,10,0,1,1000,121,12.10,false
20,13,10,1,0,1000,100,10.00,false
20,13,10,1,1,1000,107,10.70,false
20,13,10,2,2,1000,68,6.80,false
20,13,11,0,0,1000,180,18.00,true
20,13,11,0,1,1000,102,10.20,true
20,13,11,1,0,1000,130,13.00,true
20,13,11,1,1,1000,102,10.20,true
20,13,11,2,2,1000,67,6.70,true
20,13,12,0,0,1000,162,16.20,false
20,13,12,0,1,1000,126,12.60,false
20,13,12,1,0,1000,117,11.70,false
20,13,12,1,1,1000,86,8.60,false
20,13,12,2,2,1000,69,6.90,false
20,13,14,0,0,1000,163,16.30,false
20,13,14,0,1,1000,106,10.60,false
20,13,14,1,0,1000,132,13.20,false
20,13,14,1,1,1000,97,9.70,false
20,13,14,2,2,1000,69,6.90,false
20,13,15,0,0,1000,170,17.00,false
20,13,15,0,1,1000,130,13.00,false
20,13,15,1,0,1000,115,11.50,false
20,13,15,1,1,1000,82,8.20,false
20,13,15,2,2,1000,63,6.30,false
20,13,16,0,0,1000,164,16.40,false
20,13,16,0,1,1000,125,12.50,false
20,13,16,1,0,1000,129,12.90,false
20,13,16,1,1,1000,97,9.70,false
20,13,16,2,2,1000,64,6.40,false
20,13,17,0,0,1000,173,17.30,true
20,13,17,0,1,1000,127,12.70,true
20,13,17,1,0,1000,128,12.80,true
20,13,17,1,1,1000,100,10.00,true
20,13,17,2,2,1000,68,6.80,true
20,13,18,0,0,1000,151,15.10,false
20,13,18,0,1,1000,135,13.50,false
20,13,18,1,0,1000,127,12.70,false
20,13,18,1,1,1000,103,10.30,false
20,13,18,2,2,1000,65,6.50,false
20,13,19,0,0,1000,171,17.10,true
20,13,19,0,1,1000,124,12.40,true
20,13,19,1,0,1000,113,11.30,true
20,13,19,1,1,1000,84,8.40,true
20,13,19,2,2,1000,61,6.10,true
20,14,1,0,0,1000,0,0.00,false
20,14,1,0,1,1000,0,0.00,false
20,14,1,1,0,1000,0,0.00,false
20,14,1,1,1,1000,0,0.00,false
20,14,1,2,2,1000,0,0.00,false
20,14,2,0,0,1000,0,0.00,false
20,14,2,0,1,1000,0,0.00,false
20,14,2,1,0,1000,0,0.00,false
20,14,2,1,1,1000,0,0.00,false
20,14,2,2,2,1000,0,0.00,false
20,14,3,0,0,1000,0,0.00,false
20,14,3,0,1,1000,0,0.00,false
20,14,3,1,0,1000,0,0.00,false
20,14,3,1,1,1000,0,0.00,false
20,14,3,2,2,1000,0,0.00,false
20,14,4,0,0,1000,0,0.00,false
20,14,4,0,1,1000,0,0.00,false
20,14,4,1,0,1000,0,0.00,false
20,14,4,1,1,1000,0,0.00,false
20,14,4,2,2,1000,0,0.00,false
20,14,5,0,0,1000,0,0.00,false
20,14,5,0,1,1000,0,0.00,false
20,14,5,1,0,1000,0,0.00,false
20,14,5,1,1,1000,0,0.00,false
20,14,5,2,2,1000,0,0.00,false
20,14,6,0,0,1000,0,0.00,false
20,14,6,0,1,1000,0,0.00,false
20,14,6,1,0,1000,0,0.00,false
20,14,6,1,1,1000,0,0.00,false
20,14,6,2,2,1000,0,0.00,false
20,14,7,0,0,1000,0,0.00,false
20,14,7,0,1,1000,0,0.00,false
20,14,7,1,0,1000,0,0.00,false
20,14,7,1,1,1000,0,0.00,false
20,14,7,2,2,1000,0,0.00,false
20,14,8,0,0,1000,0,0.00,false
20,14,8,0,1,1000,0,0.00,false
20,14,8,1,0,1000,0,0.00,false
20,14,8,1,1,1000,0,0.00,false
20,14,8,2,2,1000,0,0.00,false
20,14,9,0,0,1000,0,0.00,false
20,14,9,0,1,1000,0,0.00,false
20,14,9,1,0,1000,0,0.00,false
20,14,9,1,1,1000,0,0.00,false
20,14,9,2,2,1000,0,0.00,false
20,14,10,0,0,1000,0,0.00,false
20,14,10,0,1,1000,0,0.00,false
20,14,10,1,0,1000,0,0.00,false
20,14,10,1,1,1000,0,0.00,false
20,14,10,2,2,1000,0,0.00,false
20,14,11,0,0,1000,0,0.00,false
20,14,11,0,1,1000,0,0.00,false
20,14,11,1,0,1000,0,0.00,false
20,14,11,1,1,1000,0,0.00,false
20,14,11,2,2,1000,0,0.00,false
20,14,12,0,0,1000,0,0.00,false
20,14,12,0,1,1000,0,0.00,false
20,14,12,1,0,1000,0,0.00,false
20,14,12,1,1,1000,0,0.00,false
20,14,12,2,2,1000,0,0.00,false
20,14,13,0,0,1000,0,0.00,false
20,14,13,0,1,1000,0,0.00,false
20,14,13,1,0,1000,0,0.00,false
20,14,13,1,1,1000,0,0.00,false
20,14,13,2,2,1000,0,0.00,false
20,14,15,0,0,1000,0,0.00,false
20,14,15,0,1,1000,0,0.00,false
20,14,15,1,0,1000,0,0.00,false
20,14,15,1,1,1000,0,0.00,false
20,14,15,2,2,1000,0,0.00,false
20,14,16,0,0,1000,0,0.00,false
20,14,16,0,1,1000,0,0.00,false
20,14,16,1,0,1000,0,0.00,false
20,14,16,1,1,1000,0,0.00,false
20,14,16,2,2,1000,0,0.00,false
20,14,17,0,0,1000,0,0.00,false
20,14,17,0,1,1000,0,0.00,false
20,14,17,1,0,1000,0,0.00,false
20,14,17,1,1,1000,0,0.00,false
20,14,17,2,2,1000,0,0.00,false
20,14,18,0,0,1000,0,0.00,false
20,14,18,0,1,1000,0,0.00,false
20,14,18,1,0,1000,0,0.00,false
20,14,18,1,1,1000,0,0.00,false
20,14,18,2,2,1000,0,0.00,false
20,14,19,0,0,1000,0,0.00,false
20,14,19,0,1,1000,0,0.00,false
20,14,19,1,0,1000,0,0.00,false
20,14,19,1,1,1000,0,0.00,false
20,14,19,2,2,1000,0,0.00,false
20,15,1,0,0,1000,0,0.00,false
20,15,1,0,1,1000,0,0.00,false
20,15,1,1,0,1000,0,0.00,false
20,15,1,1,1,1000,0,0.00,false
20,15,1,2,2,1000,0,0.00,false
20,15,2,0,0,1000,0,0.00,false
20,15,2,0,1,1000,0,0.00,false
20,15,2,1,0,1000,0,0.00,false
20,15,2,1,1,1000,0,0.00,false
20,15,2,2,2,1000,0,0.00,false
20,15,3,0,0,1000,0,0.00,false
20,15,3,0,1,1000,0,0.00,false
20,15,3,1,0,1000,0,0.00,false
20,15,3,1,1,1000,0,0.00,false
20,15,3,2,2,1000,0,0.00,false
20,15,4,0,0,1000,0,0.00,false
20,15,4,0,1,1000,0,0.00,false
20,15,4,1,0,1000,0,0.00,false
20,15,4,1,1,1000,0,0.00,false
20,15,4,2,2,1000,0,0.00,false
20,15,5,0,0,1000,0,0.00,false
20,15,5,0,1,1000,0,0.00,false
20,15,5,1,0,1000,0,0.00,false
20,15,5,1,1,1000,0,0.00,false
20,15,5,2,2,1000,0,0.00,false
20,15,6,0,0,1000,0,0.00,false
20,15,6,0,1,1000,0,0.00,false
20,15,6,1,0,1000,0,0.00,false
20,15,6,1,1,1000,0,0.00,false
20,15,6,2,2,1000,0,0.00,false
20,15,7,0,0,1000,0,0.00,false
20,15,7,0,1,1000,0,0.00,false
20,15,7,1,0,1000,0,0.00,false
20,15,7,1,1,1000,0,0.00,false
20,15,7,2,2,1000,0,0.00,false
20,15,8,0,0,1000,0,0.00,false
20,15,8,0,1,1000,0,0.00,false
20,15,8,1,0,1000,0,0.00,false
20,15,8,1,1,1000,0,0.00,false
20,15,8,2,2,1000,0,0.00,false
20,15,9,0,0,1000,0,0.00,false
20,15,9,0,1,1000,0,0.00,false
20,15,9,1,0,1000,0,0.00,false
20,15,9,1,1,1000,0,0.00,false
20,15,9,2,2,1000,0,0.00,false
20,15,10,0,0,1000,0,0.00,false
20,15,10,0,1,1000,0,0.00,false
20,15,10,1,0,1000,0,0.00,false
20,15,10,1,1,1000,0,0.00,false
20,15,10,2,2,1000,0,0.00,false
20,15,11,0,0,1000,0,0.00,false
20,15,11,0,1,1000,0,0.00,false
20,15,11,1,0,1000,0,0.00,false
20,15,11,1,1,1000,0,0.00,false
20,15,11,2,2,1000,0,0.00,false
20,15,12,0,0,1000,0,0.00,false
20,15,12,0,1,1000,0,0.00,false
20,15,12,1,0,1000,0,0.00,false
20,15,12,1,1,1000,0,0.00,false
20,15,12,2,2,1000,0,0.00,false
20,15,13,0,0,1000,0,0.00,false
20,15,13,0,1,1000,0,0.00,false
20,15,13,1,0,1000,0,0.00,false
20,15,13,1,1,1000,0,0.00,false
20,15,13,2,2,1000,0,0.00,false
20,15,14,0,0,1000,0,0.00,false
20,15,14,0,1,1000,0,0.00,false
20,15,14,1,0,1000,0,0.00,false
20,15,14,1,1,1000,0,0.00,false
20,15,14,2,2,1000,0,0.00,false
20,15,16,0,0,1000,0,0.00,false
20,15,16,0,1,1000,0,0.00,false
20,15,16,1,0,1000,0,0.00,false
20,15,16,1,1,1000,0,0.00,false
20,15,16,2,2,1000,0,0.00,false
20,15,17,0,0,1000,0,0.00,false
20,15,17,0,1,1000,0,0.00,false
20,15,17,1,0,1000,0,0.00,false
20,15,17,1,1,1000,0,0.00,false
20,15,17,2,2,1000,0,0.00,false
20,15,18,0,0,1000,0,0.00,false
20,15,18,0,1,1000,0,0.00,false
20,15,18,1,0,1000,0,0.00,false
20,15,18,1,1,1000,0,0.00,false
20,15,18,2,2,1000,0,0.00,false
20,15,19,0,0,1000,0,0.00,false
20,15,19,0,1,1000,0,0.00,false
20,15,19,1,0,1000,0,0.00,false
20,15,19,1,1,1000,0,0.00,false
20,15,19,2,2,1000,0,0.00,false
20,16,1,0,0,1000,0,0.00,false
20,16,1,0,1,1000,0,0.00,false
20,16,1,1,0,1000,0,0.00,false
20,16,1,1,1,1000,0,0.00,false
20,16,1,2,2,1000,0,0.00,false
20,16,2,0,0,1000,0,0.00,false
20,16,2,0,1,1000,0,0.00,false
20,16,2,1,0,1000,0,0.00,false
20,16,2,1,1,1000,0,0.00,false
20,16,2,2,2,1000,0,0.00,false
20,16,3,0,0,1000,0,0.00,false
20,16,3,0,1,1000,0,0.00,false
20,16,3,1,0,1000,0,0.00,false
20,16,3,1,1,1000,0,0.00,false
20,16,3,2,2,1000,0,0.00,false
20,16,4,0,0,1000,0,0.00,false
20,16,4,0,1,1000,0,0.00,false
20,16,4,1,0,1000,0,0.00,false
20,16,4,1,1,1000,0,0.00,false
20,16,4,2,2,1000,0,0.00,false
20,16,5,0,0,1000,0,0.00,false
20,16,5,0,1,1000,0,0.00,false
20,16,5,1,0,1000,0,0.00,false
20,16,5,1,1,1000,0,0.00,false
20,16,5,2,2,1000,0,0.00,false
20,16,6,0,0,1000,0,0.00,false
20,16,6,0,1,1000,0,0.00,false
20,16,6,1,0,1000,0,0.00,false
20,16,6,1,1,1000,0,0.00,false
20,16,6,2,2,1000,0,0.00,false
20,16,7,0,0,1000,0,0.00,false
20,16,7,0,1,1000,0,0.00,false
20,16,7,1,0,1000,0,0.00,false
20,16,7,1,1,1000,0,0.00,false
20,16,7,2,2,1000,0,0.00,false
20,16,8,0,0,1000,0,0.00,false
20,16,8,0,1,1000,0,0.00,false
20,16,8,1,0,1000,0,0.00,false
20,16,8,1,1,1000,0,0.00,false
20,16,8,2,2,1000,0,0.00,false
20,16,9,0,0,1000,0,0.00,false
20,16,9,0,1,1000,0,0.00,false
20,16,9,1,0,1000,0,0.00,false
20,16,9,1,1,1000,0,0.00,false
20,16,9,2,2,1000,0,0.00,false
20,16,10,0,0,1000,0,0.00,false
20,16,10,0,1,1000,0,0.00,false
20,16,10,1,0,1000,0,0.00,false
20,16,10,1,1,1000,0,0.00,false
20,16,10,2,2,1000,0,0.00,false
20,16,11,0,0,1000,0,0.00,false
20,16,11,0,1,1000,0,0.00,false
20,16,11,1,0,1000,0,0.00,false
20,16,11,1,1,1000,0,0.00,false
20,16,11,2,2,1000,0,0.00,false
20,16,12,0,0,1000,0,0.00,false
20,16,12,0,1,1000,0,0.00,false
20,16,12,1,0,1000,0,0.00,false
20,16,12,1,1,1000,0,0.00,false
20,16,12,2,2,1000,0,0.00,false
20,16,13,0,0,1000,0,0.00,false
20,16,13,0,1,1000,0,0.00,false
20,16,13,1,0,1000,0,0.00,false
20,16,13,1,1,1000,0,0.00,false
20,16,13,2,2,1000,0,0.00,false
20,16,14,0,0,1000,0,0.00,false
20,16,14,0,1,1000,0,0.00,false
20,16,14,1,0,1000,0,0.00,false
20,16,14,1,1,1000,0,0.00,false
20,16,14,2,2,1000,0,0.00,false
20,16,15,0,0,1000,0,0.00,false
20,16,15,0,1,1000,0,0.00,false
20,16,15,1,0,1000,0,0.00,false
20,16,15,1,1,1000,0,0.00,false
20,16,15,2,2,1000,0,0.00,false
20,16,17,0,0,1000,0,0.00,false
20,16,17,0,1,1000,0,0.00,false
20,16,17,1,0,1000,0,0.00,false
20,16,17,1,1,1000,0,0.00,false
20,16,17,2,2,1000,0,0.00,false
20,16,18,0,0,1000,0,0.00,false
20,16,18,0,1,1000,0,0.00,false
20,16,18,1,0,1000,0,0.00,false
20,16,18,1,1,1000,0,0.00,false
20,16,18,2,2,1000,0,0.00,false
20,16,19,0,0,1000,0,0.00,false
20,16,19,0,1,1000,0,0.00,false
20,16,19,1,0,1000,0,0.00,false
20,16,19,1,1,1000,0,0.00,false
20,16,19,2,2,1000,0,0.00,false
20,17,1,0,0,1000,167,16.70,true
20,17,1,0,1,1000,121,12.10,true
20,17,1,1,0,1000,117,11.70,true
20,17,1,1,1,1000,101,10.10,true
20,17,1,2,2,1000,62,6.20,true
20,17,2,0,0,1000,167,16.70,false
20,17,2,0,1,1000,123,12.30,false
20,17,2,1,0,1000,123,12.30,false
20,17,2,1,1,1000,85,8.50,false
20,17,2,2,2,1000,59,5.90,false
20,17,3,0,0,1000,155,15.50,true
20,17,3,0,1,1000,111,11.10,true
20,17,3,1,0,1000,107,10.70,true
20,17,3,1,1,1000,99,9.90,true
20,17,3,2,2,1000,67,6.70,true
20,17,4,0,0,1000,164,16.40,false
20,17,4,0,1,1000,116,11.60,false
20,17,4,1,0,1000,119,11.90,false
20,17,4,1,1,1000,90,9.00,false
20,17,4,2,2,1000,68,6.80,false
20,17,5,0,0,1000,154,15.40,false
20,17,5,0,1,1000,125,12.50,false
20,17,5,1,0,1000,113,11.30,false
20,17,5,1,1,1000,83,8.30,false
20,17,5,2,2,1000,60,6.00,false
20,17,6,0,0,1000,156,15.60,false
20,17,6,0,1,1000,122,12.20,false
20,17,6,1,0,1000,128,12.80,false
20,17,6,1,1,1000,90,9.00,false
20,17,6,2,2,1000,61,6.10,false
20,17,7,0,0,1000,161,16.10,true
20,17,7,0,1,1000,127,12.70,true
20,17,7,1,0,1000,135,13.50,true
20,17,7,1,1,1000,107,10.70,true
20,17,7,2,2,1000,64,6.40,true
20,17,8,0,0,1000,171,17.10,false
20,17,8,0,1,1000,122,12.20,false
20,17,8,1,0,1000,131,13.10,false
20,17,8,1,1,1000,98,9.80,false
20,17,8,2,2,1000,66,6.60,false
20,17,9,0,0,1000,172,17.20,true
20,17,9,0,1,1000,116,11.60,true
20,17,9,1,0,1000,110,11.00,true
20,17,9,1,1,1000,91,9.10,true
20,17,9,2,2,1000,71,7.10,true
20,17,10,0,0,1000,158,15.80,false
20,17,10,0,1,1000,119,11.90,false
20,17,10,1,0,1000,122,12.20,false
20,17,10,1,1,1000,89,8.90,false
20,17,10,2,2,1000,77,7.70,false
20,17,11,0,0,1000,190,19.00,true
20,17,11,0,1,1000,108,10.80,true
20,17,11,1,0,1000,119,11.90,true
20,17,11,1,1,1000,103,10.30,true
20,17,11,2,2,1000,65,6.50,true
20,17,12,0,0,1000,176,17.60,false
20,17,12,0,1,1000,125,12.50,false
20,17,12,1,0,1000,129,12.90,false
20,17,12,1,1,1000,100,10.00,false
20,17,12,2,2,1000,73,7.30,false
20,17,13,0,0,1000,157,15.70,true
20,17,13,0,1,1000,123,12.30,true
20,17,13,1,0,1000,116,11.60,true
20,17,13,1,1,1000,104,10.40,true
20,17,13,2,2,1000,52,5.20,true
20,17,14,0,0,1000,181,18.10,false
20,17,14,0,1,1000,119,11.90,false
20,17,14,1,0,1000,127,12.70,false
20,17,14,1,1,1000,91,9.10,false
20,17,14,2,2,1000,63,6.30,false
20,17,15,0,0,1000,167,16.70,false
20,17,15,0,1,1000,121,12.10,false
20,17,15,1,0,1000,116,11.60,false
20,17,15,1,1,1000,89,8.90,false
20,17,15,2,2,1000,75,7.50,false
20,17,16,0,0,1000,175,17.50,false
20,17,16,0,1,1000,111,11.10,false
20,17,16,1,0,1000,138,13.80,false
20,17,16,1,1,1000,82,8.20,false
20,17,16,2,2,1000,68,6.80,false
20,17,18,0,0,1000,160,16.00,false
20,17,18,0,1,1000,126,12.60,false
20,17,18,1,0,1000,121,12.10,false
20,17,18,1,1,1000,84,8.40,false
20,17,18,2,2,1000,60,6.00,false
20,17,19,0,0,1000,165,16.50,true
20,17,19,0,1,1000,125,12.50,true
20,17,19,1,0,1000,122,12.20,true
20,17,19,1,1,1000,89,8.90,true
20,17,19,2,2,1000,67,6.70,true
20,18,1,0,0,1000,0,0.00,false
20,18,1,0,1,1000,0,0.00,false
20,18,1,1,0,1000,0,0.00,false
20,18,1,1,1,1000,0,0.00,false
20,18,1,2,2,1000,0,0.00,false
20,18,2,0,0,1000,0,0.00,false
20,18,2,0,1,1000,0,0.00,false
20,18,2,1,0,1000,0,0.00,false
20,18,2,1,1,1000,0,0.00,false
20,18,2,2,2,1000,0,0.00,false
20,18,3,0,0,1000,0,0.00,false
20,18,3,0,1,1000,0,0.00,false
20,18,3,1,0,1000,0,0.00,false
20,18,3,1,1,1000,0,0.00,false
20,18,3,2,2,1000,0,0.00,false
20,18,4,0,0,1000,0,0.00,false
20,18,4,0,1,1000,0,0.00,false
20,18,4,1,0,1000,0,0.00,false
20,18,4,1,1,1000,0,0.00,false
20,18,4,2,2,1000,0,0.00,false
20,18,5,0,0,1000,0,0.00,false
20,18,5,0,1,1000,0,0.00,false
20,18,5,1,0,1000,0,0.00,false
20,18,5,1,1,1000,0,0.00,false
20,18,5,2,2,1000,0,0.00,false
20,18,6,0,0,1000,0,0.00,false
20,18,6,0,1,1000,0,0.00,false
20,18,6,1,0,1000,0,0.00,false
20,18,6,1,1,1000,0,0.00,false
20,18,6,2,2,1000,0,0.00,false
20,18,7,0,0,1000,0,0.00,false
20,18,7,0,1,1000,0,0.00,false
20,18,7,1,0,1000,0,0.00,false
20,18,7,1,1,1000,0,0.00,false
20,18,7,2,2,1000,0,0.00,false
20,18,8,0,0,1000,0,0.00,false
20,18,8,0,1,1000,0,0.00,false
20,18,8,1,0,1000,0,0.00,false
20,18,8,1,1,1000,0,0.00,false
20,18,8,2,2,1000,0,0.00,false
20,18,9,0,0,1000,0,0.00,false
20,18,9,0,1,1000,0,0.00,false
20,18,9,1,0,1000,0,0.00,false
20,18,9,1,1,1000,0,0.00,false
20,18,9,2,2,1000,0,0.00,false
20,18,10,0,0,1000,0,0.00,false
20,18,10,0,1,1000,0,0.00,false
20,18,10,1,0,1000,0,0.00,false
20,18,10,1,1,1000,0,0.00,false
20,18,10,2,2,1000,0,0.00,false
20,18,11,0,0,1000,0,0.00,false
20,18,11,0,1,1000,0,0.00,false
20,18,11,1,0,1000,0,0.00,false
20,18,11,1,1,1000,0,0.00,false
20,18,11,2,2,1000,0,0.00,false
20,18,12,0,0,1000,0,0.00,false
20,18,12,0,1,1000,0,0.00,false
20,18,12,1,0,1000,0,0.00,false
20,18,12,1,1,1000,0,0.00,false
20,18,12,2,2,1000,0,0.00,false
20,18,13,0,0,1000,0,0.00,false
20,18,13,0,1,1000,0,0.00,false
20,18,13,1,0,1000,0,0.00,false
20,18,13,1,1,1000,0,0.00,false
20,18,13,2,2,1000,0,0.00,false
20,18,14,0,0,1000,0,0.00,false
20,18,14,0,1,1000,0,0.00,false
20,18,14,1,0,1000,0,0.00,false
20,18,14,1,1,1000,0,0.00,false
20,18,14,2,2,1000,0,0.00,false
20,18,15,0,0,1000,0,0.00,false
20,18,15,0,1,1000,0,0.00,false
20,18,15,1,0,1000,0,0.00,false
20,18,15,1,1,1000,0,0.00,false
20,18,15,2,2,1000,0,0.00,false
20,18,16,0,0,1000,0,0.00,false
20,18,16,0,1,1000,0,0.00,false
20,18,16,1,0,1000,0,0.00,false
20,18,16,1,1,1000,0,0.00,false
20,18,16,2,2,1000,0,0.00,false
20,18,17,0,0,1000,0,0.00,false
20,18,17,0,1,1000,0,0.00,false
20,18,17,1,0,1000,0,0.00,false
20,18,17,1,1,1000,0,0.00,false
20,18,17,2,2,1000,0,0.00,false
20,18,19,0,0,1000,0,0.00,false
20,18,19,0,1,1000,0,0.00,false
20,18,19,1,0,1000,0,0.00,false
20,18,19,1,1,1000,0,0.00,false
20,18,19,2,2,1000,0,0.00,false
20,19,1,0,0,1000,166,16.60,true
20,19,1,0,1,1000,112,11.20,true
20,19,1,1,0,1000,118,11.80,true
20,19,1,1,1,1000,99,9.90,true
20,19,1,2,2,1000,63,6.30,true
20,19,2,0,0,1000,168,16.80,false
20,19,2,0,1,1000,122,12.20,false
20,19,2,1,0,1000,121,12.10,false
20,19,2,1,1,1000,99,9.90,false
20,19,2,2,2,1000,68,6.80,false
20,19,3,0,0,1000,171,17.10,true
20,19,3,0,1,1000,118,11.80,true
20,19,3,1,0,1000,125,12.50,true
20,19,3,1,1,1000,95,9.50,true
20,19,3,2,2,1000,81,8.10,true
20,19,4,0,0,1000,182,18.20,false
20,19,4,0,1,1000,119,11.90,false
20,19,4,1,0,1000,128,12.80,false
20,19,4,1,1,1000,94,9.40,false
20,19,4,2,2,1000,61,6.10,false
20,19,5,0,0,1000,171,17.10,false
20,19,5,0,1,1000,102,10.20,false
20,19,5,1,0,1000,126,12.60,false
20,19,5,1,1,1000,88,8.80,false
20,19,5,2,2,1000,58,5.80,false
20,19,6,0,0,1000,162,16.20,false
20,19,6,0,1,1000,122,12.20,false
20,19,6,1,0,1000,122,12.20,false
20,19,6,1,1,1000,97,9.70,false
20,19,6,2,2,1000,61,6.10,false
20,19,7,0,0,1000,163,16.30,true
20,19,7,0,1,1000,119,11.90,true
20,19,7,1,0,1000,128,12.80,true
20,19,7,1,1,1000,84,8.40,true
20,19,7,2,2,1000,72,7.20,true
20,19,8,0,0,1000,163,16.30,false
20,19,8,0,1,1000,122,12.20,false
20,19,8,1,0,1000,114,11.40,false
20,19,8,1,1,1000,99,9.90,false
20,19,8,2,2,1000,58,5.80,false
20,19,9,0,0,1000,167,16.70,true
20,19,9,0,1,1000,116,11.60,true
20,19,9,1,0,1000,114,11.40,true
20,19,9,1,1,1000,85,8.50,true
20,19,9,2,2,1000,68,6.80,true
20,19,10,0,0,1000,172,17.20,false
20,19,10,0,1,1000,131,13.10,false
20,19,10,1,0,1000,111,11.10,false
20,19,10,1,1,1000,79,7.90,false
20,19,10,2,2,1000,66,6.60,false
20,19,11,0,0,1000,165,16.50,true
20,19,11,0,1,1000,118,11.80,true
20,19,11,1,0,1000,130,13.00,true
20,19,11,1,1,1000,93,9.30,true
20,19,11,2,2,1000,62,6.20,true
20,19,12,0,0,1000,163,16.30,false
20,19,12,0,1,1000,119,11.90,false
20,19,12,1,0,1000,123,12.30,false
20,19,12,1,1,1000,84,8.40,false
20,19,12,2,2,1000,69,6.90,false
20,19,13,0,0,1000,178,17.80,true
20,19,13,0,1,1000,136,13.60,true
20,19,13,1,0,1000,133,13.30,true
20,19,13,1,1,1000,108,10.80,true
20,19,13,2,2,1000,70,7.00,true
20,19,14,0,0,1000,163,16.30,false
20,19,14,0,1,1000,117,11.70,false
20,19,14,1,0,1000,109,10.90,false
20,19,14,1,1,1000,95,9.50,false
20,19,14,2,2,1000,56,5.60,false
20,19,15,0,0,1000,168,16.80,false
20,19,15,0,1,1000,128,12.80,false
20,19,15,1,0,1000,129,12.90,false
20,19,15,1,1,1000,86,8.60,false
20,19,15,2,2,1000,68,6.80,false
20,19,16,0,0,1000,163,16.30,false
20,19,16,0,1,1000,118,11.80,false
20,19,16,1,0,1000,109,10.90,false
20,19,16,1,1,1000,101,10.10,false
20,19,16,2,2,1000,68,6.80,false
20,19,17,0,0,1000,157,15.70,true
20,19,17,0,1,1000,122,12.20,true
20,19,17,1,0,1000,112,11.20,true
20,19,17,1,1,1000,100,10.00,true
20,19,17,2,2,1000,60,6.00,true
20,19,18,0,0,1000,169,16.90,false
20,19,18,0,1,1000,120,12.00,false
20,19,18,1,0,1000,138,13.80,false
20,19,18,1,1,1000,92,9.20,false
20,19,18,2,2,1000,71,7.10,false
24,1,2,0,0,1000,225,22.50,false
24,1,2,0,1,1000,162,16.20,false
24,1,2,1,0,1000,151,15.10,false
24,1,2,1,1,1000,130,13.00,false
24,1,2,2,2,1000,87,8.70,false
24,1,3,0,0,1000,227,22.70,false
24,1,3,0,1,1000,184,18.40,false
24,1,3,1,0,1000,167,16.70,false
24,1,3,1,1,1000,110,11.00,false
24,1,3,2,2,1000,70,7.00,false
24,1,4,0,0,1000,213,21.30,false
24,1,4,0,1,1000,154,15.40,false
24,1,4,1,0,1000,155,15.50,false
24,1,4,1,1,1000,140,14.00,false
24,1,4,2,2,1000,86,8.60,false
24,1,5,0,0,1000,243,24.30,true
24,1,5,0,1,1000,167,16.70,true
24,1,5,1,0,1000,153,15.30,true
24,1,5,1,1,1000,99,9.90,true
24,1,5,2,2,1000,75,7.50,true
24,1,6,0,0,1000,222,22.20,false
24,1,6,0,1,1000,155,15.50,false
24,1,6,1,0,1000,166,16.60,false
24,1,6,1,1,1000,110,11.00,false
24,1,6,2,2,1000,84,8.40,false
24,1,7,0,0,1000,227,22.70,true
24,1,7,0,1,1000,157,15.70,true
24,1,7,1,0,1000,139,13.90,true
24,1,7,1,1,1000,112,11.20,true
24,1,7,2,2,1000,86,8.60,true
24,1,8,0,0,1000,223,22.30,false
24,1,8,0,1,1000,176,17.60,false
24,1,8,1,0,1000,155,15.50,false
24,1,8,1,1,1000,130,13.00,false
24,1,8,2,2,1000,95,9.50,false
24,1,9,0,0,1000,224,22.40,false
24,1,9,0,1,1000,158,15.80,false
24,1,9,1,0,1000,151,15.10,false
24,1,9,1,1,1000,115,11.50,false
24,1,9,2,2,1000,67,6.70,false
24,1,10,0,0,1000,215,21.50,false
24,1,10,0,1,1000,155,15.50,false
24,1,10,1,0,1000,157,15.70,false
24,1,10,1,1,1000,119,11.90,false
24,1,10,2,2,1000,91,9.10,false
24,1,11,0,0,1000,229,22.90,true
24,1,11,0,1,1000,153,15.30,true
24,1,11,1,0,1000,158,15.80,true
24,1,11,1,1,1000,116,11.60,true
24,1,11,2,2,1000,73,7.30,true
24,1,12,0,0,1000,211,21.10,false
24,1,12,0,1,1000,164,16.40,false
24,1,12,1,0,1000,165,16.50,false
24,1,12,1,1,1000,115,11.50,false
24,1,12,2,2,1000,75,7.50,false
24,1,13,0,0,1000,227,22.70,true
24,1,13,0,1,1000,153,15.30,true
24,1,13,1,0,1000,153,15.30,true
24,1,13,1,1,1000,118,11.80,true
24,1,13,2,2,1000,69,6.90,true
24,1,14,0,0,1000,224,22.40,false
24,1,14,0,1,1000,153,15.30,false
24,1,14,1,0,1000,158,15.80,false
24,1,14,1,1,1000,122,12.20,false
24,1,14,2,2,1000,82,8.20,false
24,1,15,0,0,1000,219,21.90,false
24,1,15,0,1,1000,157,15.70,false
24,1,15,1,0,1000,143,14.30,false
24,1,15,1,1,1000,118,11.80,false
24,1,15,2,2,1000,69,6.90,false
24,1,16,0,0,1000,239,23.90,false
24,1,16,0,1,1000,151,15.10,false
24,1,16,1,0,1000,173,17.30,false
24,1,16,1,1,1000,120,12.00,false
24,1,16,2,2,1000,78,7.80,false
24,1,17,0,0,1000,223,22.30,true
24,1,17,0,1,1000,160,16.00,true
24,1,17,1,0,1000,159,15.90,true
24,1,17,1,1,1000,111,11.10,true
24,1,17,2,2,1000,84,8.40,true
24,1,18,0,0,1000,222,22.20,false
24,1,18,0,1,1000,171,17.10,false
24,1,18,1,0,1000,172,17.20,false
24,1,18,1,1,1000,108,10.80,false
24,1,18,2,2,1000,77,7.70,false
24,1,19,0,0,1000,221,22.10,true
24,1,19,0,1,1000,165,16.50,true
24,1,19,1,0,1000,154,15.40,true
24,1,19,1,1,1000,104,10.40,true
24,1,19,2,2,1000,70,7.00,true
24,1,20,0,0,1000,210,21.00,false
24,1,20,0,1,1000,161,16.10,false
24,1,20,1,0,1000,161,16.10,false
24,1,20,1,1,1000,123,12.30,false
24,1,20,2,2,1000,75,7.50,false
24,1,21,0,0,1000,217,21.70,false
24,1,21,0,1,1000,149,14.90,false
24,1,21,1,0,1000,162,16.20,false
24,1,21,1,1,1000,110,11.00,false
24,1,21,2,2,1000,71,7.10,false
24,1,22,0,0,1000,215,21.50,false
24,1,22,0,1,1000,141,14.10,false
24,1,22,1,0,1000,159,15.90,false
24,1,22,1,1,1000,123,12.30,false
24,1,22,2,2,1000,85,8.50,false
24,1,23,0,0,1000,209,20.90,true
24,1,23,0,1,1000,152,15.20,true
24,1,23,1,0,1000,147,14.70,true
24,1,23,1,1,1000,107,10.70,true
24,1,23,2,2,1000,79,7.90,true
24,2,1,0,0,1000,0,0.00,false
24,2,1,0,1,1000,0,0.00,false
24,2,1,1,0,1000,0,0.00,false
24,2,1,1,1,1000,0,0.00,false
24,2,1,2,2,1000,0,0.00,false
24,2,3,0,0,1000,0,0.00,false
24,2,3,0,1,1000,0,0.00,false
24,2,3,1,0,1000,0,0.00,false
24,2,3,1,1,1000,0,0.00,false
24,2,3,2,2,1000,0,0.00,false
24,2,4,0,0,1000,0,0.00,false
24,2,4,0,1,1000,0,0.00,false
24,2,4,1,0,1000,0,0.00,false
24,2,4,1,1,1000,0,0.00,false
24,2,4,2,2,1000,0,0.00,false
24,2,5,0,0,1000,0,0.00,false
24,2,5,0,1,1000,0,0.00,false
24,2,5,1,0,1000,0,0.00,false
24,2,5,1,1,1000,0,0.00,false
24,2,5,2,2,1000,0,0.00,false
24,2,6,0,0,1000,0,0.00,false
24,2,6,0,1,1000,0,0.00,false
24,2,6,1,0,1000,0,0.00,false
24,2,6,1,1,1000,0,0.00,false
24,2,6,2,2,1000,0,0.00,false
24,2,7,0,0,1000,0,0.00,false
24,2,7,0,1,1000,0,0.00,false
24,2,7,1,0,1000,0,0.00,false
24,2,7,1,1,1000,0,0.00,false
24,2,7,2,2,1000,0,0.00,false
24,2,8,0,0,1000,0,0.00,false
24,2,8,0,1,1000,0,0.00,false
24,2,8,1,0,1000,0,0.00,false
24,2,8,1,1,1000,0,0.00,false
24,2,8,2,2,1000,0,0.00,false
24,2,9,0,0,1000,0,0.00,false
24,2,9,0,1,1000,0,0.00,false
24,2,9,1,0,1000,0,0.00,false
24,2,9,1,1,1000,0,0.00,false
24,2,9,2,2,1000,0,0.00,false
24,2,10,0,0,1000,0,0.00,false
24,2,10,0,1,1000,0,0.00,false
24,2,10,1,0,1000,0,0.00,false
24,2,10,1,1,1000,0,0.00,false
24,2,10,2,2,1000,0,0.00,false
24,2,11,0,0,1000,0,0.00,false
24,2,11,0,1,1000,0,0.00,false
24,2,11,1,0,1000,0,0.00,false
24,2,11,1,1,1000,0,0.00,false
24,2,11,2,2,1000,0,0.00,false
24,2,12,0,0,1000,0,0.00,false
24,2,12,0,1,1000,0,0.00,false
24,2,12,1,0,1000,0,0.00,false
24,2,12,1,1,1000,0,0.00,false
24,2,12,2,2,1000,0,0.00,false
24,2,13,0,0,1000,0,0.00,false
24,2,13,0,1,1000,0,0.00,false
24,2,13,1,0,1000,0,0.00,false
24,2,13,1,1,1000,0,0.00,false
24,2,13,2,2,1000,0,0.00,false
24,2,14,0,0,1000,0,0.00,false
24,2,14,0,1,1000,0,0.00,false
24,2,14,1,0,1000,0,0.00,false
24,2,14,1,1,1000,0,0.00,false
24,2,14,2,2,1000,0,0.00,false
24,2,15,0,0,1000,0,0.00,false
24,2,15,0,1,1000,0,0.00,false
24,2,15,1,0,1000,0,0.00,false
24,2,15,1,1,1000,0,0.00,false
24,2,15,2,2,1000,0,0.00,false
24,2,16,0,0,1000,0,0.00,false
24,2,16,0,1,1000,0,0.00,false
24,2,16,1,0,1000,0,0.00,false
24,2,16,1,1,1000,0,0.00,false
24,2,16,2,2,1000,0,0.00,false
24,2,17,0,0,1000,0,0.00,false
24,2,17,0,1,1000,0,0.00,false
24,2,17,1,0,1000,0,0.00,false
24,2,17,1,1,1000,0,0.00,false
24,2,17,2,2,1000,0,0.00,false
24,2,18,0,0,1000,0,0.00,false
24,2,18,0,1,1000,0,0.00,false
24,2,18,1,0,1000,0,0.00,false
24,2,18,1,1,1000,0,0.00,false
24,2,18,2,2,1000,0,0.00,false
24,2,19,0,0,1000,0,0.00,false
24,2,19,0,1,1000,0,0.00,false
24,2,19,1,0,1000,0,0.00,false
24,2,19,1,1,1000,0,0.00,false
24,2,19,2,2,1000,0,0.00,false
24,2,20,0,0,1000,0,0.00,false
24,2,20,0,1,1000,0,0.00,false
24,2,20,1,0,1000,0,0.00,false
24,2,20,1,1,1000,0,0.00,false
24,2,20,2,2,1000,0,0.00,false
24,2,21,0,0,1000,0,0.00,false
24,2,21,0,1,1000,0,0.00,false
24,2,21,1,0,1000,0,0.00,false
24,2,21,1,1,1000,0,0.00,false
24,2,21,2,2,1000,0,0.00,false
24,2,22,0,0,1000,0,0.00,false
24,2,22,0,1,1000,0,0.00,false
24,2,22,1,0,1000,0,0.00,false
24,2,22,1,1,1000,0,0.00,false
24,2,22,2,2,1000,0,0.00,false
24,2,23,0,0,1000,0,0.00,false
24,2,23,0,1,1000,0,0.00,false
24,2,23,1,0,1000,0,0.00,false
24,2,23,1,1,1000,0,0.00,false
24,2,23,2,2,1000,0,0.00,false
24,3,1,0,0,1000,0,0.00,false
24,3,1,0,1,1000,0,0.00,false
24,3,1,1,0,1000,0,0.00,false
24,3,1,1,1,1000,0,0.00,false
24,3,1,2,2,1000,0,0.00,false
24,3,2,0,0,1000,0,0.00,false
24,3,2,0,1,1000,0,0.00,false
24,3,2,1,0,1000,0,0.00,false
24,3,2,1,1,1000,0,0.00,false
24,3,2,2,2,1000,0,0.00,false
24,3,4,0,0,1000,0,0.00,false
24,3,4,0,1,1000,0,0.00,false
24,3,4,1,0,1000,0,0.00,false
24,3,4,1,1,1000,0,0.00,false
24,3,4,2,2,1000,0,0.00,false
24,3,5,0,0,1000,0,0.00,false
24,3,5,0,1,1000,0,0.00,false
24,3,5,1,0,1000,0,0.00,false
24,3,5,1,1,1000,0,0.00,false
24,3,5,2,2,1000,0,0.00,false
24,3,6,0,0,1000,0,0.00,false
24,3,6,0,1,1000,0,0.00,false
24,3,6,1,0,1000,0,0.00,false
24,3,6,1,1,1000,0,0.00,false
24,3,6,2,2,1000,0,0.00,false
24,3,7,0,0,1000,0,0.00,false
24,3,7,0,1,1000,0,0.00,false
24,3,7,1,0,1000,0,0.00,false
24,3,7,1,1,1000,0,0.00,false
24,3,7,2,2,1000,0,0.00,false
24,3,8,0,0,1000,0,0.00,false
24,3,8,0,1,1000,0,0.00,false
24,3,8,1,0,1000,0,0.00,false
24,3,8,1,1,1000,0,0.00,false
24,3,8,2,2,1000,0,0.00,false
24,3,9,0,0,1000,0,0.00,false
24,3,9,0,1,1000,0,0.00,false
24,3,9,1,0,1000,0,0.00,false
24,3,9,1,1,1000,0,0.00,false
24,3,9,2,2,1000,0,0.00,false
24,3,10,0,0,1000,0,0.00,false
24,3,10,0,1,1000,0,0.00,false
24,3,10,1,0,1000,0,0.00,false
24,3,10,1,1,1000,0,0.00,false
24,3,10,2,2,1000,0,0.00,false
24,3,11,0,0,1000,0,0.00,false
24,3,11,0,1,1000,0,0.00,false
24,3,11,1,0,1000,0,0.00,false
24,3,11,1,1,1000,0,0.00,false
24,3,11,2,2,1000,0,0.00,false
24,3,12,0,0,1000,0,0.00,false
24,3,12,0,1,1000,0,0.00,false
24,3,12,1,0,1000,0,0.00,false
24,3,12,1,1,1000,0,0.00,false
24,3,12,2,2,1000,0,0.00,false
24,3,13,0,0,1000,0,0.00,false
24,3,13,0,1,1000,0,0.00,false
24,3,13,1,0,1000,0,0.00,false
24,3,13,1,1,1000,0,0.00,false
24,3,13,2,2,1000,0,0.00,false
24,3,14,0,0,1000,0,0.00,false
24,3,14,0,1,1000,0,0.00,false
24,3,14,1,0,1000,0,0.00,false
24,3,14,1,1,1000,0,0.00,false
24,3,14,2,2,1000,0,0.00,false
24,3,15,0,0,1000,0,0.00,false
24,3,15,0,1,1000,0,0.00,false
24,3,15,1,0,1000,0,0.00,false
24,3,15,1,1,1000,0,0.00,false
24,3,15,2,2,1000,0,0.00,false
24,3,16,0,0,1000,0,0.00,false
24,3,16,0,1,1000,0,0.00,false
24,3,16,1,0,1000,0,0.00,false
24,3,16,1,1,1000,0,0.00,false
24,3,16,2,2,1000,0,0.00,false
24,3,17,0,0,1000,0,0.00,false
24,3,17,0,1,1000,0,0.00,false
24,3,17,1,0,1000,0,0.00,false
24,3,17,1,1,1000,0,0.00,false
24,3,17,2,2,1000,0,0.00,false
24,3,18,0,0,1000,0,0.00,false
24,3,18,0,1,1000,0,0.00,false
24,3,18,1,0,1000,0,0.00,false
24,3,18,1,1,1000,0,0.00,false
24,3,18,2,2,1000,0,0.00,false
24,3,19,0,0,1000,0,0.00,false
24,3,19,0,1,1000,0,0.00,false
24,3,19,1,0,1000,0,0.00,false
24,3,19,1,1,1000,0,0.00,false
24,3,19,2,2,1000,0,0.00,false
24,3,20,0,0,1000,0,0.00,false
24,3,20,0,1,1000,0,0.00,false
24,3,20,1,0,1000,0,0.00,false
24,3,20,1,1,1000,0,0.00,false
24,3,20,2,2,1000,0,0.00,false
24,3,21,0,0,1000,0,0.00,false
24,3,21,0,1,1000,0,0.00,false
24,3,21,1,0,1000,0,0.00,false
24,3,21,1,1,1000,0,0.00,false
24,3,21,2,2,1000,0,0.00,false
24,3,22,0,0,1000,0,0.00,false
24,3,22,0,1,1000,0,0.00,false
24,3,22,1,0,1000,0,0.00,false
24,3,22,1,1,1000,0,0.00,false
24,3,22,2,2,1000,0,0.00,false
24,3,23,0,0,1000,0,0.00,false
24,3,23,0,1,1000,0,0.00,false
24,3,23,1,0,1000,0,0.00,false
24,3,23,1,1,1000,0,0.00,false
24,3,23,2,2,1000,0,0.00,false
24,4,1,0,0,1000,0,0.00,false
24,4,1,0,1,1000,0,0.00,false
24,4,1,1,0,1000,0,0.00,false
24,4,1,1,1,1000,0,0.00,false
24,4,1,2,2,1000,0,0.00,false
24,4,2,0,0,1000,0,0.00,false
24,4,2,0,1,1000,0,0.00,false
24,4,2,1,0,1000,0,0.00,false
24,4,2,1,1,1000,0,0.00,false
24,4,2,2,2,1000,0,0.00,false
24,4,3,0,0,1000,0,0.00,false
24,4,3,0,1,1000,0,0.00,false
24,4,3,1,0,1000,0,0.00,false
24,4,3,1,1,1000,0,0.00,false
24,4,3,2,2,1000,0,0.00,false
24,4,5,0,0,1000,0,0.00,false
24,4,5,0,1,1000,0,0.00,false
24,4,5,1,0,1000,0,0.00,false
24,4,5,1,1,1000,0,0.00,false
24,4,5,2,2,1000,0,0.00,false
24,4,6,0,0,1000,0,0.00,false
24,4,6,0,1,1000,0,0.00,false
24,4,6,1,0,1000,0,0.00,false
24,4,6,1,1,1000,0,0.00,false
24,4,6,2,2,1000,0,0.00,false
24,4,7,0,0,1000,0,0.00,false
24,4,7,0,1,1000,0,0.00,false
24,4,7,1,0,1000,0,0.00,false
24,4,7,1,1,1000,0,0.00,false
24,4,7,2,2,1000,0,0.00,false
24,4,8,0,0,1000,0,0.00,false
24,4,8,0,1,1000,0,0.00,false
24,4,8,1,0,1000,0,0.00,false
24,4,8,1,1,1000,0,0.00,false
24,4,8,2,2,1000,0,0.00,false
24,4,9,0,0,1000,0,0.00,false
24,4,9,0,1,1000,0,0.00,false
24,4,9,1,0,1000,0,0.00,false
24,4,9,1,1,1000,0,0.00,false
24,4,9,2,2,1000,0,0.00,false
24,4,10,0,0,1000,0,0.00,false
24,4,10,0,1,1000,0,0.00,false
24,4,10,1,0,1000,0,0.00,false
24,4,10,1,1,1000,0,0.00,false
24,4,10,2,2,1000,0,0.00,false
24,4,11,0,0,1000,0,0.00,false
24,4,11,0,1,1000,0,0.00,false
24,4,11,1,0,1000,0,0.00,false
24,4,11,1,1,1000,0,0.00,false
24,4,11,2,2,1000,0,0.00,false
24,4,12,0,0,1000,0,0.00,false
24,4,12,0,1,1000,0,0.00,false
24,4,12,1,0,1000,0,0.00,false
24,4,12,1,1,1000,0,0.00,false
24,4,12,2,2,1000,0,0.00,false
24,4,13,0,0,1000,0,0.00,false
24,4,13,0,1,1000,0,0.00,false
24,4,13,1,0,1000,0,0.00,false
24,4,13,1,1,1000,0,0.00,false
24,4,13,2,2,1000,0,0.00,false
24,4,14,0,0,1000,0,0.00,false
24,4,14,0,1,1000,0,0.00,false
24,4,14,1,0,1000,0,0.00,false
24,4,14,1,1,1000,0,0.00,false
24,4,14,2,2,1000,0,0.00,false
24,4,15,0,0,1000,0,0.00,false
24,4,15,0,1,1000,0,0.00,false
24,4,15,1,0,1000,0,0.00,false
24,4,15,1,1,1000,0,0.00,false
24,4,15,2,2,1000,0,0.00,false
24,4,16,0,0,1000,0,0.00,false
24,4,16,0,1,1000,0,0.00,false
24,4,16,1,0,1000,0,0.00,false
24,4,16,1,1,1000,0,0.00,false
24,4,16,2,2,1000,0,0.00,false
24,4,17,0,0,1000,0,0.00,false
24,4,17,0,1,1000,0,0.00,false
24,4,17,1,0,1000,0,0.00,false
24,4,17,1,1,1000,0,0.00,false
24,4,17,2,2,1000,0,0.00,false
24,4,18,0,0,1000,0,0.00,false
24,4,18,0,1,1000,0,0.00,false
24,4,18,1,0,1000,0,0.00,false
24,4,18,1,1,1000,0,0.00,false
24,4,18,2,2,1000,0,0.00,false
24,4,19,0,0,1000,0,0.00,false
24,4,19,0,1,1000,0,0.00,false
24,4,19,1,0,1000,0,0.00,false
24,4,19,1,1,1000,0,0.00,false
24,4,19,2,2,1000,0,0.00,false
24,4,20,0,0,1000,0,0.00,false
24,4,20,0,1,1000,0,0.00,false
24,4,20,1,0,1000,0,0.00,false
24,4,20,1,1,1000,0,0.00,false
24,4,20,2,2,1000,0,0.00,false
24,4,21,0,0,1000,0,0.00,false
24,4,21,0,1,1000,0,0.00,false
24,4,21,1,0,1000,0,0.00,false
24,4,21,1,1,1000,0,0.00,false
24,4,21,2,2,1000,0,0.00,false
24,4,22,0,0,1000,0,0.00,false
24,4,22,0,1,1000,0,0.00,false
24,4,22,1,0,1000,0,0.00,false
24,4,22,1,1,1000,0,0.00,false
24,4,22,2,2,1000,0,0.00,false
24,4,23,0,0,1000,0,0.00,false
24,4,23,0,1,1000,0,0.00,false
24,4,23,1,0,1000,0,0.00,false
24,4,23,1,1,1000,0,0.00,false
24,4,23,2,2,1000,0,0.00,false
24,5,1,0,0,1000,198,19.80,true
24,5,1,0,1,1000,142,14.20,true
24,5,1,1,0,1000,127,12.70,true
24,5,1,1,1,1000,116,11.60,true
24,5,1,2,2,1000,74,7.40,true
24,5,2,0,0,1000,213,21.30,false
24,5,2,0,1,1000,149,14.90,false
24,5,2,1,0,1000,143,14.30,false
24,5,2,1,1,1000,122,12.20,false
24,5,2,2,2,1000,60,6.00,false
24,5,3,0,0,1000,212,21.20,false
24,5,3,0,1,1000,142,14.20,false
24,5,3,1,0,1000,140,14.00,false
24,5,3,1,1,1000,98,9.80,false
24,5,3,2,2,1000,69,6.90,false
24,5,4,0,0,1000,199,19.90,false
24,5,4,0,1,1000,141,14.10,false
24,5,4,1,0,1000,135,13.50,false
24,5,4,1,1,1000,111,11.10,false
24,5,4,2,2,1000,93,9.30,false
24,5,6,0,0,1000,218,21.80,false
24,5,6,0,1,1000,168,16.80,false
24,5,6,1,0,1000,155,15.50,false
24,5,6,1,1,1000,95,9.50,false
24,5,6,2,2,1000,99,9.90,false
24,5,7,0,0,1000,224,22.40,true
24,5,7,0,1,1000,144,14.40,true
24,5,7,1,0,1000,140,14.00,true
24,5,7,1,1,1000,113,11.30,true
24,5,7,2,2,1000,63,6.30,true
24,5,8,0,0,1000,204,20.40,false
24,5,8,0,1,1000,132,13.20,false
24,5,8,1,0,1000,140,14.00,false
24,5,8,1,1,1000,125,12.50,false
24,5,8,2,2,1000,64,6.40,false
24,5,9,0,0,1000,216,21.60,false
24,5,9,0,1,1000,156,15.60,false
24,5,9,1,0,1000,139,13.90,false
24,5,9,1,1,1000,113,11.30,false
24,5,9,2,2,1000,86,8.60,false
24,5,10,0,0,1000,190,19.00,false
24,5,10,0,1,1000,154,15.40,false
24,5,10,1,0,1000,142,14.20,false
24,5,10,1,1,1000,116,11.60,false
24,5,10,2,2,1000,79,7.90,false
24,5,11,0,0,1000,194,19.40,true
24,5,11,0,1,1000,143,14.30,true
24,5,11,1,0,1000,153,15.30,true
24,5,11,1,1,1000,123,12.30,true
24,5,11,2,2,1000,90,9.00,true
24,5,12,0,0,1000,221,22.10,false
24,5,12,0,1,1000,151,15.10,false
24,5,12,1,0,1000,143,14.30,false
24,5,12,1,1,1000,109,10.90,false
24,5,12,2,2,1000,76,7.60,false
24,5,13,0,0,1000,204,20.40,true
24,5,13,0,1,1000,140,14.00,true
24,5,13,1,0,1000,140,14.00,true
24,5,13,1,1,1000,117,11.70,true
24,5,13,2,2,1000,72,7.20,true
24,5,14,0,0,1000,204,20.40,false
24,5,14,0,1,1000,152,15.20,false
24,5,14,1,0,1000,157,15.70,false
24,5,14,1,1,1000,105,10.50,false
24,5,14,2,2,1000,75,7.50,false
24,5,15,0,0,1000,196,19.60,false
24,5,15,0,1,1000,137,13.70,false
24,5,15,1,0,1000,137,13.70,false
24,5,15,1,1,1000,116,11.60,false
24,5,15,2,2,1000,75,7.50,false
24,5,16,0,0,1000,207,20.70,false
24,5,16,0,1,1000,152,15.20,false
24,5,16,1,0,1000,149,14.90,false
24,5,16,1,1,1000,128,12.80,false
24,5,16,2,2,1000,82,8.20,false
24,5,17,0,0,1000,205,20.50,true
24,5,17,0,1,1000,140,14.00,true
24,5,17,1,0,1000,151,15.10,true
24,5,17,1,1,1000,114,11.40,true
24,5,17,2,2,1000,78,7.80,true
24,5,18,0,0,1000,196,19.60,false
24,5,18,0,1,1000,166,16.60,false
24,5,18,1,0,1000,130,13.00,false
24,5,18,1,1,1000,116,11.60,false
24,5,18,2,2,1000,86,8.60,false
24,5,19,0,0,1000,200,20.00,true
24,5,19,0,1,1000,137,13.70,true
24,5,19,1,0,1000,145,14.50,true
24,5,19,1,1,1000,102,10.20,true
24,5,19,2,2,1000,77,7.70,true
24,5,20,0,0,1000,196,19.60,false
24,5,20,0,1,1000,156,15.60,false
24,5,20,1,0,1000,137,13.70,false
24,5,20,1,1,1000,114,11.40,false
24,5,20,2,2,1000,80,8.00,false
24,5,21,0,0,1000,216,21.60,false
24,5,21,0,1,1000,139,13.90,false
24,5,21,1,0,1000,171,17.10,false
24,5,21,1,1,1000,114,11.40,false
24,5,21,2,2,1000,76,7.60,false
24,5,22,0,0,1000,210,21.00,false
24,5,22,0,1,1000,154,15.40,false
24,5,22,1,0,1000,147,14.70,false
24,5,22,1,1,1000,103,10.30,false
24,5,22,2,2,1000,62,6.20,false
24,5,23,0,0,1000,219,21.90,true
24,5,23,0,1,1000,131,13.10,true
24,5,23,1,0,1000,147,14.70,true
24,5,23,1,1,1000,111,11.10,true
24,5,23,2,2,1000,78,7.80,true
24,6,1,0,0,1000,0,0.00,false
24,6,1,0,1,1000,0,0.00,false
24,6,1,1,0,1000,0,0.00,false
24,6,1,1,1,1000,0,0.00,false
24,6,1,2,2,1000,0,0.00,false
24,6,2,0,0,1000,0,0.00,false
24,6,2,0,1,1000,0,0.00,false
24,6,2,1,0,1000,0,0.00,false
24,6,2,1,1,1000,0,0.00,false
24,6,2,2,2,1000,0,0.00,false
24,6,3,0,0,1000,0,0.00,false
24,6,3,0,1,1000,0,0.00,false
24,6,3,1,0,1000,0,0.00,false
24,6,3,1,1,1000,0,0.00,false
24,6,3,2,2,1000,0,0.00,false
24,6,4,0,0,1000,0,0.00,false
24,6,4,0,1,1000,0,0.00,false
24,6,4,1,0,1000,0,0.00,false
24,6,4,1,1,1000,0,0.00,false
24,6,4,2,2,1000,0,0.00,false
24,6,5,0,0,1000,0,0.00,false
24,6,5,0,1,1000,0,0.00,false
24,6,5,1,0,1000,0,0.00,false
24,6,5,1,1,1000,0,0.00,false
24,6,5,2,2,1000,0,0.00,false
24,6,7,0,0,1000,0,0.00,false
24,6,7,0,1,1000,0,0.00,false
24,6,7,1,0,1000,0,0.00,false
24,6,7,1,1,1000,0,0.00,false
24,6,7,2,2,1000,0,0.00,false
24,6,8,0,0,1000,0,0.00,false
24,6,8,0,1,1000,0,0.00,false
24,6,8,1,0,1000,0,0.00,false
24,6,8,1,1,1000,0,0.00,false
24,6,8,2,2,1000,0,0.00,false
24,6,9,0,0,1000,0,0.00,false
24,6,9,0,1,1000,0,0.00,false
24,6,9,1,0,1000,0,0.00,false
24,6,9,1,1,1000,0,0.00,false
24,6,9,2,2,1000,0,0.00,false
24,6,10,0,0,1000,0,0.00,false
24,6,10,0,1,1000,0,0.00,false
24,6,10,1,0,1000,0,0.00,false
24,6,10,1,1,1000,0,0.00,false
24,6,10,2,2,1000,0,0.00,false
24,6,11,0,0,1000,0,0.00,false
24,6,11,0,1,1000,0,0.00,false
24,6,11,1,0,1000,0,0.00,false
24,6,11,1,1,1000,0,0.00,false
24,6,11,2,2,1000,0,0.00,false
24,6,12,0,0,1000,0,0.00,false
24,6,12,0,1,1000,0,0.00,false
24,6,12,1,0,1000,0,0.00,false
24,6,12,1,1,1000,0,0.00,false
24,6,12,2,2,1000,0,0.00,false
24,6,13,0,0,1000,0,0.00,false
24,6,13,0,1,1000,0,0.00,false
24,6,13,1,0,1000,0,0.00,false
24,6,13,1,1,1000,0,0.00,false
24,6,13,2,2,1000,0,0.00,false
24,6,14,0,0,1000,0,0.00,false
24,6,14,0,1,1000,0,0.00,false
24,6,14,1,0,1000,0,0.00,false
24,6,14,1,1,1000,0,0.00,false
24,6,14,2,2,1000,0,0.00,false
24,6,15,0,0,1000,0,0.00,false
24,6,15,0,1,1000,0,0.00,false
24,6,15,1,0,1000,0,0.00,false
24,6,15,1,1,1000,0,0.00,false
24,6,15,2,2,1000,0,0.00,false
24,6,16,0,0,1000,0,0.00,false
24,6,16,0,1,1000,0,0.00,false
24,6,16,1,0,1000,0,0.00,false
24,6,16,1,1,1000,0,0.00,false
24,6,16,2,2,1000,0,0.00,false
24,6,17,0,0,1000,0,0.00,false
24,6,17,0,1,1000,0,0.00,false
24,6,17,1,0,1000,0,0.00,false
24,6,17,1,1,1000,0,0.00,false
24,6,17,2,2,1000,0,0.00,false
24,6,18,0,0,1000,0,0.00,false
24,6,18,0,1,1000,0,0.00,false
24,6,18,1,0,1000,0,0.00,false
24,6,18,1,1,1000,0,0.00,false
24,6,18,2,2,1000,0,0.00,false
24,6,19,0,0,1000,0,0.00,false
24,6,19,0,1,1000,0,0.00,false
24,6,19,1,0,1000,0,0.00,false
24,6,19,1,1,1000,0,0.00,false
24,6,19,2,2,1000,0,0.00,false
24,6,20,0,0,1000,0,0.00,false
24,6,20,0,1,1000,0,0.00,false
24,6,20,1,0,1000,0,0.00,false
24,6,20,1,1,1000,0,0.00,false
24,6,20,2,2,1000,0,0.00,false
24,6,21,0,0,1000,0,0.00,false
24,6,21,0,1,1000,0,0.00,false
24,6,21,1,0,1000,0,0.00,false
24,6,21,1,1,1000,0,0.00,false
24,6,21,2,2,1000,0,0.00,false
24,6,22,0,0,1000,0,0.00,false
24,6,22,0,1,1000,0,0.00,false
24,6,22,1,0,1000,0,0.00,false
24,6,22,1,1,1000,0,0.00,false
24,6,22,2,2,1000,0,0.00,false
24,6,23,0,0,1000,0,0.00,false
24,6,23,0,1,1000,0,0.00,false
24,6,23,1,0,1000,0,0.00,false
24,6,23,1,1,1000,0,0.00,false
24,6,23,2,2,1000,0,0.00,false
24,7,1,0,0,1000,222,22.20,true
24,7,1,0,1,1000,140,14.00,true
24,7,1,1,0,1000,141,14.10,true
24,7,1,1,1,1000,104,10.40,true
24,7,1,2,2,1000,74,7.40,true
24,7,2,0,0,1000,204,20.40,false
24,7,2,0,1,1000,139,13.90,false
24,7,2,1,0,1000,150,15.00,false
24,7,2,1,1,1000,98,9.80,false
24,7,2,2,2,1000,71,7.10,false
24,7,3,0,0,1000,189,18.90,false
24,7,3,0,1,1000,141,14.10,false
24,7,3,1,0,1000,130,13.00,false
24,7,3,1,1,1000,119,11.90,false
24,7,3,2,2,1000,75,7.50,false
24,7,4,0,0,1000,191,19.10,false
24,7,4,0,1,1000,156,15.60,false
24,7,4,1,0,1000,166,16.60,false
24,7,4,1,1,1000,113,11.30,false
24,7,4,2,2,1000,79,7.90,false
24,7,5,0,0,1000,199,19.90,true
24,7,5,0,1,1000,134,13.40,true
24,7,5,1,0,1000,135,13.50,true
24,7,5,1,1,1000,128,12.80,true
24,7,5,2,2,1000,71,7.10,true
24,7,6,0,0,1000,201,20.10,false
24,7,6,0,1,1000,139,13.90,false
24,7,6,1,0,1000,144,14.40,false
24,7,6,1,1,1000,107,10.70,false
24,7,6,2,2,1000,72,7.20,false
24,7,8,0,0,1000,185,18.50,false
24,7,8,0,1,1000,141,14.10,false
24,7,8,1,0,1000,134,13.40,false
24,7,8,1,1,1000,91,9.10,false
24,7,8,2,2,1000,67,6.70,false
24,7,9,0,0,1000,194,19.40,false
24,7,9,0,1,1000,151,15.10,false
24,7,9,1,0,1000,138,13.80,false
24,7,9,1,1,1000,120,12.00,false
24,7,9,2,2,1000,71,7.10,false
24,7,10,0,0,1000,198,19.80,false
24,7,10,0,1,1000,132,13.20,false
24,7,10,1,0,1000,138,13.80,false
24,7,10,1,1,1000,116,11.60,false
24,7,10,2,2,1000,62,6.20,false
24,7,11,0,0,1000,203,20.30,true
24,7,11,0,1,1000,131,13.10,true
24,7,11,1,0,1000,145,14.50,true
24,7,11,1,1,1000,116,11.60,true
24,7,11,2,2,1000,73,7.30,true
24,7,12,0,0,1000,190,19.00,false
24,7,12,0,1,1000,148,14.80,false
24,7,12,1,0,1000,139,13.90,false
24,7,12,1,1,1000,112,11.20,false
24,7,12,2,2,1000,78,7.80,false
24,7,13,0,0,1000,208,20.80,true
24,7,13,0,1,1000,149,14.90,true
24,7,13,1,0,1000,154,15.40,true
24,7,13,1,1,1000,134,13.40,true
24,7,13,2,2,1000,89,8.90,true
24,7,14,0,0,1000,204,20.40,false
24,7,14,0,1,1000,132,13.20,false
24,7,14,1,0,1000,146,14.60,false
24,7,14,1,1,1000,101,10.10,false
24,7,14,2,2,1000,75,7.50,false
24,7,15,0,0,1000,203,20.30,false
24,7,15,0,1,1000,138,13.80,false
24,7,15,1,0,1000,142,14.20,false
24,7,15,1,1,1000,120,12.00,false
24,7,15,2,2,1000,80,8.00,false
24,7,16,0,0,1000,200,20.00,false
24,7,16,0,1,1000,150,15.00,false
24,7,16,1,0,1000,167,16.70,false
24,7,16,1,1,1000,83,8.30,false
24,7,16,2,2,1000,84,8.40,false
24,7,17,0,0,1000,195,19.50,true
24,7,17,0,1,1000,145,14.50,true
24,7,17,1,0,1000,143,14.30,true
24,7,17,1,1,1000,111,11.10,true
24,7,17,2,2,1000,65,6.50,true
24,7,18,0,0,1000,202,20.20,false
24,7,18,0,1,1000,142,14.20,false
24,7,18,1,0,1000,144,14.40,false
24,7,18,1,1,1000,100,10.00,false
24,7,18,2,2,1000,76,7.60,false
24,7,19,0,0,1000,194,19.40,true
24,7,19,0,1,1000,147,14.70,true
24,7,19,1,0,1000,161,16.10,true
24,7,19,1,1,1000,118,11.80,true
24,7,19,2,2,1000,67,6.70,true
24,7,20,0,0,1000,214,21.40,false
24,7,20,0,1,1000,156,15.60,false
24,7,20,1,0,1000,151,15.10,false
24,7,20,1,1,1000,95,9.50,false
24,7,20,2,2,1000,80,8.00,false
24,7,21,0,0,1000,200,20.00,false
24,7,21,0,1,1000,133,13.30,false
24,7,21,1,0,1000,144,14.40,false
24,7,21,1,1,1000,113,11.30,false
24,7,21,2,2,1000,78,7.80,false
24,7,22,0,0,1000,196,19.60,false
24,7,22,0,1,1000,138,13.80,false
24,7,22,1,0,1000,138,13.80,false
24,7,22,1,1,1000,112,11.20,false
24,7,22,2,2,1000,69,6.90,false
24,7,23,0,0,1000,203,20.30,true
24,7,23,0,1,1000,135,13.50,true
24,7,23,1,0,1000,146,14.60,true
24,7,23,1,1,1000,106,10.60,true
24,7,23,2,2,1000,83,8.30,true
24,8,1,0,0,1000,0,0.00,false
24,8,1,0,1,1000,0,0.00,false
24,8,1,1,0,1000,0,0.00,false
24,8,1,1,1,1000,0,0.00,false
24,8,1,2,2,1000,0,0.00,false
24,8,2,0,0,1000,0,0.00,false
24,8,2,0,1,1000,0,0.00,false
24,8,2,1,0,1000,0,0.00,false
24,8,2,1,1,1000,0,0.00,false
24,8,2,2,2,1000,0,0.00,false
24,8,3,0,0,1000,0,0.00,false
24,8,3,0,1,1000,0,0.00,false
24,8,3,1,0,1000,0,0.00,false
24,8,3,1,1,1000,0,0.00,false
24,8,3,2,2,1000,0,0.00,false
24,8,4,0,0,1000,0,0.00,false
24,8,4,0,1,1000,0,0.00,false
24,8,4,1,0,1000,0,0.00,false
24,8,4,1,1,1000,0,0.00,false
24,8,4,2,2,1000,0,0.00,false
24,8,5,0,0,1000,0,0.00,false
24,8,5,0,1,1000,0,0.00,false
24,8,5,1,0,1000,0,0.00,false
24,8,5,1,1,1000,0,0.00,false
24,8,5,2,2,1000,0,0.00,false
24,8,6,0,0,1000,0,0.00,false
24,8,6,0,1,1000,0,0.00,false
24,8,6,1,0,1000,0,0.00,false
24,8,6,1,1,1000,0,0.00,false
24,8,6,2,2,1000,0,0.00,false
24,8,7,0,0,1000,0,0.00,false
24,8,7,0,1,1000,0,0.00,false
24,8,7,1,0,1000,0,0.00,false
24,8,7,1,1,1000,0,0.00,false
24,8,7,2,2,1000,0,0.00,false
24,8,9,0,0,1000,0,0.00,false
24,8,9,0,1,1000,0,0.00,false
24,8,9,1,0,1000,0,0.00,false
24,8,9,1,1,1000,0,0.00,false
24,8,9,2,2,1000,0,0.00,false
24,8,10,0,0,1000,0,0.00,false
24,8,10,0,1,1000,0,0.00,false
24,8,10,1,0,1000,0,0.00,false
24,8,10,1,1,1000,0,0.00,false
24,8,10,2,2,1000,0,0.00,false
24,8,11,0,0,1000,0,0.00,false
24,8,11,0,1,1000,0,0.00,false
24,8,11,1,0,1000,0,0.00,false
24,8,11,1,1,1000,0,0.00,false
24,8,11,2,2,1000,0,0.00,false
24,8,12,0,0,1000,0,0.00,false
24,8,12,0,1,1000,0,0.00,false
24,8,12,1,0,1000,0,0.00,false
24,8,12,1,1,1000,0,0.00,false
24,8,12,2,2,1000,0,0.00,false
24,8,13,0,0,1000,0,0.00,false
24,8,13,0,1,1000,0,0.00,false
24,8,13,1,0,1000,0,0.00,false
24,8,13,1,1,1000,0,0.00,false
24,8,13,2,2,1000,0,0.00,false
24,8,14,0,0,1000,0,0.00,false
24,8,14,0,1,1000,0,0.00,false
24,8,14,1,0,1000,0,0.00,false
24,8,14,1,1,1000,0,0.00,false
24,8,14,2,2,1000,0,0.00,false
24,8,15,0,0,1000,0,0.00,false
24,8,15,0,1,1000,0,0.00,false
24,8,15,1,0,1000,0,0.00,false
24,8,15,1,1,1000,0,0.00,false
24,8,15,2,2,1000,0,0.00,false
24,8,16,0,0,1000,0,0.00,false
24,8,16,0,1,1000,0,0.00,false
24,8,16,1,0,1000,0,0.00,false
24,8,16,1,1,1000,0,0.00,false
24,8,16,2,2,1000,0,0.00,false
24,8,17,0,0,1000,0,0.00,false
24,8,17,0,1,1000,0,0.00,false
24,8,17,1,0,1000,0,0.00,false
24,8,17,1,1,1000,0,0.00,false
24,8,17,2,2,1000,0,0.00,false
24,8,18,0,0,1000,0,0.00,false
24,8,18,0,1,1000,0,0.00,false
24,8,18,1,0,1000,0,0.00,false
24,8,18,1,1,1000,0,0.00,false
24,8,18,2,2,1000,0,0.00,false
24,8,19,0,0,1000,0,0.00,false
24,8,19,0,1,1000,0,0.00,false
24,8,19,1,0,1000,0,0.00,false
24,8,19,1,1,1000,0,0.00,false
24,8,19,2,2,1000,0,0.00,false
24,8,20,0,0,1000,0,0.00,false
24,8,20,0,1,1000,0,0.00,false
24,8,20,1,0,1000,0,0.00,false
24,8,20,1,1,1000,0,0.00,false
24,8,20,2,2,1000,0,0.00,false
24,8,21,0,0,1000,0,0.00,false
24,8,21,0,1,1000,0,0.00,false
24,8,21,1,0,1000,0,0.00,false
24,8,21,1,1,1000,0,0.00,false
24,8,21,2,2,1000,0,0.00,false
24,8,22,0,0,1000,0,0.00,false
24,8,22,0,1,1000,0,0.00,false
24,8,22,1,0,1000,0,0.00,false
24,8,22,1,1,1000,0,0.00,false
24,8,22,2,2,1000,0,0.00,false
24,8,23,0,0,1000,0,0.00,false
24,8,23,0,1,1000,0,0.00,false
24,8,23,1,0,1000,0,0.00,false
24,8,23,1,1,1000,0,0.00,false
24,8,23,2,2,1000,0,0.00,false
24,9,1,0,0,1000,0,0.00,false
24,9,1,0,1,1000,0,0.00,false
24,9,1,1,0,1000,0,0.00,false
24,9,1,1,1,1000,0,0.00,false
24,9,1,2,2,1000,0,0.00,false
24,9,2,0,0,1000,0,0.00,false
24,9,2,0,1,1000,0,0.00,false
24,9,2,1,0,1000,0,0.00,false
24,9,2,1,1,1000,0,0.00,false
24,9,2,2,2,1000,0,0.00,false
24,9,3,0,0,1000,0,0.00,false
24,9,3,0,1,1000,0,0.00,false
24,9,3,1,0,1000,0,0.00,false
24,9,3,1,1,1000,0,0.00,false
24,9,3,2,2,1000,0,0.00,false
24,9,4,0,0,1000,0,0.00,false
24,9,4,0,1,1000,0,0.00,false
24,9,4,1,0,1000,0,0.00,false
24,9,4,1,1,1000,0,0.00,false
24,9,4,2,2,1000,0,0.00,false
24,9,5,0,0,1000,0,0.00,false
24,9,5,0,1,1000,0,0.00,false
24,9,5,1,0,1000,0,0.00,false
24,9,5,1,1,1000,0,0.00,false
24,9,5,2,2,1000,0,0.00,false
24,9,6,0,0,1000,0,0.00,false
24,9,6,0,1,1000,0,0.00,false
24,9,6,1,0,1000,0,0.00,false
24,9,6,1,1,1000,0,0.00,false
24,9,6,2,2,1000,0,0.00,false
24,9,7,0,0,1000,0,0.00,false
24,9,7,0,1,1000,0,0.00,false
24,9,7,1,0,1000,0,0.00,false
24,9,7,1,1,1000,0,0.00,false
24,9,7,2,2,1000,0,0.00,false
24,9,8,0,0,1000,0,0.00,false
24,9,8,0,1,1000,0,0.00,false
24,9,8,1,0,1000,0,0.00,false
24,9,8,1,1,1000,0,0.00,false
24,9,8,2,2,1000,0,0.00,false
24,9,10,0,0,1000,0,0.00,false
24,9,10,0,1,1000,0,0.00,false
24,9,10,1,0,1000,0,0.00,false
24,9,10,1,1,1000,0,0.00,false
24,9,10,2,2,1000,0,0.00,false
24,9,11,0,0,1000,0,0.00,false
24,9,11,0,1,1000,0,0.00,false
24,9,11,1,0,1000,0,0.00,false
24,9,11,1,1,1000,0,0.00,false
24,9,11,2,2,1000,0,0.00,false
24,9,12,0,0,1000,0,0.00,false
24,9,12,0,1,1000,0,0.00,false
24,9,12,1,0,1000,0,0.00,false
24,9,12,1,1,1000,0,0.00,false
24,9,12,2,2,1000,0,0.00,false
24,9,13,0,0,1000,0,0.00,false
24,9,13,0,1,1000,0,0.00,false
24,9,13,1,0,1000,0,0.00,false
24,9,13,1,1,1000,0,0.00,false
24,9,13,2,2,1000,0,0.00,false
24,9,14,0,0,1000,0,0.00,false
24,9,14,0,1,1000,0,0.00,false
24,9,14,1,0,1000,0,0.00,false
24,9,14,1,1,1000,0,0.00,false
24,9,14,2,2,1000,0,0.00,false
24,9,15,0,0,1000,0,0.00,false
24,9,15,0,1,1000,0,0.00,false
24,9,15,1,0,1000,0,0.00,false
24,9,15,1,1,1000,0,0.00,false
24,9,15,2,2,1000,0,0.00,false
24,9,16,0,0,1000,0,0.00,false
24,9,16,0,1,1000,0,0.00,false
24,9,16,1,0,1000,0,0.00,false
24,9,16,1,1,1000,0,0.00,false
24,9,16,2,2,1000,0,0.00,false
24,9,17,0,0,1000,0,0.00,false
24,9,17,0,1,1000,0,0.00,false
24,9,17,1,0,1000,0,0.00,false
24,9,17,1,1,1000,0,0.00,false
24,9,17,2,2,1000,0,0.00,false
24,9,18,0,0,1000,0,0.00,false
24,9,18,0,1,1000,0,0.00,false
24,9,18,1,0,1000,0,0.00,false
24,9,18,1,1,1000,0,0.00,false
24,9,18,2,2,1000,0,0.00,false
24,9,19,0,0,1000,0,0.00,false
24,9,19,0,1,1000,0,0.00,false
24,9,19,1,0,1000,0,0.00,false
24,9,19,1,1,1000,0,0.00,false
24,9,19,2,2,1000,0,0.00,false
24,9,20,0,0,1000,0,0.00,false
24,9,20,0,1,1000,0,0.00,false
24,9,20,1,0,1000,0,0.00,false
24,9,20,1,1,1000,0,0.00,false
24,9,20,2,2,1000,0,0.00,false
24,9,21,0,0,1000,0,0.00,false
24,9,21,0,1,1000,0,0.00,false
24,9,21,1,0,1000,0,0.00,false
24,9,21,1,1,1000,0,0.00,false
24,9,21,2,2,1000,0,0.00,false
24,9,22,0,0,1000,0,0.00,false
24,9,22,0,1,1000,0,0.00,false
24,9,22,1,0,1000,0,0.00,false
24,9,22,1,1,1000,0,0.00,false
24,9,22,2,2,1000,0,0.00,false
24,9,23,0,0,1000,0,0.00,false
24,9,23,0,1,1000,0,0.00,false
24,9,23,1,0,1000,0,0.00,false
24,9,23,1,1,1000,0,0.00,false
24,9,23,2,2,1000,0,0.00,false
24,10,1,0,0,1000,0,0.00,false
24,10,1,0,1,1000,0,0.00,false
24,10,1,1,0,1000,0,0.00,false
24,10,1,1,1,1000,0,0.00,false
24,10,1,2,2,1000,0,0.00,false
24,10,2,0,0,1000,0,0.00,false
24,10,2,0,1,1000,0,0.00,false
24,10,2,1,0,1000,0,0.00,false
24,10,2,1,1,1000,0,0.00,false
24,10,2,2,2,1000,0,0.00,false
24,10,3,0,0,1000,0,0.00,false
24,10,3,0,1,1000,0,0.00,false
24,10,3,1,0,1000,0,0.00,false
24,10,3,1,1,1000,0,0.00,false
24,10,3,2,2,1000,0,0.00,false
24,10,4,0,0,1000,0,0.00,false
24,10,4,0,1,1000,0,0.00,false
24,10,4,1,0,1000,0,0.00,false
24,10,4,1,1,1000,0,0.00,false
24,10,4,2,2,1000,0,0.00,false
24,10,5,0,0,1000,0,0.00,false
24,10,5,0,1,1000,0,0.00,false
24,10,5,1,0,1000,0,0.00,false
24,10,5,1,1,1000,0,0.00,false
24,10,5,2,2,1000,0,0.00,false
24,10,6,0,0,1000,0,0.00,false
24,10,6,0,1,1000,0,0.00,false
24,10,6,1,0,1000,0,0.00,false
24,10,6,1,1,1000,0,0.00,false
24,10,6,2,2,1000,0,0.00,false
24,10,7,0,0,1000,0,0.00,false
24,10,7,0,1,1000,0,0.00,false
24,10,7,1,0,1000,0,0.00,false
24,10,7,1,1,1000,0,0.00,false
24,10,7,2,2,1000,0,0.00,false
24,10,8,0,0,1000,0,0.00,false
24,10,8,0,1,1000,0,0.00,false
24,10,8,1,0,1000,0,0.00,false
24,10,8,1,1,1000,0,0.00,false
24,10,8,2,2,1000,0,0.00,false
24,10,9,0,0,1000,0,0.00,false
24,10,9,0,1,1000,0,0.00,false
24,10,9,1,0,1000,0,0.00,false
24,10,9,1,1,1000,0,0.00,false
24,10,9,2,2,1000,0,0.00,false
24,10,11,0,0,1000,0,0.00,false
24,10,11,0,1,1000,0,0.00,false
24,10,11,1,0,1000,0,0.00,false
24,10,11,1,1,1000,0,0.00,false
24,10,11,2,2,1000,0,0.00,false
24,10,12,0,0,1000,0,0.00,false
24,10,12,0,1,1000,0,0.00,false
24,10,12,1,0,1000,0,0.00,false
24,10,12,1,1,1000,0,0.00,false
24,10,12,2,2,1000,0,0.00,false
24,10,13,0,0,1000,0,0.00,false
24,10,13,0,1,1000,0,0.00,false
24,10,13,1,0,1000,0,0.00,false
24,10,13,1,1,1000,0,0.00,false
24,10,13,2,2,1000,0,0.00,false
24,10,14,0,0,1000,0,0.00,false
24,10,14,0,1,1000,0,0.00,false
24,10,14,1,0,1000,0,0.00,false
24,10,14,1,1,1000,0,0.00,false
24,10,14,2,2,1000,0,0.00,false
24,10,15,0,0,1000,0,0.00,false
24,10,15,0,1,1000,0,0.00,false
24,10,15,1,0,1000,0,0.00,false
24,10,15,1,1,1000,0,0.00,false
24,10,15,2,2,1000,0,0.00,false
24,10,16,0,0,1000,0,0.00,false
24,10,16,0,1,1000,0,0.00,false
24,10,16,1,0,1000,0,0.00,false
24,10,16,1,1,1000,0,0.00,false
24,10,16,2,2,1000,0,0.00,false
24,10,17,0,0,1000,0,0.00,false
24,10,17,0,1,1000,0,0.00,false
24,10,17,1,0,1000,0,0.00,false
24,10,17,1,1,1000,0,0.00,false
24,10,17,2,2,1000,0,0.00,false
24,10,18,0,0,1000,0,0.00,false
24,10,18,0,1,1000,0,0.00,false
24,10,18,1,0,1000,0,0.00,false
24,10,18,1,1,1000,0,0.00,false
24,10,18,2,2,1000,0,0.00,false
24,10,19,0,0,1000,0,0.00,false
24,10,19,0,1,1000,0,0.00,false
24,10,19,1,0,1000,0,0.00,false
24,10,19,1,1,1000,0,0.00,false
24,10,19,2,2,1000,0,0.00,false
24,10,20,0,0,1000,0,0.00,false
24,10,20,0,1,1000,0,0.00,false
24,10,20,1,0,1000,0,0.00,false
24,10,20,1,1,1000,0,0.00,false
24,10,20,2,2,1000,0,0.00,false
24,10,21,0,0,1000,0,0.00,false
24,10,21,0,1,1000,0,0.00,false
24,10,21,1,0,1000,0,0.00,false
24,10,21,1,1,1000,0,0.00,false
24,10,21,2,2,1000,0,0.00,false
24,10,22,0,0,1000,0,0.00,false
24,10,22,0,1,1000,0,0.00,false
24,10,22,1,0,1000,0,0.00,false
24,10,22,1,1,1000,0,0.00,false
24,10,22,2,2,1000,0,0.00,false
24,10,23,0,0,1000,0,0.00,false
24,10,23,0,1,1000,0,0.00,false
24,10,23,1,0,1000,0,0.00,false
24,10,23,1,1,1000,0,0.00,false
24,10,23,2,2,1000,0,0.00,false
24,11,1,0,0,1000,199,19.90,true
24,11,1,0,1,1000,134,13.40,true
24,11,1,1,0,1000,130,13.00,true
24,11,1,1,1,1000,110,11.00,true
24,11,1,2,2,1000,90,9.00,true
24,11,2,0,0,1000,205,20.50,false
24,11,2,0,1,1000,142,14.20,false
24,11,2,1,0,1000,143,14.30,false
24,11,2,1,1,1000,95,9.50,false
24,11,2,2,2,1000,63,6.30,false
24,11,3,0,0,1000,201,20.10,false
24,11,3,0,1,1000,136,13.60,false
24,11,3,1,0,1000,156,15.60,false
24,11,3,1,1,1000,93,9.30,false
24,11,3,2,2,1000,76,7.60,false
24,11,4,0,0,1000,209,20.90,false
24,11,4,0,1,1000,144,14.40,false
24,11,4,1,0,1000,147,14.70,false
24,11,4,1,1,1000,107,10.70,false
24,11,4,2,2,1000,73,7.30,false
24,11,5,0,0,1000,200,20.00,true
24,11,5,0,1,1000,130,13.00,true
24,11,5,1,0,1000,138,13.80,true
24,11,5,1,1,1000,120,12.00,true
24,11,5,2,2,1000,81,8.10,true
24,11,6,0,0,1000,197,19.70,false
24,11,6,0,1,1000,134,13.40,false
24,11,6,1,0,1000,129,12.90,false
24,11,6,1,1,1000,119,11.90,false
24,11,6,2,2,1000,73,7.30,false
24,11,7,0,0,1000,187,18.70,true
24,11,7,0,1,1000,150,15.00,true
24,11,7,1,0,1000,152,15.20,true
24,11,7,1,1,1000,120,12.00,true
24,11,7,2,2,1000,77,7.70,true
24,11,8,0,0,1000,192,19.20,false
24,11,8,0,1,1000,140,14.00,false
24,11,8,1,0,1000,141,14.10,false
24,11,8,1,1,1000,128,12.80,false
24,11,8,2,2,1000,71,7.10,false
24,11,9,0,0,1000,194,19.40,false
24,11,9,0,1,1000,139,13.90,false
24,11,9,1,0,1000,133,13.30,false
24,11,9,1,1,1000,122,12.20,false
24,11,9,2,2,1000,76,7.60,false
24,11,10,0,0,1000,185,18.50,false
24,11,10,0,1,1000,128,12.80,false
24,11,10,1,0,1000,136,13.60,false
24,11,10,1,1,1000,112,11.20,false
24,11,10,2,2,1000,79,7.90,false
24,11,12,0,0,1000,187,18.70,false
24,11,12,0,1,1000,149,14.90,false
24,11,12,1,0,1000,130,13.00,false
24,11,12,1,1,1000,123,12.30,false
24,11,12,2,2,1000,69,6.90,false
24,11,13,0,0,1000,203,20.30,true
24,11,13,0,1,1000,165,16.50,true
24,11,13,1,0,1000,132,13.20,true
24,11,13,1,1,1000,113,11.30,true
24,11,13,2,2,1000,70,7.00,true
24,11,14,0,0,1000,196,19.60,false
24,11,14,0,1,1000,149,14.90,false
24,11,14,1,0,1000,147,14.70,false
24,11,14,1,1,1000,97,9.70,false
24,11,14,2,2,1000,91,9.10,false
24,11,15,0,0,1000,191,19.10,false
24,11,15,0,1,1000,132,13.20,false
24,11,15,1,0,1000,128,12.80,false
24,11,15,1,1,1000,116,11.60,false
24,11,15,2,2,1000,80,8.00,false
24,11,16,0,0,1000,192,19.20,false
24,11,16,0,1,1000,162,16.20,false
24,11,16,1,0,1000,135,13.50,false
24,11,16,1,1,1000,110,11.00,false
24,11,16,2,2,1000,70,7.00,false
24,11,17,0,0,1000,204,20.40,true
24,11,17,0,1,1000,134,13.40,true
24,11,17,1,0,1000,131,13.10,true
24,11,17,1,1,1000,110,11.00,true
24,11,17,2,2,1000,66,6.60,true
24,11,18,0,0,1000,185,18.50,false
24,11,18,0,1,1000,141,14.10,false
24,11,18,1,0,1000,145,14.50,false
24,11,18,1,1,1000,118,11.80,false
24,11,18,2,2,1000,74,7.40,false
24,11,19,0,0,1000,199,19.90,true
24,11,19,0,1,1000,131,13.10,true
24,11,19,1,0,1000,139,13.90,true
24,11,19,1,1,1000,112,11.20,true
24,11,19,2,2,1000,70,7.00,true
24,11,20,0,0,1000,180,18.00,false
24,11,20,0,1,1000,136,13.60,false
24,11,20,1,0,1000,157,15.70,false
24,11,20,1,1,1000,117,11.70,false
24,11,20,2,2,1000,80,8.00,false
24,11,21,0,0,1000,209,20.90,false
24,11,21,0,1,1000,143,14.30,false
24,11,21,1,0,1000,134,13.40,false
24,11,21,1,1,1000,96,9.60,false
24,11,21,2,2,1000,67,6.70,false
24,11,22,0,0,1000,190,19.00,false
24,11,22,0,1,1000,132,13.20,false
24,11,22,1,0,1000,140,14.00,false
24,11,22,1,1,1000,112,11.20,false
24,11,22,2,2,1000,94,9.40,false
24,11,23,0,0,1000,199,19.90,true
24,11,23,0,1,1000,138,13.80,true
24,11,23,1,0,1000,135,13.50,true
24,11,23,1,1,1000,111,11.10,true
24,11,23,2,2,1000,76,7.60,true
24,12,1,0,0,1000,0,0.00,false
24,12,1,0,1,1000,0,0.00,false
24,12,1,1,0,1000,0,0.00,false
24,12,1,1,1,1000,0,0.00,false
24,12,1,2,2,1000,0,0.00,false
24,12,2,0,0,1000,0,0.00,false
24,12,2,0,1,1000,0,0.00,false
24,12,2,1,0,1000,0,0.00,false
24,12,2,1,1,1000,0,0.00,false
24,12,2,2,2,1000,0,0.00,false
24,12,3,0,0,1000,0,0.00,false
24,12,3,0,1,1000,0,0.00,false
24,12,3,1,0,1000,0,0.00,false
24,12,3,1,1,1000,0,0.00,false
24,12,3,2,2,1000,0,0.00,false
24,12,4,0,0,1000,0,0.00,false
24,12,4,0,1,1000,0,0.00,false
24,12,4,1,0,1000,0,0.00,false
24,12,4,1,1,1000,0,0.00,false
24,12,4,2,2,1000,0,0.00,false
24,12,5,0,0,1000,0,0.00,false
24,12,5,0,1,1000,0,0.00,false
24,12,5,1,0,1000,0,0.00,false
24,12,5,1,1,1000,0,0.00,false
24,12,5,2,2,1000,0,0.00,false
24,12,6,0,0,1000,0,0.00,false
24,12,6,0,1,1000,0,0.00,false
24,12,6,1,0,1000,0,0.00,false
24,12,6,1,1,1000,0,0.00,false
24,12,6,2,2,1000,0,0.00,false
24,12,7,0,0,1000,0,0.00,false
24,12,7,0,1,1000,0,0.00,false
24,12,7,1,0,1000,0,0.00,false
24,12,7,1,1,1000,0,0.00,false
24,12,7,2,2,1000,0,0.00,false
24,12,8,0,0,1000,0,0.00,false
24,12,8,0,1,1000,0,0.00,false
24,12,8,1,0,1000,0,0.00,false
24,12,8,1,1,1000,0,0.00,false
24,12,8,2,2,1000,0,0.00,false
24,12,9,0,0,1000,0,0.00,false
24,12,9,0,1,1000,0,0.00,false
24,12,9,1,0,1000,0,0.00,false
24,12,9,1,1,1000,0,0.00,false
24,12,9,2,2,1000,0,0.00,false
24,12,10,0,0,1000,0,0.00,false
24,12,10,0,1,1000,0,0.00,false
24,12,10,1,0,1000,0,0.00,false
24,12,10,1,1,1000,0,0.00,false
24,12,10,2,2,1000,0,0.00,false
24,12,11,0,0,1000,0,0.00,false
24,12,11,0,1,1000,0,0.00,false
24,12,11,1,0,1000,0,0.00,false
24,12,11,1,1,1000,0,0.00,false
24,12,11,2,2,1000,0,0.00,false
24,12,13,0,0,1000,0,0.00,false
24,12,13,0,1,1000,0,0.00,false
24,12,13,1,0,1000,0,0.00,false
24,12,13,1,1,1000,0,0.00,false
24,12,13,2,2,1000,0,0.00,false
24,12,14,0,0,1000,0,0.00,false
24,12,14,0,1,1000,0,0.00,false
24,12,14,1,0,1000,0,0.00,false
24,12,14,1,1,1000,0,0.00,false
24,12,14,2,2,1000,0,0.00,false
24,12,15,0,0,1000,0,0.00,false
24,12,15,0,1,1000,0,0.00,false
24,12,15,1,0,1000,0,0.00,false
24,12,15,1,1,1000,0,0.00,false
24,12,15,2,2,1000,0,0.00,false
24,12,16,0,0,1000,0,0.00,false
24,12,16,0,1,1000,0,0.00,false
24,12,16,1,0,1000,0,0.00,false
24,12,16,1,1,1000,0,0.00,false
24,12,16,2,2,1000,0,0.00,false
24,12,17,0,0,1000,0,0.00,false
24,12,17,0,1,1000,0,0.00,false
24,12,17,1,0,1000,0,0.00,false
24,12,17,1,1,1000,0,0.00,false
24,12,17,2,2,1000,0,0.00,false
24,12,18,0,0,1000,0,0.00,false
24,12,18,0,1,1000,0,0.00,false
24,12,18,1,0,1000,0,0.00,false
24,12,18,1,1,1000,0,0.00,false
24,12,18,2,2,1000,0,0.00,false
24,12,19,0,0,1000,0,0.00,false
24,12,19,0,1,1000,0,0.00,false
24,12,19,1,0,1000,0,0.00,false
24,12,19,1,1,1000,0,0.00,false
24,12,19,2,2,1000,0,0.00,false
24,12,20,0,0,1000,0,0.00,false
24,12,20,0,1,1000,0,0.00,false
24,12,20,1,0,1000,0,0.00,false
24,12,20,1,1,1000,0,0.00,false
24,12,20,2,2,1000,0,0.00,false
24,12,21,0,0,1000,0,0.00,false
24,12,21,0,1,1000,0,0.00,false
24,12,21,1,0,1000,0,0.00,false
24,12,21,1,1,1000,0,0.00,false
24,12,21,2,2,1000,0,0.00,false
24,12,22,0,0,1000,0,0.00,false
24,12,22,0,1,1000,0,0.00,false
24,12,22,1,0,1000,0,0.00,false
24,12,22,1,1,1000,0,0.00,false
24,12,22,2,2,1000,0,0.00,false
24,12,23,0,0,1000,0,0.00,false
24,12,23,0,1,1000,0,0.00,false
24,12,23,1,0,1000,0,0.00,false
24,12,23,1,1,1000,0,0.00,false
24,12,23,2,2,1000,0,0.00,false
24,13,1,0,0,1000,208,20.80,true
24,13,1,0,1,1000,151,15.10,true
24,13,1,1,0,1000,122,12.20,true
24,13,1,1,1,1000,104,10.40,true
24,13,1,2,2,1000,73,7.30,true
24,13,2,0,0,1000,187,18.70,false
24,13,2,0,1,1000,129,12.90,false
24,13,2,1,0,1000,166,16.60,false
24,13,2,1,1,1000,99,9.90,false
24,13,2,2,2,1000,73,7.30,false
24,13,3,0,0,1000,198,19.80,false
24,13,3,0,1,1000,136,13.60,false
24,13,3,1,0,1000,142,14.20,false
24,13,3,1,1,1000,101,10.10,false
24,13,3,2,2,1000,74,7.40,false
24,13,4,0,0,1000,200,20.00,false
24,13,4,0,1,1000,146,14.60,false
24,13,4,1,0,1000,143,14.30,false
24,13,4,1,1,1000,106,10.60,false
24,13,4,2,2,1000,70,7.00,false
24,13,5,0,0,1000,192,19.20,true
24,13,5,0,1,1000,140,14.00,true
24,13,5,1,0,1000,134,13.40,true
24,13,5,1,1,1000,112,11.20,true
24,13,5,2,2,1000,75,7.50,true
24,13,6,0,0,1000,192,19.20,false
24,13,6,0,1,1000,146,14.60,false
24,13,6,1,0,1000,142,14.20,false
24,13,6,1,1,1000,112,11.20,false
24,13,6,2,2,1000,79,7.90,false
24,13,7,0,0,1000,189,18.90,true
24,13,7,0,1,1000,148,14.80,true
24,13,7,1,0,1000,152,15.20,true
24,13,7,1,1,1000,104,10.40,true
24,13,7,2,2,1000,78,7.80,true
24,13,8,0,0,1000,198,19.80,false
24,13,8,0,1,1000,142,14.20,false
24,13,8,1,0,1000,133,13.30,false
24,13,8,1,1,1000,114,11.40,false
24,13,8,2,2,1000,80,8.00,false
24,13,9,0,0,1000,192,19.20,false
24,13,9,0,1,1000,146,14.60,false
24,13,9,1,0,1000,117,11.70,false
24,13,9,1,1,1000,112,11.20,false
24,13,9,2,2,1000,72,7.20,false
24,13,10,0,0,1000,210,21.00,false
24,13,10,0,1,1000,144,14.40,false
24,13,10,1,0,1000,134,13.40,false
24,13,10,1,1,1000,117,11.70,false
24,13,10,2,2,1000,98,9.80,false
24,13,11,0,0,1000,215,21.50,true
24,13,11,0,1,1000,153,15.30,true
24,13,11,1,0,1000,147,14.70,true
24,13,11,1,1,1000,104,10.40,true
24,13,11,2,2,1000,67,6.70,true
24,13,12,0,0,1000,185,18.50,false
24,13,12,0,1,1000,126,12.60,false
24,13,12,1,0,1000,146,14.60,false
24,13,12,1,1,1000,98,9.80,false
24,13,12,2,2,1000,68,6.80,false
24,13,14,0,0,1000,197,19.70,false
24,13,14,0,1,1000,138,13.80,false
24,13,14,1,0,1000,130,13.00,false
24,13,14,1,1,1000,101,10.10,false
24,13,14,2,2,1000,69,6.90,false
24,13,15,0,0,1000,180,18.00,false
24,13,15,0,1,1000,138,13.80,false
24,13,15,1,0,1000,139,13.90,false
24,13,15,1,1,1000,117,11.70,false
24,13,15,2,2,1000,67,6.70,false
24,13,16,0,0,1000,187,18.70,false
24,13,16,0,1,1000,138,13.80,false
24,13,16,1,0,1000,139,13.90,false
24,13,16,1,1,1000,113,11.30,false
24,13,16,2,2,1000,75,7.50,false
24,13,17,0,0,1000,203,20.30,true
24,13,17,0,1,1000,133,13.30,true
24,13,17,1,0,1000,131,13.10,true
24,13,17,1,1,1000,94,9.40,true
24,13,17,2,2,1000,76,7.60,true
24,13,18,0,0,1000,194,19.40,false
24,13,18,0,1,1000,140,14.00,false
24,13,18,1,0,1000,149,14.90,false
24,13,18,1,1,1000,112,11.20,false
24,13,18,2,2,1000,73,7.30,false
24,13,19,0,0,1000,202,20.20,true
24,13,19,0,1,1000,135,13.50,true
24,13,19,1,0,1000,135,13.50,true
24,13,19,1,1,1000,102,10.20,true
24,13,19,2,2,1000,79,7.90,true
24,13,20,0,0,1000,187,18.70,false
24,13,20,0,1,1000,142,14.20,false
24,13,20,1,0,1000,147,14.70,false
24,13,20,1,1,1000,117,11.70,false
24,13,20,2,2,1000,76,7.60,false
24,13,21,0,0,1000,207,20.70,false
24,13,21,0,1,1000,127,12.70,false
24,13,21,1,0,1000,128,12.80,false
24,13,21,1,1,1000,96,9.60,false
24,13,21,2,2,1000,80,8.00,false
24,13,22,0,0,1000,198,19.80,false
24,13,22,0,1,1000,145,14.50,false
24,13,22,1,0,1000,144,14.40,false
24,13,22,1,1,1000,97,9.70,false
24,13,22,2,2,1000,69,6.90,false
24,13,23,0,0,1000,177,17.70,true
24,13,23,0,1,1000,148,14.80,true
24,13,23,1,0,1000,153,15.30,true
24,13,23,1,1,1000,119,11.90,true
24,13,23,2,2,1000,70,7.00,true
24,14,1,0,0,1000,0,0.00,false
24,14,1,0,1,1000,0,0.00,false
24,14,1,1,0,1000,0,0.00,false
24,14,1,1,1,1000,0,0.00,false
24,14,1,2,2,1000,0,0.00,false
24,14,2,0,0,1000,0,0.00,false
24,14,2,0,1,1000,0,0.00,false
24,14,2,1,0,1000,0,0.00,false
24,14,2,1,1,1000,0,0.00,false
24,14,2,2,2,1000,0,0.00,false
24,14,3,0,0,1000,0,0.00,false
24,14,3,0,1,1000,0,0.00,false
24,14,3,1,0,1000,0,0.00,false
24,14,3,1,1,1000,0,0.00,false
24,14,3,2,2,1000,0,0.00,false
24,14,4,0,0,1000,0,0.00,false
24,14,4,0,1,1000,0,0.00,false
24,14,4,1,0,1000,0,0.00,false
24,14,4,1,1,1000,0,0.00,false
24,14,4,2,2,1000,0,0.00,false
24,14,5,0,0,1000,0,0.00,false
24,14,5,0,1,1000,0,0.00,false
24,14,5,1,0,1000,0,0.00,false
24,14,5,1,1,1000,0,0.00,false
24,14,5,2,2,1000,0,0.00,false
24,14,6,0,0,1000,0,0.00,false
24,14,6,0,1,1000,0,0.00,false
24,14,6,1,0,1000,0,0.00,false
24,14,6,1,1,1000,0,0.00,false
24,14,6,2,2,1000,0,0.00,false
24,14,7,0,0,1000,0,0.00,false
24,14,7,0,1,1000,0,0.00,false
24,14,7,1,0,1000,0,0.00,false
24,14,7,1,1,1000,0,0.00,false
24,14,7,2,2,1000,0,0.00,false
24,14,8,0,0,1000,0,0.00,false
24,14,8,0,1,1000,0,0.00,false
24,14,8,1,0,1000,0,0.00,false
24,14,8,1,1,1000,0,0.00,false
24,14,8,2,2,1000,0,0.00,false
24,14,9,0,0,1000,0,0.00,false
24,14,9,0,1,1000,0,0.00,false
24,14,9,1,0,1000,0,0.00,false
24,14,9,1,1,1000,0,0.00,false
24,14,9,2,2,1000,0,0.00,false
24,14,10,0,0,1000,0,0.00,false
24,14,10,0,1,1000,0,0.00,false
24,14,10,1,0,1000,0,0.00,false
24,14,10,1,1,1000,0,0.00,false
24,14,10,2,2,1000,0,0.00,false
24,14,11,0,0,1000,0,0.00,false
24,14,11,0,1,1000,0,0.00,false
24,14,11,1,0,1000,0,0.00,false
24,14,11,1,1,1000,0,0.00,false
24,14,11,2,2,1000,0,0.00,false
24,14,12,0,0,1000,0,0.00,false
24,14,12,0,1,1000,0,0.00,false
24,14,12,1,0,1000,0,0.00,false
24,14,12,1,1,1000,0,0.00,false
24,14,12,2,2,1000,0,0.00,false
24,14,13,0,0,1000,0,0.00,false
24,14,13,0,1,1000,0,0.00,false
24,14,13,1,0,1000,0,0.00,false
24,14,13,1,1,1000,0,0.00,false
24,14,13,2,2,1000,0,0.00,false
24,14,15,0,0,1000,0,0.00,false
24,14,15,0,1,1000,0,0.00,false
24,14,15,1,0,1000,0,0.00,false
24,14,15,1,1,1000,0,0.00,false
24,14,15,2,2,1000,0,0.00,false
24,14,16,0,0,1000,0,0.00,false
24,14,16,0,1,1000,0,0.00,false
24,14,16,1,0,1000,0,0.00,false
24,14,16,1,1,1000,0,0.00,false
24,14,16,2,2,1000,0,0.00,false
24,14,17,0,0,1000,0,0.00,false
24,14,17,0,1,1000,0,0.00,false
24,14,17,1,0,1000,0,0.00,false
24,14,17,1,1,1000,0,0.00,false
24,14,17,2,2,1000,0,0.00,false
24,14,18,0,0,1000,0,0.00,false
24,14,18,0,1,1000,0,0.00,false
24,14,18,1,0,1000,0,0.00,false
24,14,18,1,1,1000,0,0.00,false
24,14,18,2,2,1000,0,0.00,false
24,14,19,0,0,1000,0,0.00,false
24,14,19,0,1,1000,0,0.00,false
24,14,19,1,0,1000,0,0.00,false
24,14,19,1,1,1000,0,0.00,false
24,14,19,2,2,1000,0,0.00,false
24,14,20,0,0,1000,0,0.00,false
24,14,20,0,1,1000,0,0.00,false
24,14,20,1,0,1000,0,0.00,false
24,14,20,1,1,1000,0,0.00,false
24,14,20,2,2,1000,0,0.00,false
24,14,21,0,0,1000,0,0.00,false
24,14,21,0,1,1000,0,0.00,false
24,14,21,1,0,1000,0,0.00,false
24,14,21,1,1,1000,0,0.00,false
24,14,21,2,2,1000,0,0.00,false
24,14,22,0,0,1000,0,0.00,false
24,14,22,0,1,1000,0,0.00,false
24,14,22,1,0,1000,0,0.00,false
24,14,22,1,1,1000,0,0.00,false
24,14,22,2,2,1000,0,0.00,false
24,14,23,0,0,1000,0,0.00,false
24,14,23,0,1,1000,0,0.00,false
24,14,23,1,0,1000,0,0.00,false
24,14,23,1,1,1000,0,0.00,false
24,14,23,2,2,1000,0,0.00,false
24,15,1,0,0,1000,0,0.00,false
24,15,1,0,1,1000,0,0.00,false
24,15,1,1,0,1000,0,0.00,false
24,15,1,1,1,1000,0,0.00,false
24,15,1,2,2,1000,0,0.00,false
24,15,2,0,0,1000,0,0.00,false
24,15,2,0,1,1000,0,0.00,false
24,15,2,1,0,1000,0,0.00,false
24,15,2,1,1,1000,0,0.00,false
24,15,2,2,2,1000,0,0.00,false
24,15,3,0,0,1000,0,0.00,false
24,15,3,0,1,1000,0,0.00,false
24,15,3,1,0,1000,0,0.00,false
24,15,3,1,1,1000,0,0.00,false
24,15,3,2,2,1000,0,0.00,false
24,15,4,0,0,1000,0,0.00,false
24,15,4,0,1,1000,0,0.00,false
24,15,4,1,0,1000,0,0.00,false
24,15,4,1,1,1000,0,0.00,false
24,15,4,2,2,1000,0,0.00,false
24,15,5,0,0,1000,0,0.00,false
24,15,5,0,1,1000,0,0.00,false
24,15,5,1,0,1000,0,0.00,false
24,15,5,1,1,1000,0,0.00,false
24,15,5,2,2,1000,0,0.00,false
24,15,6,0,0,1000,0,0.00,false
24,15,6,0,1,1000,0,0.00,false
24,15,6,1,0,1000,0,0.00,false
24,15,6,1,1,1000,0,0.00,false
24,15,6,2,2,1000,0,0.00,false
24,15,7,0,0,1000,0,0.00,false
24,15,7,0,1,1000,0,0.00,false
24,15,7,1,0,1000,0,0.00,false
24,15,7,1,1,1000,0,0.00,false
24,15,7,2,2,1000,0,0.00,false
24,15,8,0,0,1000,0,0.00,false
24,15,8,0,1,1000,0,0.00,false
24,15,8,1,0,1000,0,0.00,false
24,15,8,1,1,1000,0,0.00,false
24,15,8,2,2,1000,0,0.00,false
24,15,9,0,0,1000,0,0.00,false
24,15,9,0,1,1000,0,0.00,false
24,15,9,1,0,1000,0,0.00,false
24,15,9,1,1,1000,0,0.00,false
24,15,9,2,2,1000,0,0.00,false
24,15,10,0,0,1000,0,0.00,false
24,15,10,0,1,1000,0,0.00,false
24,15,10,1,0,1000,0,0.00,false
24,15,10,1,1,1000,0,0.00,false
24,15,10,2,2,1000,0,0.00,false
24,15,11,0,0,1000,0,0.00,false
24,15,11,0,1,1000,0,0.00,false
24,15,11,1,0,1000,0,0.00,false
24,15,11,1,1,1000,0,0.00,false
24,15,11,2,2,1000,0,0.00,false
24,15,12,0,0,1000,0,0.00,false
24,15,12,0,1,1000,0,0.00,false
24,15,12,1,0,1000,0,0.00,false
24,15,12,1,1,1000,0,0.00,false
24,15,12,2,2,1000,0,0.00,false
24,15,13,0,0,1000,0,0.00,false
24,15,13,0,1,1000,0,0.00,false
24,15,13,1,0,1000,0,0.00,false
24,15,13,1,1,1000,0,0.00,false
24,15,13,2,2,1000,0,0.00,false
24,15,14,0,0,1000,0,0.00,false
24,15,14,0,1,1000,0,0.00,false
24,15,14,1,0,1000,0,0.00,false
24,15,14,1,1,1000,0,0.00,false
24,15,14,2,2,1000,0,0.00,false
24,15,16,0,0,1000,0,0.00,false
24,15,16,0,1,1000,0,0.00,false
24,15,16,1,0,1000,0,0.00,false
24,15,16,1,1,1000,0,0.00,false
24,15,16,2,2,1000,0,0.00,false
24,15,17,0,0,1000,0,0.00,false
24,15,17,0,1,1000,0,0.00,false
24,15,17,1,0,1000,0,0.00,false
24,15,17,1,1,1000,0,0.00,false
24,15,17,2,2,1000,0,0.00,false
24,15,18,0,0,1000,0,0.00,false
24,15,18,0,1,1000,0,0.00,false
24,15,18,1,0,1000,0,0.00,false
24,15,18,1,1,1000,0,0.00,false
24,15,18,2,2,1000,0,0.00,false
24,15,19,0,0,1000,0,0.00,false
24,15,19,0,1,1000,0,0.00,false
24,15,19,1,0,1000,0,0.00,false
24,15,19,1,1,1000,0,0.00,false
24,15,19,2,2,1000,0,0.00,false
24,15,20,0,0,1000,0,0.00,false
24,15,20,0,1,1000,0,0.00,false
24,15,20,1,0,1000,0,0.00,false
24,15,20,1,1,1000,0,0.00,false
24,15,20,2,2,1000,0,0.00,false
24,15,21,0,0,1000,0,0.00,false
24,15,21,0,1,1000,0,0.00,false
24,15,21,1,0,1000,0,0.00,false
24,15,21,1,1,1000,0,0.00,false
24,15,21,2,2,1000,0,0.00,false
24,15,22,0,0,1000,0,0.00,false
24,15,22,0,1,1000,0,0.00,false
24,15,22,1,0,1000,0,0.00,false
24,15,22,1,1,1000,0,0.00,false
24,15,22,2,2,1000,0,0.00,false
24,15,23,0,0,1000,0,0.00,false
24,15,23,0,1,1000,0,0.00,false
24,15,23,1,0,1000,0,0.00,false
24,15,23,1,1,1000,0,0.00,false
24,15,23,2,2,1000,0,0.00,false
24,16,1,0,0,1000,0,0.00,false
24,16,1,0,1,1000,0,0.00,false
24,16,1,1,0,1000,0,0.00,false
24,16,1,1,1,1000,0,0.00,false
24,16,1,2,2,1000,0,0.00,false
24,16,2,0,0,1000,0,0.00,false
24,16,2,0,1,1000,0,0.00,false
24,16,2,1,0,1000,0,0.00,false
24,16,2,1,1,1000,0,0.00,false
24,16,2,2,2,1000,0,0.00,false
24,16,3,0,0,1000,0,0.00,false
24,16,3,0,1,1000,0,0.00,false
24,16,3,1,0,1000,0,0.00,false
24,16,3,1,1,1000,0,0.00,false
24,16,3,2,2,1000,0,0.00,false
24,16,4,0,0,1000,0,0.00,false
24,16,4,0,1,1000,0,0.00,false
24,16,4,1,0,1000,0,0.00,false
24,16,4,1,1,1000,0,0.00,false
24,16,4,2,2,1000,0,0.00,false
24,16,5,0,0,1000,0,0.00,false
24,16,5,0,1,1000,0,0.00,false
24,16,5,1,0,1000,0,0.00,false
24,16,5,1,1,1000,0,0.00,false
24,16,5,2,2,1000,0,0.00,false
24,16,6,0,0,1000,0,0.00,false
24,16,6,0,1,1000,0,0.00,false
24,16,6,1,0,1000,0,0.00,false
24,16,6,1,1,1000,0,0.00,false
24,16,6,2,2,1000,0,0.00,false
24,16,7,0,0,1000,0,0.00,false
24,16,7,0,1,1000,0,0.00,false
24,16,7,1,0,1000,0,0.00,false
24,16,7,1,1,1000,0,0.00,false
24,16,7,2,2,1000,0,0.00,false
24,16,8,0,0,1000,0,0.00,false
24,16,8,0,1,1000,0,0.00,false
24,16,8,1,0,1000,0,0.00,false
24,16,8,1,1,1000,0,0.00,false
24,16,8,2,2,1000,0,0.00,false
24,16,9,0,0,1000,0,0.00,false
24,16,9,0,1,1000,0,0.00,false
24,16,9,1,0,1000,0,0.00,false
24,16,9,1,1,1000,0,0.00,false
24,16,9,2,2,1000,0,0.00,false
24,16,10,0,0,1000,0,0.00,false
24,16,10,0,1,1000,0,0.00,false
24,16,10,1,0,1000,0,0.00,false
24,16,10,1,1,1000,0,0.00,false
24,16,10,2,2,1000,0,0.00,false
24,16,11,0,0,1000,0,0.00,false
24,16,11,0,1,1000,0,0.00,false
24,16,11,1,0,1000,0,0.00,false
24,16,11,1,1,1000,0,0.00,false
24,16,11,2,2,1000,0,0.00,false
24,16,12,0,0,1000,0,0.00,false
24,16,12,0,1,1000,0,0.00,false
24,16,12,1,0,1000,0,0.00,false
24,16,12,1,1,1000,0,0.00,false
24,16,12,2,2,1000,0,0.00,false
24,16,13,0,0,1000,0,0.00,false
24,16,13,0,1,1000,0,0.00,false
24,16,13,1,0,1000,0,0.00,false
24,16,13,1,1,1000,0,0.00,false
24,16,13,2,2,1000,0,0.00,false
24,16,14,0,0,1000,0,0.00,false
24,16,14,0,1,1000,0,0.00,false
24,16,14,1,0,1000,0,0.00,false
24,16,14,1,1,1000,0,0.00,false
24,16,14,2,2,1000,0,0.00,false
24,16,15,0,0,1000,0,0.00,false
24,16,15,0,1,1000,0,0.00,false
24,16,15,1,0,1000,0,0.00,false
24,16,15,1,1,1000,0,0.00,false
24,16,15,2,2,1000,0,0.00,false
24,16,17,0,0,1000,0,0.00,false
24,16,17,0,1,1000,0,0.00,false
24,16,17,1,0,1000,0,0.00,false
24,16,17,1,1,1000,0,0.00,false
24,16,17,2,2,1000,0,0.00,false
24,16,18,0,0,1000,0,0.00,false
24,16,18,0,1,1000,0,0.00,false
24,16,18,1,0,1000,0,0.00,false
24,16,18,1,1,1000,0,0.00,false
24,16,18,2,2,1000,0,0.00,false
24,16,19,0,0,1000,0,0.00,false
24,16,19,0,1,1000,0,0.00,false
24,16,19,1,0,1000,0,0.00,false
24,16,19,1,1,1000,0,0.00,false
24,16,19,2,2,1000,0,0.00,false
24,16,20,0,0,1000,0,0.00,false
24,16,20,0,1,1000,0,0.00,false
24,16,20,1,0,1000,0,0.00,false
24,16,20,1,1,1000,0,0.00,false
24,16,20,2,2,1000,0,0.00,false
24,16,21,0,0,1000,0,0.00,false
24,16,21,0,1,1000,0,0.00,false
24,16,21,1,0,1000,0,0.00,false
24,16,21,1,1,1000,0,0.00,false
24,16,21,2,2,1000,0,0.00,false
24,16,22,0,0,1000,0,0.00,false
24,16,22,0,1,1000,0,0.00,false
24,16,22,1,0,1000,0,0.00,false
24,16,22,1,1,1000,0,0.00,false
24,16,22,2,2,1000,0,0.00,false
24,16,23,0,0,1000,0,0.00,false
24,16,23,0,1,1000,0,0.00,false
24,16,23,1,0,1000,0,0.00,false
24,16,23,1,1,1000,0,0.00,false
24,16,23,2,2,1000,0,0.00,false
24,17,1,0,0,1000,184,18.40,true
24,17,1,0,1,1000,118,11.80,true
24,17,1,1,0,1000,136,13.60,true
24,17,1,1,1,1000,90,9.00,true
24,17,1,2,2,1000,78,7.80,true
24,17,2,0,0,1000,178,17.80,false
24,17,2,0,1,1000,135,13.50,false
24,17,2,1,0,1000,131,13.10,false
24,17,2,1,1,1000,117,11.70,false
24,17,2,2,2,1000,57,5.70,false
24,17,3,0,0,1000,189,18.90,false
24,17,3,0,1,1000,133,13.30,false
24,17,3,1,0,1000,134,13.40,false
24,17,3,1,1,1000,110,11.00,false
24,17,3,2,2,1000,58,5.80,false
24,17,4,0,0,1000,202,20.20,false
24,17,4,0,1,1000,130,13.00,false
24,17,4,1,0,1000,135,13.50,false
24,17,4,1,1,1000,98,9.80,false
24,17,4,2,2,1000,85,8.50,false
24,17,5,0,0,1000,201,20.10,true
24,17,5,0,1,1000,124,12.40,true
24,17,5,1,0,1000,140,14.00,true
24,17,5,1,1,1000,115,11.50,true
24,17,5,2,2,1000,67,6.70,true
24,17,6,0,0,1000,184,18.40,false
24,17,6,0,1,1000,125,12.50,false
24,17,6,1,0,1000,130,13.00,false
24,17,6,1,1,1000,99,9.90,false
24,17,6,2,2,1000,82,8.20,false
24,17,7,0,0,1000,199,19.90,true
24,17,7,0,1,1000,153,15.30,true
24,17,7,1,0,1000,134,13.40,true
24,17,7,1,1,1000,103,10.30,true
24,17,7,2,2,1000,66,6.60,true
24,17,8,0,0,1000,180,18.00,false
24,17,8,0,1,1000,147,14.70,false
24,17,8,1,0,1000,155,15.50,false
24,17,8,1,1,1000,120,12.00,false
24,17,8,2,2,1000,76,7.60,false
24,17,9,0,0,1000,197,19.70,false
24,17,9,0,1,1000,137,13.70,false
24,17,9,1,0,1000,142,14.20,false
24,17,9,1,1,1000,105,10.50,false
24,17,9,2,2,1000,67,6.70,false
24,17,10,0,0,1000,197,19.70,false
24,17,10,0,1,1000,133,13.30,false
24,17,10,1,0,1000,137,13.70,false
24,17,10,1,1,1000,112,11.20,false
24,17,10,2,2,1000,73,7.30,false
24,17,11,0,0,1000,195,19.50,true
24,17,11,0,1,1000,142,14.20,true
24,17,11,1,0,1000,137,13.70,true
24,17,11,1,1,1000,115,11.50,true
24,17,11,2,2,1000,75,7.50,true
24,17,12,0,0,1000,193,19.30,false
24,17,12,0,1,1000,142,14.20,false
24,17,12,1,0,1000,140,14.00,false
24,17,12,1,1,1000,93,9.30,false
24,17,12,2,2,1000,72,7.20,false
24,17,13,0,0,1000,198,19.80,true
24,17,13,0,1,1000,137,13.70,true
24,17,13,1,0,1000,142,14.20,true
24,17,13,1,1,1000,109,10.90,true
24,17,13,2,2,1000,65,6.50,true
24,17,14,0,0,1000,202,20.20,false
24,17,14,0,1,1000,139,13.90,false
24,17,14,1,0,1000,141,14.10,false
24,17,14,1,1,1000,100,10.00,false
24,17,14,2,2,1000,64,6.40,false
24,17,15,0,0,1000,201,20.10,false
24,17,15,0,1,1000,127,12.70,false
24,17,15,1,0,1000,133,13.30,false
24,17,15,1,1,1000,105,10.50,false
24,17,15,2,2,1000,86,8.60,false
24,17,16,0,0,1000,195,19.50,false
24,17,16,0,1,1000,150,15.00,false
24,17,16,1,0,1000,126,12.60,false
24,17,16,1,1,1000,104,10.40,false
24,17,16,2,2,1000,78,7.80,false
24,17,18,0,0,1000,187,18.70,false
24,17,18,0,1,1000,137,13.70,false
24,17,18,1,0,1000,151,15.10,false
24,17,18,1,1,1000,122,12.20,false
24,17,18,2,2,1000,69,6.90,false
24,17,19,0,0,1000,199,19.90,true
24,17,19,0,1,1000,132,13.20,true
24,17,19,1,0,1000,137,13.70,true
24,17,19,1,1,1000,119,11.90,true
24,17,19,2,2,1000,62,6.20,true
24,17,20,0,0,1000,203,20.30,false
24,17,20,0,1,1000,122,12.20,false
24,17,20,1,0,1000,139,13.90,false
24,17,20,1,1,1000,97,9.70,false
24,17,20,2,2,1000,65,6.50,false
24,17,21,0,0,1000,188,18.80,false
24,17,21,0,1,1000,148,14.80,false
24,17,21,1,0,1000,141,14.10,false
24,17,21,1,1,1000,93,9.30,false
24,17,21,2,2,1000,76,7.60,false
24,17,22,0,0,1000,177,17.70,false
24,17,22,0,1,1000,141,14.10,false
24,17,22,1,0,1000,144,14.40,false
24,17,22,1,1,1000,114,11.40,false
24,17,22,2,2,1000,70,7.00,false
24,17,23,0,0,1000,187,18.70,true
24,17,23,0,1,1000,140,14.00,true
24,17,23,1,0,1000,148,14.80,true
24,17,23,1,1,1000,92,9.20,true
24,17,23,2,2,1000,72,7.20,true
24,18,1,0,0,1000,0,0.00,false
24,18,1,0,1,1000,0,0.00,false
24,18,1,1,0,1000,0,0.00,false
24,18,1,1,1,1000,0,0.00,false
24,18,1,2,2,1000,0,0.00,false
24,18,2,0,0,1000,0,0.00,false
24,18,2,0,1,1000,0,0.00,false
24,18,2,1,0,1000,0,0.00,false
24,18,2,1,1,1000,0,0.00,false
24,18,2,2,2,1000,0,0.00,false
24,18,3,0,0,1000,0,0.00,false
24,18,3,0,1,1000,0,0.00,false
24,18,3,1,0,1000,0,0.00,false
24,18,3,1,1,1000,0,0.00,false
24,18,3,2,2,1000,0,0.00,false
24,18,4,0,0,1000,0,0.00,false
24,18,4,0,1,1000,0,0.00,false
24,18,4,1,0,1000,0,0.00,false
24,18,4,1,1,1000,0,0.00,false
24,18,4,2,2,1000,0,0.00,false
24,18,5,0,0,1000,0,0.00,false
24,18,5,0,1,1000,0,0.00,false
24,18,5,1,0,1000,0,0.00,false
24,18,5,1,1,1000,0,0.00,false
24,18,5,2,2,1000,0,0.00,false
24,18,6,0,0,1000,0,0.00,false
24,18,6,0,1,1000,0,0.00,false
24,18,6,1,0,1000,0,0.00,false
24,18,6,1,1,1000,0,0.00,false
24,18,6,2,2,1000,0,0.00,false
24,18,7,0,0,1000,0,0.00,false
24,18,7,0,1,1000,0,0.00,false
24,18,7,1,0,1000,0,0.00,false
24,18,7,1,1,1000,0,0.00,false
24,18,7,2,2,1000,0,0.00,false
24,18,8,0,0,1000,0,0.00,false
24,18,8,0,1,1000,0,0.00,false
24,18,8,1,0,1000,0,0.00,false
24,18,8,1,1,1000,0,0.00,false
24,18,8,2,2,1000,0,0.00,false
24,18,9,0,0,1000,0,0.00,false
24,18,9,0,1,1000,0,0.00,false
24,18,9,1,0,1000,0,0.00,false
24,18,9,1,1,1000,0,0.00,false
24,18,9,2,2,1000,0,0.00,false
24,18,10,0,0,1000,0,0.00,false
24,18,10,0,1,1000,0,0.00,false
24,18,10,1,0,1000,0,0.00,false
24,18,10,1,1,1000,0,0.00,false
24,18,10,2,2,1000,0,0.00,false
24,18,11,0,0,1000,0,0.00,false
24,18,11,0,1,1000,0,0.00,false
24,18,11,1,0,1000,0,0.00,false
24,18,11,1,1,1000,0,0.00,false
24,18,11,2,2,1000,0,0.00,false
24,18,12,0,0,1000,0,0.00,false
24,18,12,0,1,1000,0,0.00,false
24,18,12,1,0,1000,0,0.00,false
24,18,12,1,1,1000,0,0.00,false
24,18,12,2,2,1000,0,0.00,false
24,18,13,0,0,1000,0,0.00,false
24,18,13,0,1,1000,0,0.00,false
24,18,13,1,0,1000,0,0.00,false
24,18,13,1,1,1000,0,0.00,false
24,18,13,2,2,1000,0,0.00,false
24,18,14,0,0,1000,0,0.00,false
24,18,14,0,1,1000,0,0.00,false
24,18,14,1,0,1000,0,0.00,false
24,18,14,1,1,1000,0,0.00,false
24,18,14,2,2,1000,0,0.00,false
24,18,15,0,0,1000,0,0.00,false
24,18,15,0,1,1000,0,0.00,false
24,18,15,1,0,1000,0,0.00,false
24,18,15,1,1,1000,0,0.00,false
24,18,15,2,2,1000,0,0.00,false
24,18,16,0,0,1000,0,0.00,false
24,18,16,0,1,1000,0,0.00,false
24,18,16,1,0,1000,0,0.00,false
24,18,16,1,1,1000,0,0.00,false
24,18,16,2,2,1000,0,0.00,false
24,18,17,0,0,1000,0,0.00,false
24,18,17,0,1,1000,0,0.00,false
24,18,17,1,0,1000,0,0.00,false
24,18,17,1,1,1000,0,0.00,false
24,18,17,2,2,1000,0,0.00,false
24,18,19,0,0,1000,0,0.00,false
24,18,19,0,1,1000,0,0.00,false
24,18,19,1,0,1000,0,0.00,false
24,18,19,1,1,1000,0,0.00,false
24,18,19,2,2,1000,0,0.00,false
24,18,20,0,0,1000,0,0.00,false
24,18,20,0,1,1000,0,0.00,false
24,18,20,1,0,1000,0,0.00,false
24,18,20,1,1,1000,0,0.00,false
24,18,20,2,2,1000,0,0.00,false
24,18,21,0,0,1000,0,0.00,false
24,18,21,0,1,1000,0,0.00,false
24,18,21,1,0,1000,0,0.00,false
24,18,21,1,1,1000,0,0.00,false
24,18,21,2,2,1000,0,0.00,false
24,18,22,0,0,1000,0,0.00,false
24,18,22,0,1,1000,0,0.00,false
24,18,22,1,0,1000,0,0.00,false
24,18,22,1,1,1000,0,0.00,false
24,18,22,2,2,1000,0,0.00,false
24,18,23,0,0,1000,0,0.00,false
24,18,23,0,1,1000,0,0.00,false
24,18,23,1,0,1000,0,0.00,false
24,18,23,1,1,1000,0,0.00,false
24,18,23,2,2,1000,0,0.00,false
24,19,1,0,0,1000,190,19.00,true
24,19,1,0,1,1000,132,13.20,true
24,19,1,1,0,1000,137,13.70,true
24,19,1,1,1,1000,94,9.40,true
24,19,1,2,2,1000,75,7.50,true
24,19,2,0,0,1000,203,20.30,false
24,19,2,0,1,1000,131,13.10,false
24,19,2,1,0,1000,123,12.30,false
24,19,2,1,1,1000,109,10.90,false
24,19,2,2,2,1000,76,7.60,false
24,19,3,0,0,1000,192,19.20,false
24,19,3,0,1,1000,135,13.50,false
24,19,3,1,0,1000,136,13.60,false
24,19,3,1,1,1000,111,11.10,false
24,19,3,2,2,1000,78,7.80,false
24,19,4,0,0,1000,207,20.70,false
24,19,4,0,1,1000,146,14.60,false
24,19,4,1,0,1000,151,15.10,false
24,19,4,1,1,1000,118,11.80,false
24,19,4,2,2,1000,85,8.50,false
24,19,5,0,0,1000,189,18.90,true
24,19,5,0,1,1000,136,13.60,true
24,19,5,1,0,1000,133,13.30,true
24,19,5,1,1,1000,116,11.60,true
24,19,5,2,2,1000,79,7.90,true
24,19,6,0,0,1000,193,19.30,false
24,19,6,0,1,1000,148,14.80,false
24,19,6,1,0,1000,130,13.00,false
24,19,6,1,1,1000,101,10.10,false
24,19,6,2,2,1000,74,7.40,false
24,19,7,0,0,1000,178,17.80,true
24,19,7,0,1,1000,143,14.30,true
24,19,7,1,0,1000,136,13.60,true
24,19,7,1,1,1000,101,10.10,true
24,19,7,2,2,1000,98,9.80,true
24,19,8,0,0,1000,191,19.10,false
24,19,8,0,1,1000,138,13.80,false
24,19,8,1,0,1000,155,15.50,false
24,19,8,1,1,1000,95,9.50,false
24,19,8,2,2,1000,69,6.90,false
24,19,9,0,0,1000,192,19.20,false
24,19,9,0,1,1000,138,13.80,false
24,19,9,1,0,1000,142,14.20,false
24,19,9,1,1,1000,108,10.80,false
24,19,9,2,2,1000,82,8.20,false
24,19,10,0,0,1000,184,18.40,false
24,19,10,0,1,1000,132,13.20,false
24,19,10,1,0,1000,131,13.10,false
24,19,10,1,1,1000,95,9.50,false
24,19,10,2,2,1000,84,8.40,false
24,19,11,0,0,1000,200,20.00,true
24,19,11,0,1,1000,155,15.50,true
24,19,11,1,0,1000,126,12.60,true
24,19,11,1,1,1000,106,10.60,true
24,19,11,2,2,1000,79,7.90,true
24,19,12,0,0,1000,174,17.40,false
24,19,12,0,1,1000,151,15.10,false
24,19,12,1,0,1000,126,12.60,false
24,19,12,1,1,1000,103,10.30,false
24,19,12,2,2,1000,82,8.20,false
24,19,13,0,0,1000,185,18.50,true
24,19,13,0,1,1000,137,13.70,true
24,19,13,1,0,1000,123,12.30,true
24,19,13,1,1,1000,101,10.10,true
24,19,13,2,2,1000,74,7.40,true
24,19,14,0,0,1000,180,18.00,false
24,19,14,0,1,1000,138,13.80,false
24,19,14,1,0,1000,151,15.10,false
24,19,14,1,1,1000,92,9.20,false
24,19,14,2,2,1000,88,8.80,false
24,19,15,0,0,1000,194,19.40,false
24,19,15,0,1,1000,140,14.00,false
24,19,15,1,0,1000,128,12.80,false
24,19,15,1,1,1000,113,11.30,false
24,19,15,2,2,1000,78,7.80,false
24,19,16,0,0,1000,188,18.80,false
24,19,16,0,1,1000,135,13.50,false
24,19,16,1,0,1000,136,13.60,false
24,19,16,1,1,1000,104,10.40,false
24,19,16,2,2,1000,79,7.90,false
24,19,17,0,0,1000,186,18.60,true
24,19,17,0,1,1000,143,14.30,true
24,19,17,1,0,1000,137,13.70,true
24,19,17,1,1,1000,103,10.30,true
24,19,17,2,2,1000,72,7.20,true
24,19,18,0,0,1000,196,19.60,false
24,19,18,0,1,1000,137,13.70,false
24,19,18,1,0,1000,133,13.30,false
24,19,18,1,1,1000,104,10.40,false
24,19,18,2,2,1000,64,6.40,false
24,19,20,0,0,1000,190,19.00,false
24,19,20,0,1,1000,145,14.50,false
24,19,20,1,0,1000,136,13.60,false
24,19,20,1,1,1000,104,10.40,false
24,19,20,2,2,1000,67,6.70,false
24,19,21,0,0,1000,176,17.60,false
24,19,21,0,1,1000,138,13.80,false
24,19,21,1,0,1000,141,14.10,false
24,19,21,1,1,1000,117,11.70,false
24,19,21,2,2,1000,79,7.90,false
24,19,22,0,0,1000,194,19.40,false
24,19,22,0,1,1000,128,12.80,false
24,19,22,1,0,1000,141,14.10,false
24,19,22,1,1,1000,114,11.40,false
24,19,22,2,2,1000,67,6.70,false
24,19,23,0,0,1000,184,18.40,true
24,19,23,0,1,1000,137,13.70,true
24,19,23,1,0,1000,120,12.00,true
24,19,23,1,1,1000,111,11.10,true
24,19,23,2,2,1000,73,7.30,true
24,20,1,0,0,1000,0,0.00,false
24,20,1,0,1,1000,0,0.00,false
24,20,1,1,0,1000,0,0.00,false
24,20,1,1,1,1000,0,0.00,false
24,20,1,2,2,1000,0,0.00,false
24,20,2,0,0,1000,0,0.00,false
24,20,2,0,1,1000,0,0.00,false
24,20,2,1,0,1000,0,0.00,false
24,20,2,1,1,1000,0,0.00,false
24,20,2,2,2,1000,0,0.00,false
24,20,3,0,0,1000,0,0.00,false
24,20,3,0,1,1000,0,0.00,false
24,20,3,1,0,1000,0,0.00,false
24,20,3,1,1,1000,0,0.00,false
24,20,3,2,2,1000,0,0.00,false
24,20,4,0,0,1000,0,0.00,false
24,20,4,0,1,1000,0,0.00,false
24,20,4,1,0,1000,0,0.00,false
24,20,4,1,1,1000,0,0.00,false
24,20,4,2,2,1000,0,0.00,false
24,20,5,0,0,1000,0,0.00,false
24,20,5,0,1,1000,0,0.00,false
24,20,5,1,0,1000,0,0.00,false
24,20,5,1,1,1000,0,0.00,false
24,20,5,2,2,1000,0,0.00,false
24,20,6,0,0,1000,0,0.00,false
24,20,6,0,1,1000,0,0.00,false
24,20,6,1,0,1000,0,0.00,false
24,20,6,1,1,1000,0,0.00,false
24,20,6,2,2,1000,0,0.00,false
24,20,7,0,0,1000,0,0.00,false
24,20,7,0,1,1000,0,0.00,false
24,20,7,1,0,1000,0,0.00,false
24,20,7,1,1,1000,0,0.00,false
24,20,7,2,2,1000,0,0.00,false
24,20,8,0,0,1000,0,0.00,false
24,20,8,0,1,1000,0,0.00,false
24,20,8,1,0,1000,0,0.00,false
24,20,8,1,1,1000,0,0.00,false
24,20,8,2,2,1000,0,0.00,false
24,20,9,0,0,1000,0,0.00,false
24,20,9,0,1,1000,0,0.00,false
24,20,9,1,0,1000,0,0.00,false
24,20,9,1,1,1000,0,0.00,false
24,20,9,2,2,1000,0,0.00,false
24,20,10,0,0,1000,0,0.00,false
24,20,10,0,1,1000,0,0.00,false
24,20,10,1,0,1000,0,0.00,false
24,20,10,1,1,1000,0,0.00,false
24,20,10,2,2,1000,0,0.00,false
24,20,11,0,0,1000,0,0.00,false
24,20,11,0,1,1000,0,0.00,false
24,20,11,1,0,1000,0,0.00,false
24,20,11,1,1,1000,0,0.00,false
24,20,11,2,2,1000,0,0.00,false
24,20,12,0,0,1000,0,0.00,false
24,20,12,0,1,1000,0,0.00,false
24,20,12,1,0,1000,0,0.00,false
24,20,12,1,1,1000,0,0.00,false
24,20,12,2,2,1000,0,0.00,false
24,20,13,0,0,1000,0,0.00,false
24,20,13,0,1,1000,0,0.00,false
24,20,13,1,0,1000,0,0.00,false
24,20,13,1,1,1000,0,0.00,false
24,20,13,2,2,1000,0,0.00,false
24,20,14,0,0,1000,0,0.00,false
24,20,14,0,1,1000,0,0.00,false
24,20,14,1,0,1000,0,0.00,false
24,20,14,1,1,1000,0,0.00,false
24,20,14,2,2,1000,0,0.00,false
24,20,15,0,0,1000,0,0.00,false
24,20,15,0,1,1000,0,0.00,false
24,20,15,1,0,1000,0,0.00,false
24,20,15,1,1,1000,0,0.00,false
24,20,15,2,2,1000,0,0.00,false
24,20,16,0,0,1000,0,0.00,false
24,20,16,0,1,1000,0,0.00,false
24,20,16,1,0,1000,0,0.00,false
24,20,16,1,1,1000,0,0.00,false
24,20,16,2,2,1000,0,0.00,false
24,20,17,0,0,1000,0,0.00,false
24,20,17,0,1,1000,0,0.00,false
24,20,17,1,0,1000,0,0.00,false
24,20,17,1,1,1000,0,0.00,false
24,20,17,2,2,1000,0,0.00,false
24,20,18,0,0,1000,0,0.00,false
24,20,18,0,1,1000,0,0.00,false
24,20,18,1,0,1000,0,0.00,false
24,20,18,1,1,1000,0,0.00,false
24,20,18,2,2,1000,0,0.00,false
24,20,19,0,0,1000,0,0.00,false
24,20,19,0,1,1000,0,0.00,false
24,20,19,1,0,1000,0,0.00,false
24,20,19,1,1,1000,0,0.00,false
24,20,19,2,2,1000,0,0.00,false
24,20,21,0,0,1000,0,0.00,false
24,20,21,0,1,1000,0,0.00,false
24,20,21,1,0,1000,0,0.00,false
24,20,21,1,1,1000,0,0.00,false
24,20,21,2,2,1000,0,0.00,false
24,20,22,0,0,1000,0,0.00,false
24,20,22,0,1,1000,0,0.00,false
24,20,22,1,0,1000,0,0.00,false
24,20,22,1,1,1000,0,0.00,false
24,20,22,2,2,1000,0,0.00,false
24,20,23,0,0,1000,0,0.00,false
24,20,23,0,1,1000,0,0.00,false
24,20,23,1,0,1000,0,0.00,false
24,20,23,1,1,1000,0,0.00,false
24,20,23,2,2,1000,0,0.00,false
24,21,1,0,0,1000,0,0.00,false
24,21,1,0,1,1000,0,0.00,false
24,21,1,1,0,1000,0,0.00,false
24,21,1,1,1,1000,0,0.00,false
24,21,1,2,2,1000,0,0.00,false
24,21,2,0,0,1000,0,0.00,false
24,21,2,0,1,1000,0,0.00,false
24,21,2,1,0,1000,0,0.00,false
24,21,2,1,1,1000,0,0.00,false
24,21,2,2,2,1000,0,0.00,false
24,21,3,0,0,1000,0,0.00,false
24,21,3,0,1,1000,0,0.00,false
24,21,3,1,0,1000,0,0.00,false
24,21,3,1,1,1000,0,0.00,false
24,21,3,2,2,1000,0,0.00,false
24,21,4,0,0,1000,0,0.00,false
24,21,4,0,1,1000,0,0.00,false
24,21,4,1,0,1000,0,0.00,false
24,21,4,1,1,1000,0,0.00,false
24,21,4,2,2,1000,0,0.00,false
24,21,5,0,0,1000,0,0.00,false
24,21,5,0,1,1000,0,0.00,false
24,21,5,1,0,1000,0,0.00,false
24,21,5,1,1,1000,0,0.00,false
24,21,5,2,2,1000,0,0.00,false
24,21,6,0,0,1000,0,0.00,false
24,21,6,0,1,1000,0,0.00,false
24,21,6,1,0,1000,0,0.00,false
24,21,6,1,1,1000,0,0.00,false
24,21,6,2,2,1000,0,0.00,false
24,21,7,0,0,1000,0,0.00,false
24,21,7,0,1,1000,0,0.00,false
24,21,7,1,0,1000,0,0.00,false
24,21,7,1,1,1000,0,0.00,false
24,21,7,2,2,1000,0,0.00,false
24,21,8,0,0,1000,0,0.00,false
24,21,8,0,1,1000,0,0.00,false
24,21,8,1,0,1000,0,0.00,false
24,21,8,1,1,1000,0,0.00,false
24,21,8,2,2,1000,0,0.00,false
24,21,9,0,0,1000,0,0.00,false
24,21,9,0,1,1000,0,0.00,false
24,21,9,1,0,1000,0,0.00,false
24,21,9,1,1,1000,0,0.00,false
24,21,9,2,2,1000,0,0.00,false
24,21,10,0,0,1000,0,0.00,false
24,21,10,0,1,1000,0,0.00,false
24,21,10,1,0,1000,0,0.00,false
24,21,10,1,1,1000,0,0.00,false
24,21,10,2,2,1000,0,0.00,false
24,21,11,0,0,1000,0,0.00,false
24,21,11,0,1,1000,0,0.00,false
24,21,11,1,0,1000,0,0.00,false
24,21,11,1,1,1000,0,0.00,false
24,21,11,2,2,1000,0,0.00,false
24,21,12,0,0,1000,0,0.00,false
24,21,12,0,1,1000,0,0.00,false
24,21,12,1,0,1000,0,0.00,false
24,21,12,1,1,1000,0,0.00,false
24,21,12,2,2,1000,0,0.00,false
24,21,13,0,0,1000,0,0.00,false
24,21,13,0,1,1000,0,0.00,false
24,21,13,1,0,1000,0,0.00,false
24,21,13,1,1,1000,0,0.00,false
24,21,13,2,2,1000,0,0.00,false
24,21,14,0,0,1000,0,0.00,false
24,21,14,0,1,1000,0,0.00,false
24,21,14,1,0,1000,0,0.00,false
24,21,14,1,1,1000,0,0.00,false
24,21,14,2,2,1000,0,0.00,false
24,21,15,0,0,1000,0,0.00,false
24,21,15,0,1,1000,0,0.00,false
24,21,15,1,0,1000,0,0.00,false
24,21,15,1,1,1000,0,0.00,false
24,21,15,2,2,1000,0,0.00,false
24,21,16,0,0,1000,0,0.00,false
24,21,16,0,1,1000,0,0.00,false
24,21,16,1,0,1000,0,0.00,false
24,21,16,1,1,1000,0,0.00,false
24,21,16,2,2,1000,0,0.00,false
24,21,17,0,0,1000,0,0.00,false
24,21,17,0,1,1000,0,0.00,false
24,21,17,1,0,1000,0,0.00,false
24,21,17,1,1,1000,0,0.00,false
24,21,17,2,2,1000,0,0.00,false
24,21,18,0,0,1000,0,0.00,false
24,21,18,0,1,1000,0,0.00,false
24,21,18,1,0,1000,0,0.00,false
24,21,18,1,1,1000,0,0.00,false
24,21,18,2,2,1000,0,0.00,false
24,21,19,0,0,1000,0,0.00,false
24,21,19,0,1,1000,0,0.00,false
24,21,19,1,0,1000,0,0.00,false
24,21,19,1,1,1000,0,0.00,false
24,21,19,2,2,1000,0,0.00,false
24,21,20,0,0,1000,0,0.00,false
24,21,20,0,1,1000,0,0.00,false
24,21,20,1,0,1000,0,0.00,false
24,21,20,1,1,1000,0,0.00,false
24,21,20,2,2,1000,0,0.00,false
24,21,22,0,0,1000,0,0.00,false
24,21,22,0,1,1000,0,0.00,false
24,21,22,1,0,1000,0,0.00,false
24,21,22,1,1,1000,0,0.00,false
24,21,22,2,2,1000,0,0.00,false
24,21,23,0,0,1000,0,0.00,false
24,21,23,0,1,1000,0,0.00,false
24,21,23,1,0,1000,0,0.00,false
24,21,23,1,1,1000,0,0.00,false
24,21,23,2,2,1000,0,0.00,false
24,22,1,0,0,1000,0,0.00,false
24,22,1,0,1,1000,0,0.00,false
24,22,1,1,0,1000,0,0.00,false
24,22,1,1,1,1000,0,0.00,false
24,22,1,2,2,1000,0,0.00,false
24,22,2,0,0,1000,0,0.00,false
24,22,2,0,1,1000,0,0.00,false
24,22,2,1,0,1000,0,0.00,false
24,22,2,1,1,1000,0,0.00,false
24,22,2,2,2,1000,0,0.00,false
24,22,3,0,0,1000,0,0.00,false
24,22,3,0,1,1000,0,0.00,false
24,22,3,1,0,1000,0,0.00,false
24,22,3,1,1,1000,0,0.00,false
24,22,3,2,2,1000,0,0.00,false
24,22,4,0,0,1000,0,0.00,false
24,22,4,0,1,1000,0,0.00,false
24,22,4,1,0,1000,0,0.00,false
24,22,4,1,1,1000,0,0.00,false
24,22,4,2,2,1000,0,0.00,false
24,22,5,0,0,1000,0,0.00,false
24,22,5,0,1,1000,0,0.00,false
24,22,5,1,0,1000,0,0.00,false
24,22,5,1,1,1000,0,0.00,false
24,22,5,2,2,1000,0,0.00,false
24,22,6,0,0,1000,0,0.00,false
24,22,6,0,1,1000,0,0.00,false
24,22,6,1,0,1000,0,0.00,false
24,22,6,1,1,1000,0,0.00,false
24,22,6,2,2,1000,0,0.00,false
24,22,7,0,0,1000,0,0.00,false
24,22,7,0,1,1000,0,0.00,false
24,22,7,1,0,1000,0,0.00,false
24,22,7,1,1,1000,0,0.00,false
24,22,7,2,2,1000,0,0.00,false
24,22,8,0,0,1000,0,0.00,false
24,22,8,0,1,1000,0,0.00,false
24,22,8,1,0,1000,0,0.00,false
24,22,8,1,1,1000,0,0.00,false
24,22,8,2,2,1000,0,0.00,false
24,22,9,0,0,1000,0,0.00,false
24,22,9,0,1,1000,0,0.00,false
24,22,9,1,0,1000,0,0.00,false
24,22,9,1,1,1000,0,0.00,false
24,22,9,2,2,1000,0,0.00,false
24,22,10,0,0,1000,0,0.00,false
24,22,10,0,1,1000,0,0.00,false
24,22,10,1,0,1000,0,0.00,false
24,22,10,1,1,1000,0,0.00,false
24,22,10,2,2,1000,0,0.00,false
24,22,11,0,0,1000,0,0.00,false
24,22,11,0,1,1000,0,0.00,false
24,22,11,1,0,1000,0,0.00,false
24,22,11,1,1,1000,0,0.00,false
24,22,11,2,2,1000,0,0.00,false
24,22,12,0,0,1000,0,0.00,false
24,22,12,0,1,1000,0,0.00,false
24,22,12,1,0,1000,0,0.00,false
24,22,12,1,1,1000,0,0.00,false
24,22,12,2,2,1000,0,0.00,false
24,22,13,0,0,1000,0,0.00,false
24,22,13,0,1,1000,0,0.00,false
24,22,13,1,0,1000,0,0.00,false
24,22,13,1,1,1000,0,0.00,false
24,22,13,2,2,1000,0,0.00,false
24,22,14,0,0,1000,0,0.00,false
24,22,14,0,1,1000,0,0.00,false
24,22,14,1,0,1000,0,0.00,false
24,22,14,1,1,1000,0,0.00,false
24,22,14,2,2,1000,0,0.00,false
24,22,15,0,0,1000,0,0.00,false
24,22,15,0,1,1000,0,0.00,false
24,22,15,1,0,1000,0,0.00,false
24,22,15,1,1,1000,0,0.00,false
24,22,15,2,2,1000,0,0.00,false
24,22,16,0,0,1000,0,0.00,false
24,22,16,0,1,1000,0,0.00,false
24,22,16,1,0,1000,0,0.00,false
24,22,16,1,1,1000,0,0.00,false
24,22,16,2,2,1000,0,0.00,false
24,22,17,0,0,1000,0,0.00,false
24,22,17,0,1,1000,0,0.00,false
24,22,17,1,0,1000,0,0.00,false
24,22,17,1,1,1000,0,0.00,false
24,22,17,2,2,1000,0,0.00,false
24,22,18,0,0,1000,0,0.00,false
24,22,18,0,1,1000,0,0.00,false
24,22,18,1,0,1000,0,0.00,false
24,22,18,1,1,1000,0,0.00,false
24,22,18,2,2,1000,0,0.00,false
24,22,19,0,0,1000,0,0.00,false
24,22,19,0,1,1000,0,0.00,false
24,22,19,1,0,1000,0,0.00,false
24,22,19,1,1,1000,0,0.00,false
24,22,19,2,2,1000,0,0.00,false
24,22,20,0,0,1000,0,0.00,false
24,22,20,0,1,1000,0,0.00,false
24,22,20,1,0,1000,0,0.00,false
24,22,20,1,1,1000,0,0.00,false
24,22,20,2,2,1000,0,0.00,false
24,22,21,0,0,1000,0,0.00,false
24,22,21,0,1,1000,0,0.00,false
24,22,21,1,0,1000,0,0.00,false
24,22,21,1,1,1000,0,0.00,false
24,22,21,2,2,1000,0,0.00,false
24,22,23,0,0,1000,0,0.00,false
24,22,23,0,1,1000,0,0.00,false
24,22,23,1,0,1000,0,0.00,false
24,22,23,1,1,1000,0,0.00,false
24,22,23,2,2,1000,0,0.00,false
24,23,1,0,0,1000,181,18.10,true
24,23,1,0,1,1000,138,13.80,true
24,23,1,1,0,1000,136,13.60,true
24,23,1,1,1,1000,103,10.30,true
24,23,1,2,2,1000,71,7.10,true
24,23,2,0,0,1000,195,19.50,false
24,23,2,0,1,1000,141,14.10,false
24,23,2,1,0,1000,135,13.50,false
24,23,2,1,1,1000,89,8.90,false
24,23,2,2,2,1000,80,8.00,false
24,23,3,0,0,1000,203,20.30,false
24,23,3,0,1,1000,136,13.60,false
24,23,3,1,0,1000,144,14.40,false
24,23,3,1,1,1000,100,10.00,false
24,23,3,2,2,1000,78,7.80,false
24,23,4,0,0,1000,201,20.10,false
24,23,4,0,1,1000,141,14.10,false
24,23,4,1,0,1000,126,12.60,false
24,23,4,1,1,1000,111,11.10,false
24,23,4,2,2,1000,69,6.90,false
24,23,5,0,0,1000,209,20.90,true
24,23,5,0,1,1000,135,13.50,true
24,23,5,1,0,1000,139,13.90,true
24,23,5,1,1,1000,98,9.80,true
24,23,5,2,2,1000,79,7.90,true
24,23,6,0,0,1000,191,19.10,false
24,23,6,0,1,1000,122,12.20,false
24,23,6,1,0,1000,140,14.00,false
24,23,6,1,1,1000,107,10.70,false
24,23,6,2,2,1000,83,8.30,false
24,23,7,0,0,1000,185,18.50,true
24,23,7,0,1,1000,130,13.00,true
24,23,7,1,0,1000,140,14.00,true
24,23,7,1,1,1000,95,9.50,true
24,23,7,2,2,1000,75,7.50,true
24,23,8,0,0,1000,184,18.40,false
24,23,8,0,1,1000,137,13.70,false
24,23,8,1,0,1000,130,13.00,false
24,23,8,1,1,1000,107,10.70,false
24,23,8,2,2,1000,69,6.90,false
24,23,9,0,0,1000,181,18.10,false
24,23,9,0,1,1000,140,14.00,false
24,23,9,1,0,1000,135,13.50,false
24,23,9,1,1,1000,103,10.30,false
24,23,9,2,2,1000,71,7.10,false
24,23,10,0,0,1000,191,19.10,false
24,23,10,0,1,1000,138,13.80,false
24,23,10,1,0,1000,137,13.70,false
24,23,10,1,1,1000,100,10.00,false
24,23,10,2,2,1000,71,7.10,false
24,23,11,0,0,1000,177,17.70,true
24,23,11,0,1,1000,143,14.30,true
24,23,11,1,0,1000,144,14.40,true
24,23,11,1,1,1000,95,9.50,true
24,23,11,2,2,1000,83,8.30,true
24,23,12,0,0,1000,184,18.40,false
24,23,12,0,1,1000,137,13.70,false
24,23,12,1,0,1000,117,11.70,false
24,23,12,1,1,1000,105,10.50,false
24,23,12,2,2,1000,70,7.00,false
24,23,13,0,0,1000,187,18.70,true
24,23,13,0,1,1000,144,14.40,true
24,23,13,1,0,1000,117,11.70,true
24,23,13,1,1,1000,107,10.70,true
24,23,13,2,2,1000,85,8.50,true
24,23,14,0,0,1000,193,19.30,false
24,23,14,0,1,1000,130,13.00,false
24,23,14,1,0,1000,125,12.50,false
24,23,14,1,1,1000,105,10.50,false
24,23,14,2,2,1000,79,7.90,false
24,23,15,0,0,1000,195,19.50,false
24,23,15,0,1,1000,140,14.00,false
24,23,15,1,0,1000,124,12.40,false
24,23,15,1,1,1000,117,11.70,false
24,23,15,2,2,1000,72,7.20,false
24,23,16,0,0,1000,192,19.20,false
24,23,16,0,1,1000,135,13.50,false
24,23,16,1,0,1000,134,13.40,false
24,23,16,1,1,1000,96,9.60,false
24,23,16,2,2,1000,78,7.80,false
24,23,17,0,0,1000,178,17.80,true
24,23,17,0,1,1000,146,14.60,true
24,23,17,1,0,1000,139,13.90,true
24,23,17,1,1,1000,99,9.90,true
24,23,17,2,2,1000,60,6.00,true
24,23,18,0,0,1000,185,18.50,false
24,23,18,0,1,1000,147,14.70,false
24,23,18,1,0,1000,145,14.50,false
24,23,18,1,1,1000,101,10.10,false
24,23,18,2,2,1000,72,7.20,false
24,23,19,0,0,1000,190,19.00,true
24,23,19,0,1,1000,130,13.00,true
24,23,19,1,0,1000,122,12.20,true
24,23,19,1,1,1000,114,11.40,true
24,23,19,2,2,1000,73,7.30,true
24,23,20,0,0,1000,181,18.10,false
24,23,20,0,1,1000,137,13.70,false
24,23,20,1,0,1000,135,13.50,false
24,23,20,1,1,1000,88,8.80,false
24,23,20,2,2,1000,62,6.20,false
24,23,21,0,0,1000,179,17.90,false
24,23,21,0,1,1000,136,13.60,false
24,23,21,1,0,1000,128,12.80,false
24,23,21,1,1,1000,95,9.50,false
24,23,21,2,2,1000,80,8.00,false
24,23,22,0,0,1000,188,18.80,false
24,23,22,0,1,1000,144,14.40,false
24,23,22,1,0,1000,135,13.50,false
24,23,22,1,1,1000,110,11.00,false
24,23,22,2,2,1000,65,6.50,false
30,1,2,0,0,1000,256,25.60,false
30,1,2,0,1,1000,180,18.00,false
30,1,2,1,0,1000,197,19.70,false
30,1,2,1,1,1000,142,14.20,false
30,1,2,2,2,1000,83,8.30,false
30,1,3,0,0,1000,268,26.80,false
30,1,3,0,1,1000,174,17.40,false
30,1,3,1,0,1000,185,18.50,false
30,1,3,1,1,1000,145,14.50,false
30,1,3,2,2,1000,94,9.40,false
30,1,4,0,0,1000,272,27.20,false
30,1,4,0,1,1000,182,18.20,false
30,1,4,1,0,1000,183,18.30,false
30,1,4,1,1,1000,134,13.40,false
30,1,4,2,2,1000,90,9.00,false
30,1,5,0,0,1000,258,25.80,false
30,1,5,0,1,1000,192,19.20,false
30,1,5,1,0,1000,176,17.60,false
30,1,5,1,1,1000,131,13.10,false
30,1,5,2,2,1000,78,7.80,false
30,1,6,0,0,1000,262,26.20,false
30,1,6,0,1,1000,182,18.20,false
30,1,6,1,0,1000,203,20.30,false
30,1,6,1,1,1000,147,14.70,false
30,1,6,2,2,1000,81,8.10,false
30,1,7,0,0,1000,266,26.60,true
30,1,7,0,1,1000,164,16.40,true
30,1,7,1,0,1000,176,17.60,true
30,1,7,1,1,1000,149,14.90,true
30,1,7,2,2,1000,95,9.50,true
30,1,8,0,0,1000,250,25.00,false
30,1,8,0,1,1000,176,17.60,false
30,1,8,1,0,1000,195,19.50,false
30,1,8,1,1,1000,131,13.10,false
30,1,8,2,2,1000,90,9.00,false
30,1,9,0,0,1000,261,26.10,false
30,1,9,0,1,1000,172,17.20,false
30,1,9,1,0,1000,199,19.90,false
30,1,9,1,1,1000,144,14.40,false
30,1,9,2,2,1000,103,10.30,false
30,1,10,0,0,1000,268,26.80,false
30,1,10,0,1,1000,195,19.50,false
30,1,10,1,0,1000,172,17.20,false
30,1,10,1,1,1000,129,12.90,false
30,1,10,2,2,1000,88,8.80,false
30,1,11,0,0,1000,246,24.60,true
30,1,11,0,1,1000,189,18.90,true
30,1,11,1,0,1000,173,17.30,true
30,1,11,1,1,1000,143,14.30,true
30,1,11,2,2,1000,88,8.80,true
30,1,12,0,0,1000,266,26.60,false
30,1,12,0,1,1000,185,18.50,false
30,1,12,1,0,1000,173,17.30,false
30,1,12,1,1,1000,136,13.60,false
30,1,12,2,2,1000,96,9.60,false
30,1,13,0,0,1000,244,24.40,true
30,1,13,0,1,1000,175,17.50,true
30,1,13,1,0,1000,172,17.20,true
30,1,13,1,1,1000,132,13.20,true
30,1,13,2,2,1000,81,8.10,true
30,1,14,0,0,1000,273,27.30,false
30,1,14,0,1,1000,195,19.50,false
30,1,14,1,0,1000,171,17.10,false
30,1,14,1,1,1000,151,15.10,false
30,1,14,2,2,1000,86,8.60,false
30,1,15,0,0,1000,261,26.10,false
30,1,15,0,1,1000,177,17.70,false
30,1,15,1,0,1000,196,19.60,false
30,1,15,1,1,1000,126,12.60,false
30,1,15,2,2,1000,111,11.10,false
30,1,16,0,0,1000,259,25.90,false
30,1,16,0,1,1000,177,17.70,false
30,1,16,1,0,1000,195,19.50,false
30,1,16,1,1,1000,140,14.00,false
30,1,16,2,2,1000,98,9.80,false
30,1,17,0,0,1000,277,27.70,true
30,1,17,0,1,1000,178,17.80,true
30,1,17,1,0,1000,184,18.40,true
30,1,17,1,1,1000,123,12.30,true
30,1,17,2,2,1000,94,9.40,true
30,1,18,0,0,1000,261,26.10,false
30,1,18,0,1,1000,189,18.90,false
30,1,18,1,0,1000,178,17.80,false
30,1,18,1,1,1000,149,14.90,false
30,1,18,2,2,1000,103,10.30,false
30,1,19,0,0,1000,272,27.20,true
30,1,19,0,1,1000,164,16.40,true
30,1,19,1,0,1000,165,16.50,true
30,1,19,1,1,1000,152,15.20,true
30,1,19,2,2,1000,86,8.60,true
30,1,20,0,0,1000,254,25.40,false
30,1,20,0,1,1000,178,17.80,false
30,1,20,1,0,1000,191,19.10,false
30,1,20,1,1,1000,136,13.60,false
30,1,20,2,2,1000,113,11.30,false
30,1,21,0,0,1000,256,25.60,false
30,1,21,0,1,1000,173,17.30,false
30,1,21,1,0,1000,191,19.10,false
30,1,21,1,1,1000,152,15.20,false
30,1,21,2,2,1000,94,9.40,false
30,1,22,0,0,1000,251,25.10,false
30,1,22,0,1,1000,178,17.80,false
30,1,22,1,0,1000,187,18.70,false
30,1,22,1,1,1000,150,15.00,false
30,1,22,2,2,1000,84,8.40,false
30,1,23,0,0,1000,259,25.90,true
30,1,23,0,1,1000,164,16.40,true
30,1,23,1,0,1000,193,19.30,true
30,1,23,1,1,1000,131,13.10,true
30,1,23,2,2,1000,99,9.90,true
30,1,24,0,0,1000,262,26.20,false
30,1,24,0,1,1000,172,17.20,false
30,1,24,1,0,1000,166,16.60,false
30,1,24,1,1,1000,149,14.90,false
30,1,24,2,2,1000,76,7.60,false
30,1,25,0,0,1000,261,26.10,false
30,1,25,0,1,1000,172,17.20,false
30,1,25,1,0,1000,182,18.20,false
30,1,25,1,1,1000,143,14.30,false
30,1,25,2,2,1000,98,9.80,false
30,1,26,0,0,1000,259,25.90,false
30,1,26,0,1,1000,183,18.30,false
30,1,26,1,0,1000,195,19.50,false
30,1,26,1,1,1000,122,12.20,false
30,1,26,2,2,1000,74,7.40,false
30,1,27,0,0,1000,257,25.70,false
30,1,27,0,1,1000,180,18.00,false
30,1,27,1,0,1000,197,19.70,false
30,1,27,1,1,1000,138,13.80,false
30,1,27,2,2,1000,84,8.40,false
30,1,28,0,0,1000,252,25.20,false
30,1,28,0,1,1000,182,18.20,false
30,1,28,1,0,1000,186,18.60,false
30,1,28,1,1,1000,146,14.60,false
30,1,28,2,2,1000,103,10.30,false
30,1,29,0,0,1000,255,25.50,true
30,1,29,0,1,1000,191,19.10,true
30,1,29,1,0,1000,180,18.00,true
30,1,29,1,1,1000,141,14.10,true
30,1,29,2,2,1000,87,8.70,true
30,2,1,0,0,1000,0,0.00,false
30,2,1,0,1,1000,0,0.00,false
30,2,1,1,0,1000,0,0.00,false
30,2,1,1,1,1000,0,0.00,false
30,2,1,2,2,1000,0,0.00,false
30,2,3,0,0,1000,0,0.00,false
30,2,3,0,1,1000,0,0.00,false
30,2,3,1,0,1000,0,0.00,false
30,2,3,1,1,1000,0,0.00,false
30,2,3,2,2,1000,0,0.00,false
30,2,4,0,0,1000,0,0.00,false
30,2,4,0,1,1000,0,0.00,false
30,2,4,1,0,1000,0,0.00,false
30,2,4,1,1,1000,0,0.00,false
30,2,4,2,2,1000,0,0.00,false
30,2,5,0,0,1000,0,0.00,false
30,2,5,0,1,1000,0,0.00,false
30,2,5,1,0,1000,0,0.00,false
30,2,5,1,1,1000,0,0.00,false
30,2,5,2,2,1000,0,0.00,false
30,2,6,0,0,1000,0,0.00,false
30,2,6,0,1,1000,0,0.00,false
30,2,6,1,0,1000,0,0.00,false
30,2,6,1,1,1000,0,0.00,false
30,2,6,2,2,1000,0,0.00,false
30,2,7,0,0,1000,0,0.00,false
30,2,7,0,1,1000,0,0.00,false
30,2,7,1,0,1000,0,0.00,false
30,2,7,1,1,1000,0,0.00,false
30,2,7,2,2,1000,0,0.00,false
30,2,8,0,0,1000,0,0.00,false
30,2,8,0,1,1000,0,0.00,false
30,2,8,1,0,1000,0,0.00,false
30,2,8,1,1,1000,0,0.00,false
30,2,8,2,2,1000,0,0.00,false
30,2,9,0,0,1000,0,0.00,false
30,2,9,0,1,1000,0,0.00,false
30,2,9,1,0,1000,0,0.00,false
30,2,9,1,1,1000,0,0.00,false
30,2,9,2,2,1000,0,0.00,false
30,2,10,0,0,1000,0,0.00,false
30,2,10,0,1,1000,0,0.00,false
30,2,10,1,0,1000,0,0.00,false
30,2,10,1,1,1000,0,0.00,false
30,2,10,2,2,1000,0,0.00,false
30,2,11,0,0,1000,0,0.00,false
30,2,11,0,1,1000,0,0.00,false
30,2,11,1,0,1000,0,0.00,false
30,2,11,1,1,1000,0,0.00,false
30,2,11,2,2,1000,0,0.00,false
30,2,12,0,0,1000,0,0.00,false
30,2,12,0,1,1000,0,0.00,false
30,2,12,1,0,1000,0,0.00,false
30,2,12,1,1,1000,0,0.00,false
30,2,12,2,2,1000,0,0.00,false
30,2,13,0,0,1000,0,0.00,false
30,2,13,0,1,1000,0,0.00,false
30,2,13,1,0,1000,0,0.00,false
30,2,13,1,1,1000,0,0.00,false
30,2,13,2,2,1000,0,0.00,false
30,2,14,0,0,1000,0,0.00,false
30,2,14,0,1,1000,0,0.00,false
30,2,14,1,0,1000,0,0.00,false
30,2,14,1,1,1000,0,0.00,false
30,2,14,2,2,1000,0,0.00,false
30,2,15,0,0,1000,0,0.00,false
30,2,15,0,1,1000,0,0.00,false
30,2,15,1,0,1000,0,0.00,false
30,2,15,1,1,1000,0,0.00,false
30,2,15,2,2,1000,0,0.00,false
30,2,16,0,0,1000,0,0.00,false
30,2,16,0,1,1000,0,0.00,false
30,2,16,1,0,1000,0,0.00,false
30,2,16,1,1,1000,0,0.00,false
30,2,16,2,2,1000,0,0.00,false
30,2,17,0,0,1000,0,0.00,false
30,2,17,0,1,1000,0,0.00,false
30,2,17,1,0,1000,0,0.00,false
30,2,17,1,1,1000,0,0.00,false
30,2,17,2,2,1000,0,0.00,false
30,2,18,0,0,1000,0,0.00,false
30,2,18,0,1,1000,0,0.00,false
30,2,18,1,0,1000,0,0.00,false
30,2,18,1,1,1000,0,0.00,false
30,2,18,2,2,1000,0,0.00,false
30,2,19,0,0,1000,0,0.00,false
30,2,19,0,1,1000,0,0.00,false
30,2,19,1,0,1000,0,0.00,false
30,2,19,1,1,1000,0,0.00,false
30,2,19,2,2,1000,0,0.00,false
30,2,20,0,0,1000,0,0.00,false
30,2,20,0,1,1000,0,0.00,false
30,2,20,1,0,1000,0,0.00,false
30,2,20,1,1,1000,0,0.00,false
30,2,20,2,2,1000,0,0.00,false
30,2,21,0,0,1000,0,0.00,false
30,2,21,0,1,1000,0,0.00,false
30,2,21,1,0,1000,0,0.00,false
30,2,21,1,1,1000,0,0.00,false
30,2,21,2,2,1000,0,0.00,false
30,2,22,0,0,1000,0,0.00,false
30,2,22,0,1,1000,0,0.00,false
30,2,22,1,0,1000,0,0.00,false
30,2,22,1,1,1000,0,0.00,false
30,2,22,2,2,1000,0,0.00,false
30,2,23,0,0,1000,0,0.00,false
30,2,23,0,1,1000,0,0.00,false
30,2,23,1,0,1000,0,0.00,false
30,2,23,1,1,1000,0,0.00,false
30,2,23,2,2,1000,0,0.00,false
30,2,24,0,0,1000,0,0.00,false
30,2,24,0,1,1000,0,0.00,false
30,2,24,1,0,1000,0,0.00,false
30,2,24,1,1,1000,0,0.00,false
30,2,24,2,2,1000,0,0.00,false
30,2,25,0,0,1000,0,0.00,false
30,2,25,0,1,1000,0,0.00,false
30,2,25,1,0,1000,0,0.00,false
30,2,25,1,1,1000,0,0.00,false
30,2,25,2,2,1000,0,0.00,false
30,2,26,0,0,1000,0,0.00,false
30,2,26,0,1,1000,0,0.00,false
30,2,26,1,0,1000,0,0.00,false
30,2,26,1,1,1000,0,0.00,false
30,2,26,2,2,1000,0,0.00,false
30,2,27,0,0,1000,0,0.00,false
30,2,27,0,1,1000,0,0.00,false
30,2,27,1,0,1000,0,0.00,false
30,2,27,1,1,1000,0,0.00,false
30,2,27,2,2,1000,0,0.00,false
30,2,28,0,0,1000,0,0.00,false
30,2,28,0,1,1000,0,0.00,false
30,2,28,1,0,1000,0,0.00,false
30,2,28,1,1,1000,0,0.00,false
30,2,28,2,2,1000,0,0.00,false
30,2,29,0,0,1000,0,0.00,false
30,2,29,0,1,1000,0,0.00,false
30,2,29,1,0,1000,0,0.00,false
30,2,29,1,1,1000,0,0.00,false
30,2,29,2,2,1000,0,0.00,false
30,3,1,0,0,1000,0,0.00,false
30,3,1,0,1,1000,0,0.00,false
30,3,1,1,0,1000,0,0.00,false
30,3,1,1,1,1000,0,0.00,false
30,3,1,2,2,1000,0,0.00,false
30,3,2,0,0,1000,0,0.00,false
30,3,2,0,1,1000,0,0.00,false
30,3,2,1,0,1000,0,0.00,false
30,3,2,1,1,1000,0,0.00,false
30,3,2,2,2,1000,0,0.00,false
30,3,4,0,0,1000,0,0.00,false
30,3,4,0,1,1000,0,0.00,false
30,3,4,1,0,1000,0,0.00,false
30,3,4,1,1,1000,0,0.00,false
30,3,4,2,2,1000,0,0.00,false
30,3,5,0,0,1000,0,0.00,false
30,3,5,0,1,1000,0,0.00,false
30,3,5,1,0,1000,0,0.00,false
30,3,5,1,1,1000,0,0.00,false
30,3,5,2,2,1000,0,0.00,false
30,3,6,0,0,1000,0,0.00,false
30,3,6,0,1,1000,0,0.00,false
30,3,6,1,0,1000,0,0.00,false
30,3,6,1,1,1000,0,0.00,false
30,3,6,2,2,1000,0,0.00,false
30,3,7,0,0,1000,0,0.00,false
30,3,7,0,1,1000,0,0.00,false
30,3,7,1,0,1000,0,0.00,false
30,3,7,1,1,1000,0,0.00,false
30,3,7,2,2,1000,0,0.00,false
30,3,8,0,0,1000,0,0.00,false
30,3,8,0,1,1000,0,0.00,false
30,3,8,1,0,1000,0,0.00,false
30,3,8,1,1,1000,0,0.00,false
30,3,8,2,2,1000,0,0.00,false
30,3,9,0,0,1000,0,0.00,false
30,3,9,0,1,1000,0,0.00,false
30,3,9,1,0,1000,0,0.00,false
30,3,9,1,1,1000,0,0.00,false
30,3,9,2,2,1000,0,0.00,false
30,3,10,0,0,1000,0,0.00,false
30,3,10,0,1,1000,0,0.00,false
30,3,10,1,0,1000,0,0.00,false
30,3,10,1,1,1000,0,0.00,false
30,3,10,2,2,1000,0,0.00,false
30,3,11,0,0,1000,0,0.00,false
30,3,11,0,1,1000,0,0.00,false
30,3,11,1,0,1000,0,0.00,false
30,3,11,1,1,1000,0,0.00,false
30,3,11,2,2,1000,0,0.00,false
30,3,12,0,0,1000,0,0.00,false
30,3,12,0,1,1000,0,0.00,false
30,3,12,1,0,1000,0,0.00,false
30,3,12,1,1,1000,0,0.00,false
30,3,12,2,2,1000,0,0.00,false
30,3,13,0,0,1000,0,0.00,false
30,3,13,0,1,1000,0,0.00,false
30,3,13,1,0,1000,0,0.00,false
30,3,13,1,1,1000,0,0.00,false
30,3,13,2,2,1000,0,0.00,false
30,3,14,0,0,1000,0,0.00,false
30,3,14,0,1,1000,0,0.00,false
30,3,14,1,0,1000,0,0.00,false
30,3,14,1,1,1000,0,0.00,false
30,3,14,2,2,1000,0,0.00,false
30,3,15,0,0,1000,0,0.00,false
30,3,15,0,1,1000,0,0.00,false
30,3,15,1,0,1000,0,0.00,false
30,3,15,1,1,1000,0,0.00,false
30,3,15,2,2,1000,0,0.00,false
30,3,16,0,0,1000,0,0.00,false
30,3,16,0,1,1000,0,0.00,false
30,3,16,1,0,1000,0,0.00,false
30,3,16,1,1,1000,0,0.00,false
30,3,16,2,2,1000,0,0.00,false
30,3,17,0,0,1000,0,0.00,false
30,3,17,0,1,1000,0,0.00,false
30,3,17,1,0,1000,0,0.00,false
30,3,17,1,1,1000,0,0.00,false
30,3,17,2,2,1000,0,0.00,false
30,3,18,0,0,1000,0,0.00,false
30,3,18,0,1,1000,0,0.00,false
30,3,18,1,0,1000,0,0.00,false
30,3,18,1,1,1000,0,0.00,false
30,3,18,2,2,1000,0,0.00,false
30,3,19,0,0,1000,0,0.00,false
30,3,19,0,1,1000,0,0.00,false
30,3,19,1,0,1000,0,0.00,false
30,3,19,1,1,1000,0,0.00,false
30,3,19,2,2,1000,0,0.00,false
30,3,20,0,0,1000,0,0.00,false
30,3,20,0,1,1000,0,0.00,false
30,3,20,1,0,1000,0,0.00,false
30,3,20,1,1,1000,0,0.00,false
30,3,20,2,2,1000,0,0.00,false
30,3,21,0,0,1000,0,0.00,false
30,3,21,0,1,1000,0,0.00,false
30,3,21,1,0,1000,0,0.00,false
30,3,21,1,1,1000,0,0.00,false
30,3,21,2,2,1000,0,0.00,false
30,3,22,0,0,1000,0,0.00,false
30,3,22,0,1,1000,0,0.00,false
30,3,22,1,0,1000,0,0.00,false
30,3,22,1,1,1000,0,0.00,false
30,3,22,2,2,1000,0,0.00,false
30,3,23,0,0,1000,0,0.00,false
30,3,23,0,1,1000,0,0.00,false
30,3,23,1,0,1000,0,0.00,false
30,3,23,1,1,1000,0,0.00,false
30,3,23,2,2,1000,0,0.00,false
30,3,24,0,0,1000,0,0.00,false
30,3,24,0,1,1000,0,0.00,false
30,3,24,1,0,1000,0,0.00,false
30,3,24,1,1,1000,0,0.00,false
30,3,24,2,2,1000,0,0.00,false
30,3,25,0,0,1000,0,0.00,false
30,3,25,0,1,1000,0,0.00,false
30,3,25,1,0,1000,0,0.00,false
30,3,25,1,1,1000,0,0.00,false
30,3,25,2,2,1000,0,0.00,false
30,3,26,0,0,1000,0,0.00,false
30,3,26,0,1,1000,0,0.00,false
30,3,26,1,0,1000,0,0.00,false
30,3,26,1,1,1000,0,0.00,false
30,3,26,2,2,1000,0,0.00,false
30,3,27,0,0,1000,0,0.00,false
30,3,27,0,1,1000,0,0.00,false
30,3,27,1,0,1000,0,0.00,false
30,3,27,1,1,1000,0,0.00,false
30,3,27,2,2,1000,0,0.00,false
30,3,28,0,0,1000,0,0.00,false
30,3,28,0,1,1000,0,0.00,false
30,3,28,1,0,1000,0,0.00,false
30,3,28,1,1,1000,0,0.00,false
30,3,28,2,2,1000,0,0.00,false
30,3,29,0,0,1000,0,0.00,false
30,3,29,0,1,1000,0,0.00,false
30,3,29,1,0,1000,0,0.00,false
30,3,29,1,1,1000,0,0.00,false
30,3,29,2,2,1000,0,0.00,false
30,4,1,0,0,1000,0,0.00,false
30,4,1,0,1,1000,0,0.00,false
30,4,1,1,0,1000,0,0.00,false
30,4,1,1,1,1000,0,0.00,false
30,4,1,2,2,1000,0,0.00,false
30,4,2,0,0,1000,0,0.00,false
30,4,2,0,1,1000,0,0.00,false
30,4,2,1,0,1000,0,0.00,false
30,4,2,1,1,1000,0,0.00,false
30,4,2,2,2,1000,0,0.00,false
30,4,3,0,0,1000,0,0.00,false
30,4,3,0,1,1000,0,0.00,false
30,4,3,1,0,1000,0,0.00,false
30,4,3,1,1,1000,0,0.00,false
30,4,3,2,2,1000,0,0.00,false
30,4,5,0,0,1000,0,0.00,false
30,4,5,0,1,1000,0,0.00,false
30,4,5,1,0,1000,0,0.00,false
30,4,5,1,1,1000,0,0.00,false
30,4,5,2,2,1000,0,0.00,false
30,4,6,0,0,1000,0,0.00,false
30,4,6,0,1,1000,0,0.00,false
30,4,6,1,0,1000,0,0.00,false
30,4,6,1,1,1000,0,0.00,false
30,4,6,2,2,1000,0,0.00,false
30,4,7,0,0,1000,0,0.00,false
30,4,7,0,1,1000,0,0.00,false
30,4,7,1,0,1000,0,0.00,false
30,4,7,1,1,1000,0,0.00,false
30,4,7,2,2,1000,0,0.00,false
30,4,8,0,0,1000,0,0.00,false
30,4,8,0,1,1000,0,0.00,false
30,4,8,1,0,1000,0,0.00,false
30,4,8,1,1,1000,0,0.00,false
30,4,8,2,2,1000,0,0.00,false
30,4,9,0,0,1000,0,0.00,false
30,4,9,0,1,1000,0,0.00,false
30,4,9,1,0,1000,0,0.00,false
30,4,9,1,1,1000,0,0.00,false
30,4,9,2,2,1000,0,0.00,false
30,4,10,0,0,1000,0,0.00,false
30,4,10,0,1,1000,0,0.00,false
30,4,10,1,0,1000,0,0.00,false
30,4,10,1,1,1000,0,0.00,false
30,4,10,2,2,1000,0,0.00,false
30,4,11,0,0,1000,0,0.00,false
30,4,11,0,1,1000,0,0.00,false
30,4,11,1,0,1000,0,0.00,false
30,4,11,1,1,1000,0,0.00,false
30,4,11,2,2,1000,0,0.00,false
30,4,12,0,0,1000,0,0.00,false
30,4,12,0,1,1000,0,0.00,false
30,4,12,1,0,1000,0,0.00,false
30,4,12,1,1,1000,0,0.00,false
30,4,12,2,2,1000,0,0.00,false
30,4,13,0,0,1000,0,0.00,false
30,4,13,0,1,1000,0,0.00,false
30,4,13,1,0,1000,0,0.00,false
30,4,13,1,1,1000,0,0.00,false
30,4,13,2,2,1000,0,0.00,false
30,4,14,0,0,1000,0,0.00,false
30,4,14,0,1,1000,0,0.00,false
30,4,14,1,0,1000,0,0.00,false
30,4,14,1,1,1000,0,0.00,false
30,4,14,2,2,1000,0,0.00,false
30,4,15,0,0,1000,0,0.00,false
30,4,15,0,1,1000,0,0.00,false
30,4,15,1,0,1000,0,0.00,false
30,4,15,1,1,1000,0,0.00,false
30,4,15,2,2,1000,0,0.00,false
30,4,16,0,0,1000,0,0.00,false
30,4,16,0,1,1000,0,0.00,false
30,4,16,1,0,1000,0,0.00,false
30,4,16,1,1,1000,0,0.00,false
30,4,16,2,2,1000,0,0.00,false
30,4,17,0,0,1000,0,0.00,false
30,4,17,0,1,1000,0,0.00,false
30,4,17,1,0,1000,0,0.00,false
30,4,17,1,1,1000,0,0.00,false
30,4,17,2,2,1000,0,0.00,false
30,4,18,0,0,1000,0,0.00,false
30,4,18,0,1,1000,0,0.00,false
30,4,18,1,0,1000,0,0.00,false
30,4,18,1,1,1000,0,0.00,false
30,4,18,2,2,1000,0,0.00,false
30,4,19,0,0,1000,0,0.00,false
30,4,19,0,1,1000,0,0.00,false
30,4,19,1,0,1000,0,0.00,false
30,4,19,1,1,1000,0,0.00,false
30,4,19,2,2,1000,0,0.00,false
30,4,20,0,0,1000,0,0.00,false
30,4,20,0,1,1000,0,0.00,false
30,4,20,1,0,1000,0,0.00,false
30,4,20,1,1,1000,0,0.00,false
30,4,20,2,2,1000,0,0.00,false
30,4,21,0,0,1000,0,0.00,false
30,4,21,0,1,1000,0,0.00,false
30,4,21,1,0,1000,0,0.00,false
30,4,21,1,1,1000,0,0.00,false
30,4,21,2,2,1000,0,0.00,false
30,4,22,0,0,1000,0,0.00,false
30,4,22,0,1,1000,0,0.00,false
30,4,22,1,0,1000,0,0.00,false
30,4,22,1,1,1000,0,0.00,false
30,4,22,2,2,1000,0,0.00,false
30,4,23,0,0,1000,0,0.00,false
30,4,23,0,1,1000,0,0.00,false
30,4,23,1,0,1000,0,0.00,false
30,4,23,1,1,1000,0,0.00,false
30,4,23,2,2,1000,0,0.00,false
30,4,24,0,0,1000,0,0.00,false
30,4,24,0,1,1000,0,0.00,false
30,4,24,1,0,1000,0,0.00,false
30,4,24,1,1,1000,0,0.00,false
30,4,24,2,2,1000,0,0.00,false
30,4,25,0,0,1000,0,0.00,false
30,4,25,0,1,1000,0,0.00,false
30,4,25,1,0,1000,0,0.00,false
30,4,25,1,1,1000,0,0.00,false
30,4,25,2,2,1000,0,0.00,false
30,4,26,0,0,1000,0,0.00,false
30,4,26,0,1,1000,0,0.00,false
30,4,26,1,0,1000,0,0.00,false
30,4,26,1,1,1000,0,0.00,false
30,4,26,2,2,1000,0,0.00,false
30,4,27,0,0,1000,0,0.00,false
30,4,27,0,1,1000,0,0.00,false
30,4,27,1,0,1000,0,0.00,false
30,4,27,1,1,1000,0,0.00,false
30,4,27,2,2,1000,0,0.00,false
30,4,28,0,0,1000,0,0.00,false
30,4,28,0,1,1000,0,0.00,false
30,4,28,1,0,1000,0,0.00,false
30,4,28,1,1,1000,0,0.00,false
30,4,28,2,2,1000,0,0.00,false
30,4,29,0,0,1000,0,0.00,false
30,4,29,0,1,1000,0,0.00,false
30,4,29,1,0,1000,0,0.00,false
30,4,29,1,1,1000,0,0.00,false
30,4,29,2,2,1000,0,0.00,false
30,5,1,0,0,1000,0,0.00,false
30,5,1,0,1,1000,0,0.00,false
30,5,1,1,0,1000,0,0.00,false
30,5,1,1,1,1000,0,0.00,false
30,5,1,2,2,1000,0,0.00,false
30,5,2,0,0,1000,0,0.00,false
30,5,2,0,1,1000,0,0.00,false
30,5,2,1,0,1000,0,0.00,false
30,5,2,1,1,1000,0,0.00,false
30,5,2,2,2,1000,0,0.00,false
30,5,3,0,0,1000,0,0.00,false
30,5,3,0,1,1000,0,0.00,false
30,5,3,1,0,1000,0,0.00,false
30,5,3,1,1,1000,0,0.00,false
30,5,3,2,2,1000,0,0.00,false
30,5,4,0,0,1000,0,0.00,false
30,5,4,0,1,1000,0,0.00,false
30,5,4,1,0,1000,0,0.00,false
30,5,4,1,1,1000,0,0.00,false
30,5,4,2,2,1000,0,0.00,false
30,5,6,0,0,1000,0,0.00,false
30,5,6,0,1,1000,0,0.00,false
30,5,6,1,0,1000,0,0.00,false
30,5,6,1,1,1000,0,0.00,false
30,5,6,2,2,1000,0,0.00,false
30,5,7,0,0,1000,0,0.00,false
30,5,7,0,1,1000,0,0.00,false
30,5,7,1,0,1000,0,0.00,false
30,5,7,1,1,1000,0,0.00,false
30,5,7,2,2,1000,0,0.00,false
30,5,8,0,0,1000,0,0.00,false
30,5,8,0,1,1000,0,0.00,false
30,5,8,1,0,1000,0,0.00,false
30,5,8,1,1,1000,0,0.00,false
30,5,8,2,2,1000,0,0.00,false
30,5,9,0,0,1000,0,0.00,false
30,5,9,0,1,1000,0,0.00,false
30,5,9,1,0,1000,0,0.00,false
30,5,9,1,1,1000,0,0.00,false
30,5,9,2,2,1000,0,0.00,false
30,5,10,0,0,1000,0,0.00,false
30,5,10,0,1,1000,0,0.00,false
30,5,10,1,0,1000,0,0.00,false
30,5,10,1,1,1000,0,0.00,false
30,5,10,2,2,1000,0,0.00,false
30,5,11,0,0,1000,0,0.00,false
30,5,11,0,1,1000,0,0.00,false
30,5,11,1,0,1000,0,0.00,false
30,5,11,1,1,1000,0,0.00,false
30,5,11,2,2,1000,0,0.00,false
30,5,12,0,0,1000,0,0.00,false
30,5,12,0,1,1000,0,0.00,false
30,5,12,1,0,1000,0,0.00,false
30,5,12,1,1,1000,0,0.00,false
30,5,12,2,2,1000,0,0.00,false
30,5,13,0,0,1000,0,0.00,false
30,5,13,0,1,1000,0,0.00,false
30,5,13,1,0,1000,0,0.00,false
30,5,13,1,1,1000,0,0.00,false
30,5,13,2,2,1000,0,0.00,false
30,5,14,0,0,1000,0,0.00,false
30,5,14,0,1,1000,0,0.00,false
30,5,14,1,0,1000,0,0.00,false
30,5,14,1,1,1000,0,0.00,false
30,5,14,2,2,1000,0,0.00,false
30,5,15,0,0,1000,0,0.00,false
30,5,15,0,1,1000,0,0.00,false
30,5,15,1,0,1000,0,0.00,false
30,5,15,1,1,1000,0,0.00,false
30,5,15,2,2,1000,0,0.00,false
30,5,16,0,0,1000,0,0.00,false
30,5,16,0,1,1000,0,0.00,false
30,5,16,1,0,1000,0,0.00,false
30,5,16,1,1,1000,0,0.00,false
30,5,16,2,2,1000,0,0.00,false
30,5,17,0,0,1000,0,0.00,false
30,5,17,0,1,1000,0,0.00,false
30,5,17,1,0,1000,0,0.00,false
30,5,17,1,1,1000,0,0.00,false
30,5,17,2,2,1000,0,0.00,false
30,5,18,0,0,1000,0,0.00,false
30,5,18,0,1,1000,0,0.00,false
30,5,18,1,0,1000,0,0.00,false
30,5,18,1,1,1000,0,0.00,false
30,5,18,2,2,1000,0,0.00,false
30,5,19,0,0,1000,0,0.00,false
30,5,19,0,1,1000,0,0.00,false
30,5,19,1,0,1000,0,0.00,false
30,5,19,1,1,1000,0,0.00,false
30,5,19,2,2,1000,0,0.00,false
30,5,20,0,0,1000,0,0.00,false
30,5,20,0,1,1000,0,0.00,false
30,5,20,1,0,1000,0,0.00,false
30,5,20,1,1,1000,0,0.00,false
30,5,20,2,2,1000,0,0.00,false
30,5,21,0,0,1000,0,0.00,false
30,5,21,0,1,1000,0,0.00,false
30,5,21,1,0,1000,0,0.00,false
30,5,21,1,1,1000,0,0.00,false
30,5,21,2,2,1000,0,0.00,false
30,5,22,0,0,1000,0,0.00,false
30,5,22,0,1,1000,0,0.00,false
30,5,22,1,0,1000,0,0.00,false
30,5,22,1,1,1000,0,0.00,false
30,5,22,2,2,1000,0,0.00,false
30,5,23,0,0,1000,0,0.00,false
30,5,23,0,1,1000,0,0.00,false
30,5,23,1,0,1000,0,0.00,false
30,5,23,1,1,1000,0,0.00,false
30,5,23,2,2,1000,0,0.00,false
30,5,24,0,0,1000,0,0.00,false
30,5,24,0,1,1000,0,0.00,false
30,5,24,1,0,1000,0,0.00,false
30,5,24,1,1,1000,0,0.00,false
30,5,24,2,2,1000,0,0.00,false
30,5,25,0,0,1000,0,0.00,false
30,5,25,0,1,1000,0,0.00,false
30,5,25,1,0,1000,0,0.00,false
30,5,25,1,1,1000,0,0.00,false
30,5,25,2,2,1000,0,0.00,false
30,5,26,0,0,1000,0,0.00,false
30,5,26,0,1,1000,0,0.00,false
30,5,26,1,0,1000,0,0.00,false
30,5,26,1,1,1000,0,0.00,false
30,5,26,2,2,1000,0,0.00,false
30,5,27,0,0,1000,0,0.00,false
30,5,27,0,1,1000,0,0.00,false
30,5,27,1,0,1000,0,0.00,false
30,5,27,1,1,1000,0,0.00,false
30,5,27,2,2,1000,0,0.00,false
30,5,28,0,0,1000,0,0.00,false
30,5,28,0,1,1000,0,0.00,false
30,5,28,1,0,1000,0,0.00,false
30,5,28,1,1,1000,0,0.00,false
30,5,28,2,2,1000,0,0.00,false
30,5,29,0,0,1000,0,0.00,false
30,5,29,0,1,1000,0,0.00,false
30,5,29,1,0,1000,0,0.00,false
30,5,29,1,1,1000,0,0.00,false
30,5,29,2,2,1000,0,0.00,false
30,6,1,0,0,1000,0,0.00,false
30,6,1,0,1,1000,0,0.00,false
30,6,1,1,0,1000,0,0.00,false
30,6,1,1,1,1000,0,0.00,false
30,6,1,2,2,1000,0,0.00,false
30,6,2,0,0,1000,0,0.00,false
30,6,2,0,1,1000,0,0.00,false
30,6,2,1,0,1000,0,0.00,false
30,6,2,1,1,1000,0,0.00,false
30,6,2,2,2,1000,0,0.00,false
30,6,3,0,0,1000,0,0.00,false
30,6,3,0,1,1000,0,0.00,false
30,6,3,1,0,1000,0,0.00,false
30,6,3,1,1,1000,0,0.00,false
30,6,3,2,2,1000,0,0.00,false
30,6,4,0,0,1000,0,0.00,false
30,6,4,0,1,1000,0,0.00,false
30,6,4,1,0,1000,0,0.00,false
30,6,4,1,1,1000,0,0.00,false
30,6,4,2,2,1000,0,0.00,false
30,6,5,0,0,1000,0,0.00,false
30,6,5,0,1,1000,0,0.00,false
30,6,5,1,0,1000,0,0.00,false
30,6,5,1,1,1000,0,0.00,false
30,6,5,2,2,1000,0,0.00,false
30,6,7,0,0,1000,0,0.00,false
30,6,7,0,1,1000,0,0.00,false
30,6,7,1,0,1000,0,0.00,false
30,6,7,1,1,1000,0,0.00,false
30,6,7,2,2,1000,0,0.00,false
30,6,8,0,0,1000,0,0.00,false
30,6,8,0,1,1000,0,0.00,false
30,6,8,1,0,1000,0,0.00,false
30,6,8,1,1,1000,0,0.00,false
30,6,8,2,2,1000,0,0.00,false
30,6,9,0,0,1000,0,0.00,false
30,6,9,0,1,1000,0,0.00,false
30,6,9,1,0,1000,0,0.00,false
30,6,9,1,1,1000,0,0.00,false
30,6,9,2,2,1000,0,0.00,false
30,6,10,0,0,1000,0,0.00,false
30,6,10,0,1,1000,0,0.00,false
30,6,10,1,0,1000,0,0.00,false
30,6,10,1,1,1000,0,0.00,false
30,6,10,2,2,1000,0,0.00,false
30,6,11,0,0,1000,0,0.00,false
30,6,11,0,1,1000,0,0.00,false
30,6,11,1,0,1000,0,0.00,false
30,6,11,1,1,1000,0,0.00,false
30,6,11,2,2,1000,0,0.00,false
30,6,12,0,0,1000,0,0.00,false
30,6,12,0,1,1000,0,0.00,false
30,6,12,1,0,1000,0,0.00,false
30,6,12,1,1,1000,0,0.00,false
30,6,12,2,2,1000,0,0.00,false
30,6,13,0,0,1000,0,0.00,false
30,6,13,0,1,1000,0,0.00,false
30,6,13,1,0,1000,0,0.00,false
30,6,13,1,1,1000,0,0.00,false
30,6,13,2,2,1000,0,0.00,false
30,6,14,0,0,1000,0,0.00,false
30,6,14,0,1,1000,0,0.00,false
30,6,14,1,0,1000,0,0.00,false
30,6,14,1,1,1000,0,0.00,false
30,6,14,2,2,1000,0,0.00,false
30,6,15,0,0,1000,0,0.00,false
30,6,15,0,1,1000,0,0.00,false
30,6,15,1,0,1000,0,0.00,false
30,6,15,1,1,1000,0,0.00,false
30,6,15,2,2,1000,0,0.00,false
30,6,16,0,0,1000,0,0.00,false
30,6,16,0,1,1000,0,0.00,false
30,6,16,1,0,1000,0,0.00,false
30,6,16,1,1,1000,0,0.00,false
30,6,16,2,2,1000,0,0.00,false
30,6,17,0,0,1000,0,0.00,false
30,6,17,0,1,1000,0,0.00,false
30,6,17,1,0,1000,0,0.00,false
30,6,17,1,1,1000,0,0.00,false
30,6,17,2,2,1000,0,0.00,false
30,6,18,0,0,1000,0,0.00,false
30,6,18,0,1,1000,0,0.00,false
30,6,18,1,0,1000,0,0.00,false
30,6,18,1,1,1000,0,0.00,false
30,6,18,2,2,1000,0,0.00,false
30,6,19,0,0,1000,0,0.00,false
30,6,19,0,1,1000,0,0.00,false
30,6,19,1,0,1000,0,0.00,false
30,6,19,1,1,1000,0,0.00,false
30,6,19,2,2,1000,0,0.00,false
30,6,20,0,0,1000,0,0.00,false
30,6,20,0,1,1000,0,0.00,false
30,6,20,1,0,1000,0,0.00,false
30,6,20,1,1,1000,0,0.00,false
30,6,20,2,2,1000,0,0.00,false
30,6,21,0,0,1000,0,0.00,false
30,6,21,0,1,1000,0,0.00,false
30,6,21,1,0,1000,0,0.00,false
30,6,21,1,1,1000,0,0.00,false
30,6,21,2,2,1000,0,0.00,false
30,6,22,0,0,1000,0,0.00,false
30,6,22,0,1,1000,0,0.00,false
30,6,22,1,0,1000,0,0.00,false
30,6,22,1,1,1000,0,0.00,false
30,6,22,2,2,1000,0,0.00,false
30,6,23,0,0,1000,0,0.00,false
30,6,23,0,1,1000,0,0.00,false
30,6,23,1,0,1000,0,0.00,false
30,6,23,1,1,1000,0,0.00,false
30,6,23,2,2,1000,0,0.00,false
30,6,24,0,0,1000,0,0.00,false
30,6,24,0,1,1000,0,0.00,false
30,6,24,1,0,1000,0,0.00,false
30,6,24,1,1,1000,0,0.00,false
30,6,24,2,2,1000,0,0.00,false
30,6,25,0,0,1000,0,0.00,false
30,6,25,0,1,1000,0,0.00,false
30,6,25,1,0,1000,0,0.00,false
30,6,25,1,1,1000,0,0.00,false
30,6,25,2,2,1000,0,0.00,false
30,6,26,0,0,1000,0,0.00,false
30,6,26,0,1,1000,0,0.00,false
30,6,26,1,0,1000,0,0.00,false
30,6,26,1,1,1000,0,0.00,false
30,6,26,2,2,1000,0,0.00,false
30,6,27,0,0,1000,0,0.00,false
30,6,27,0,1,1000,0,0.00,false
30,6,27,1,0,1000,0,0.00,false
30,6,27,1,1,1000,0,0.00,false
30,6,27,2,2,1000,0,0.00,false
30,6,28,0,0,1000,0,0.00,false
30,6,28,0,1,1000,0,0.00,false
30,6,28,1,0,1000,0,0.00,false
30,6,28,1,1,1000,0,0.00,false
30,6,28,2,2,1000,0,0.00,false
30,6,29,0,0,1000,0,0.00,false
30,6,29,0,1,1000,0,0.00,false
30,6,29,1,0,1000,0,0.00,false
30,6,29,1,1,1000,0,0.00,false
30,6,29,2,2,1000,0,0.00,false
30,7,1,0,0,1000,232,23.20,true
30,7,1,0,1,1000,168,16.80,true
30,7,1,1,0,1000,152,15.20,true
30,7,1,1,1,1000,121,12.10,true
30,7,1,2,2,1000,72,7.20,true
30,7,2,0,0,1000,235,23.50,false
30,7,2,0,1,1000,154,15.40,false
30,7,2,1,0,1000,170,17.00,false
30,7,2,1,1,1000,114,11.40,false
30,7,2,2,2,1000,89,8.90,false
30,7,3,0,0,1000,246,24.60,false
30,7,3,0,1,1000,159,15.90,false
30,7,3,1,0,1000,159,15.90,false
30,7,3,1,1,1000,139,13.90,false
30,7,3,2,2,1000,101,10.10,false
30,7,4,0,0,1000,235,23.50,false
30,7,4,0,1,1000,164,16.40,false
30,7,4,1,0,1000,168,16.80,false
30,7,4,1,1,1000,130,13.00,false
30,7,4,2,2,1000,90,9.00,false
30,7,5,0,0,1000,248,24.80,false
30,7,5,0,1,1000,153,15.30,false
30,7,5,1,0,1000,166,16.60,false
30,7,5,1,1,1000,135,13.50,false
30,7,5,2,2,1000,90,9.00,false
30,7,6,0,0,1000,246,24.60,false
30,7,6,0,1,1000,160,16.00,false
30,7,6,1,0,1000,178,17.80,false
30,7,6,1,1,1000,114,11.40,false
30,7,6,2,2,1000,118,11.80,false
30,7,8,0,0,1000,256,25.60,false
30,7,8,0,1,1000,177,17.70,false
30,7,8,1,0,1000,171,17.10,false
30,7,8,1,1,1000,137,13.70,false
30,7,8,2,2,1000,90,9.00,false
30,7,9,0,0,1000,257,25.70,false
30,7,9,0,1,1000,171,17.10,false
30,7,9,1,0,1000,169,16.90,false
30,7,9,1,1,1000,134,13.40,false
30,7,9,2,2,1000,94,9.40,false
30,7,10,0,0,1000,226,22.60,false
30,7,10,0,1,1000,176,17.60,false
30,7,10,1,0,1000,166,16.60,false
30,7,10,1,1,1000,132,13.20,false
30,7,10,2,2,1000,90,9.00,false
30,7,11,0,0,1000,239,23.90,true
30,7,11,0,1,1000,177,17.70,true
30,7,11,1,0,1000,162,16.20,true
30,7,11,1,1,1000,125,12.50,true
30,7,11,2,2,1000,90,9.00,true
30,7,12,0,0,1000,232,23.20,false
30,7,12,0,1,1000,163,16.30,false
30,7,12,1,0,1000,176,17.60,false
30,7,12,1,1,1000,132,13.20,false
30,7,12,2,2,1000,85,8.50,false
30,7,13,0,0,1000,252,25.20,true
30,7,13,0,1,1000,164,16.40,true
30,7,13,1,0,1000,185,18.50,true
30,7,13,1,1,1000,132,13.20,true
30,7,13,2,2,1000,93,9.30,true
30,7,14,0,0,1000,226,22.60,false
30,7,14,0,1,1000,145,14.50,false
30,7,14,1,0,1000,171,17.10,false
30,7,14,1,1,1000,138,13.80,false
30,7,14,2,2,1000,79,7.90,false
30,7,15,0,0,1000,217,21.70,false
30,7,15,0,1,1000,178,17.80,false
30,7,15,1,0,1000,172,17.20,false
30,7,15,1,1,1000,112,11.20,false
30,7,15,2,2,1000,99,9.90,false
30,7,16,0,0,1000,230,23.00,false
30,7,16,0,1,1000,170,17.00,false
30,7,16,1,0,1000,177,17.70,false
30,7,16,1,1,1000,126,12.60,false
30,7,16,2,2,1000,96,9.60,false
30,7,17,0,0,1000,227,22.70,true
30,7,17,0,1,1000,181,18.10,true
30,7,17,1,0,1000,161,16.10,true
30,7,17,1,1,1000,149,14.90,true
30,7,17,2,2,1000,76,7.60,true
30,7,18,0,0,1000,246,24.60,false
30,7,18,0,1,1000,184,18.40,false
30,7,18,1,0,1000,164,16.40,false
30,7,18,1,1,1000,137,13.70,false
30,7,18,2,2,1000,95,9.50,false
30,7,19,0,0,1000,244,24.40,true
30,7,19,0,1,1000,173,17.30,true
30,7,19,1,0,1000,187,18.70,true
30,7,19,1,1,1000,126,12.60,true
30,7,19,2,2,1000,96,9.60,true
30,7,20,0,0,1000,251,25.10,false
30,7,20,0,1,1000,161,16.10,false
30,7,20,1,0,1000,152,15.20,false
30,7,20,1,1,1000,122,12.20,false
30,7,20,2,2,1000,69,6.90,false
30,7,21,0,0,1000,241,24.10,false
30,7,21,0,1,1000,168,16.80,false
30,7,21,1,0,1000,175,17.50,false
30,7,21,1,1,1000,118,11.80,false
30,7,21,2,2,1000,102,10.20,false
30,7,22,0,0,1000,240,24.00,false
30,7,22,0,1,1000,174,17.40,false
30,7,22,1,0,1000,153,15.30,false
30,7,22,1,1,1000,126,12.60,false
30,7,22,2,2,1000,88,8.80,false
30,7,23,0,0,1000,246,24.60,true
30,7,23,0,1,1000,166,16.60,true
30,7,23,1,0,1000,172,17.20,true
30,7,23,1,1,1000,152,15.20,true
30,7,23,2,2,1000,78,7.80,true
30,7,24,0,0,1000,244,24.40,false
30,7,24,0,1,1000,169,16.90,false
30,7,24,1,0,1000,160,16.00,false
30,7,24,1,1,1000,137,13.70,false
30,7,24,2,2,1000,84,8.40,false
30,7,25,0,0,1000,236,23.60,false
30,7,25,0,1,1000,161,16.10,false
30,7,25,1,0,1000,175,17.50,false
30,7,25,1,1,1000,127,12.70,false
30,7,25,2,2,1000,81,8.10,false
30,7,26,0,0,1000,221,22.10,false
30,7,26,0,1,1000,186,18.60,false
30,7,26,1,0,1000,150,15.00,false
30,7,26,1,1,1000,137,13.70,false
30,7,26,2,2,1000,103,10.30,false
30,7,27,0,0,1000,245,24.50,false
30,7,27,0,1,1000,178,17.80,false
30,7,27,1,0,1000,149,14.90,false
30,7,27,1,1,1000,142,14.20,false
30,7,27,2,2,1000,80,8.00,false
30,7,28,0,0,1000,226,22.60,false
30,7,28,0,1,1000,172,17.20,false
30,7,28,1,0,1000,171,17.10,false
30,7,28,1,1,1000,126,12.60,false
30,7,28,2,2,1000,84,8.40,false
30,7,29,0,0,1000,247,24.70,true
30,7,29,0,1,1000,168,16.80,true
30,7,29,1,0,1000,145,14.50,true
30,7,29,1,1,1000,106,10.60,true
30,7,29,2,2,1000,105,10.50,true
30,8,1,0,0,1000,0,0.00,false
30,8,1,0,1,1000,0,0.00,false
30,8,1,1,0,1000,0,0.00,false
30,8,1,1,1,1000,0,0.00,false
30,8,1,2,2,1000,0,0.00,false
30,8,2,0,0,1000,0,0.00,false
30,8,2,0,1,1000,0,0.00,false
30,8,2,1,0,1000,0,0.00,false
30,8,2,1,1,1000,0,0.00,false
30,8,2,2,2,1000,0,0.00,false
30,8,3,0,0,1000,0,0.00,false
30,8,3,0,1,1000,0,0.00,false
30,8,3,1,0,1000,0,0.00,false
30,8,3,1,1,1000,0,0.00,false
30,8,3,2,2,1000,0,0.00,false
30,8,4,0,0,1000,0,0.00,false
30,8,4,0,1,1000,0,0.00,false
30,8,4,1,0,1000,0,0.00,false
30,8,4,1,1,1000,0,0.00,false
30,8,4,2,2,1000,0,0.00,false
30,8,5,0,0,1000,0,0.00,false
30,8,5,0,1,1000,0,0.00,false
30,8,5,1,0,1000,0,0.00,false
30,8,5,1,1,1000,0,0.00,false
30,8,5,2,2,1000,0,0.00,false
30,8,6,0,0,1000,0,0.00,false
30,8,6,0,1,1000,0,0.00,false
30,8,6,1,0,1000,0,0.00,false
30,8,6,1,1,1000,0,0.00,false
30,8,6,2,2,1000,0,0.00,false
30,8,7,0,0,1000,0,0.00,false
30,8,7,0,1,1000,0,0.00,false
30,8,7,1,0,1000,0,0.00,false
30,8,7,1,1,1000,0,0.00,false
30,8,7,2,2,1000,0,0.00,false
30,8,9,0,0,1000,0,0.00,false
30,8,9,0,1,1000,0,0.00,false
30,8,9,1,0,1000,0,0.00,false
30,8,9,1,1,1000,0,0.00,false
30,8,9,2,2,1000,0,0.00,false
30,8,10,0,0,1000,0,0.00,false
30,8,10,0,1,1000,0,0.00,false
30,8,10,1,0,1000,0,0.00,false
30,8,10,1,1,1000,0,0.00,false
30,8,10,2,2,1000,0,0.00,false
30,8,11,0,0,1000,0,0.00,false
30,8,11,0,1,1000,0,0.00,false
30,8,11,1,0,1000,0,0.00,false
30,8,11,1,1,1000,0,0.00,false
30,8,11,2,2,1000,0,0.00,false
30,8,12,0,0,1000,0,0.00,false
30,8,12,0,1,1000,0,0.00,false
30,8,12,1,0,1000,0,0.00,false
30,8,12,1,1,1000,0,0.00,false
30,8,12,2,2,1000,0,0.00,false
30,8,13,0,0,1000,0,0.00,false
30,8,13,0,1,1000,0,0.00,false
30,8,13,1,0,1000,0,0.00,false
30,8,13,1,1,1000,0,0.00,false
30,8,13,2,2,1000,0,0.00,false
30,8,14,0,0,1000,0,0.00,false
30,8,14,0,1,1000,0,0.00,false
30,8,14,1,0,1000,0,0.00,false
30,8,14,1,1,1000,0,0.00,false
30,8,14,2,2,1000,0,0.00,false
30,8,15,0,0,1000,0,0.00,false
30,8,15,0,1,1000,0,0.00,false
30,8,15,1,0,1000,0,0.00,false
30,8,15,1,1,1000,0,0.00,false
30,8,15,2,2,1000,0,0.00,false
30,8,16,0,0,1000,0,0.00,false
30,8,16,0,1,1000,0,0.00,false
30,8,16,1,0,1000,0,0.00,false
30,8,16,1,1,1000,0,0.00,false
30,8,16,2,2,1000,0,0.00,false
30,8,17,0,0,1000,0,0.00,false
30,8,17,0,1,1000,0,0.00,false
30,8,17,1,0,1000,0,0.00,false
30,8,17,1,1,1000,0,0.00,false
30,8,17,2,2,1000,0,0.00,false
30,8,18,0,0,1000,0,0.00,false
30,8,18,0,1,1000,0,0.00,false
30,8,18,1,0,1000,0,0.00,false
30,8,18,1,1,1000,0,0.00,false
30,8,18,2,2,1000,0,0.00,false
30,8,19,0,0,1000,0,0.00,false
30,8,19,0,1,1000,0,0.00,false
30,8,19,1,0,1000,0,0.00,false
30,8,19,1,1,1000,0,0.00,false
30,8,19,2,2,1000,0,0.00,false
30,8,20,0,0,1000,0,0.00,false
30,8,20,0,1,1000,0,0.00,false
30,8,20,1,0,1000,0,0.00,false
30,8,20,1,1,1000,0,0.00,false
30,8,20,2,2,1000,0,0.00,false
30,8,21,0,0,1000,0,0.00,false
30,8,21,0,1,1000,0,0.00,false
30,8,21,1,0,1000,0,0.00,false
30,8,21,1,1,1000,0,0.00,false
30,8,21,2,2,1000,0,0.00,false
30,8,22,0,0,1000,0,0.00,false
30,8,22,0,1,1000,0,0.00,false
30,8,22,1,0,1000,0,0.00,false
30,8,22,1,1,1000,0,0.00,false
30,8,22,2,2,1000,0,0.00,false
30,8,23,0,0,1000,0,0.00,false
30,8,23,0,1,1000,0,0.00,false
30,8,23,1,0,1000,0,0.00,false
30,8,23,1,1,1000,0,0.00,false
30,8,23,2,2,1000,0,0.00,false
30,8,24,0,0,1000,0,0.00,false
30,8,24,0,1,1000,0,0.00,false
30,8,24,1,0,1000,0,0.00,false
30,8,24,1,1,1000,0,0.00,false
30,8,24,2,2,1000,0,0.00,false
30,8,25,0,0,1000,0,0.00,false
30,8,25,0,1,1000,0,0.00,false
30,8,25,1,0,1000,0,0.00,false
30,8,25,1,1,1000,0,0.00,false
30,8,25,2,2,1000,0,0.00,false
30,8,26,0,0,1000,0,0.00,false
30,8,26,0,1,1000,0,0.00,false
30,8,26,1,0,1000,0,0.00,false
30,8,26,1,1,1000,0,0.00,false
30,8,26,2,2,1000,0,0.00,false
30,8,27,0,0,1000,0,0.00,false
30,8,27,0,1,1000,0,0.00,false
30,8,27,1,0,1000,0,0.00,false
30,8,27,1,1,1000,0,0.00,false
30,8,27,2,2,1000,0,0.00,false
30,8,28,0,0,1000,0,0.00,false
30,8,28,0,1,1000,0,0.00,false
30,8,28,1,0,1000,0,0.00,false
30,8,28,1,1,1000,0,0.00,false
30,8,28,2,2,1000,0,0.00,false
30,8,29,0,0,1000,0,0.00,false
30,8,29,0,1,1000,0,0.00,false
30,8,29,1,0,1000,0,0.00,false
30,8,29,1,1,1000,0,0.00,false
30,8,29,2,2,1000,0,0.00,false
30,9,1,0,0,1000,0,0.00,false
30,9,1,0,1,1000,0,0.00,false
30,9,1,1,0,1000,0,0.00,false
30,9,1,1,1,1000,0,0.00,false
30,9,1,2,2,1000,0,0.00,false
30,9,2,0,0,1000,0,0.00,false
30,9,2,0,1,1000,0,0.00,false
30,9,2,1,0,1000,0,0.00,false
30,9,2,1,1,1000,0,0.00,false
30,9,2,2,2,1000,0,0.00,false
30,9,3,0,0,1000,0,0.00,false
30,9,3,0,1,1000,0,0.00,false
30,9,3,1,0,1000,0,0.00,false
30,9,3,1,1,1000,0,0.00,false
30,9,3,2,2,1000,0,0.00,false
30,9,4,0,0,1000,0,0.00,false
30,9,4,0,1,1000,0,0.00,false
30,9,4,1,0,1000,0,0.00,false
30,9,4,1,1,1000,0,0.00,false
30,9,4,2,2,1000,0,0.00,false
30,9,5,0,0,1000,0,0.00,false
30,9,5,0,1,1000,0,0.00,false
30,9,5,1,0,1000,0,0.00,false
30,9,5,1,1,1000,0,0.00,false
30,9,5,2,2,1000,0,0.00,false
30,9,6,0,0,1000,0,0.00,false
30,9,6,0,1,1000,0,0.00,false
30,9,6,1,0,1000,0,0.00,false
30,9,6,1,1,1000,0,0.00,false
30,9,6,2,2,1000,0,0.00,false
30,9,7,0,0,1000,0,0.00,false
30,9,7,0,1,1000,0,0.00,false
30,9,7,1,0,1000,0,0.00,false
30,9,7,1,1,1000,0,0.00,false
30,9,7,2,2,1000,0,0.00,false
30,9,8,0,0,1000,0,0.00,false
30,9,8,0,1,1000,0,0.00,false
30,9,8,1,0,1000,0,0.00,false
30,9,8,1,1,1000,0,0.00,false
30,9,8,2,2,1000,0,0.00,false
30,9,10,0,0,1000,0,0.00,false
30,9,10,0,1,1000,0,0.00,false
30,9,10,1,0,1000,0,0.00,false
30,9,10,1,1,1000,0,0.00,false
30,9,10,2,2,1000,0,0.00,false
30,9,11,0,0,1000,0,0.00,false
30,9,11,0,1,1000,0,0.00,false
30,9,11,1,0,1000,0,0.00,false
30,9,11,1,1,1000,0,0.00,false
30,9,11,2,2,1000,0,0.00,false
30,9,12,0,0,1000,0,0.00,false
30,9,12,0,1,1000,0,0.00,false
30,9,12,1,0,1000,0,0.00,false
30,9,12,1,1,1000,0,0.00,false
30,9,12,2,2,1000,0,0.00,false
30,9,13,0,0,1000,0,0.00,false
30,9,13,0,1,1000,0,0.00,false
30,9,13,1,0,1000,0,0.00,false
30,9,13,1,1,1000,0,0.00,false
30,9,13,2,2,1000,0,0.00,false
30,9,14,0,0,1000,0,0.00,false
30,9,14,0,1,1000,0,0.00,false
30,9,14,1,0,1000,0,0.00,false
30,9,14,1,1,1000,0,0.00,false
30,9,14,2,2,1000,0,0.00,false
30,9,15,0,0,1000,0,0.00,false
30,9,15,0,1,1000,0,0.00,false
30,9,15,1,0,1000,0,0.00,false
30,9,15,1,1,1000,0,0.00,false
30,9,15,2,2,1000,0,0.00,false
30,9,16,0,0,1000,0,0.00,false
30,9,16,0,1,1000,0,0.00,false
30,9,16,1,0,1000,0,0.00,false
30,9,16,1,1,1000,0,0.00,false
30,9,16,2,2,1000,0,0.00,false
30,9,17,0,0,1000,0,0.00,false
30,9,17,0,1,1000,0,0.00,false
30,9,17,1,0,1000,0,0.00,false
30,9,17,1,1,1000,0,0.00,false
30,9,17,2,2,1000,0,0.00,false
30,9,18,0,0,1000,0,0.00,false
30,9,18,0,1,1000,0,0.00,false
30,9,18,1,0,1000,0,0.00,false
30,9,18,1,1,1000,0,0.00,false
30,9,18,2,2,1000,0,0.00,false
30,9,19,0,0,1000,0,0.00,false
30,9,19,0,1,1000,0,0.00,false
30,9,19,1,0,1000,0,0.00,false
30,9,19,1,1,1000,0,0.00,false
30,9,19,2,2,1000,0,0.00,false
30,9,20,0,0,1000,0,0.00,false
30,9,20,0,1,1000,0,0.00,false
30,9,20,1,0,1000,0,0.00,false
30,9,20,1,1,1000,0,0.00,false
30,9,20,2,2,1000,0,0.00,false
30,9,21,0,0,1000,0,0.00,false
30,9,21,0,1,1000,0,0.00,false
30,9,21,1,0,1000,0,0.00,false
30,9,21,1,1,1000,0,0.00,false
30,9,21,2,2,1000,0,0.00,false
30,9,22,0,0,1000,0,0.00,false
30,9,22,0,1,1000,0,0.00,false
30,9,22,1,0,1000,0,0.00,false
30,9,22,1,1,1000,0,0.00,false
30,9,22,2,2,1000,0,0.00,false
30,9,23,0,0,1000,0,0.00,false
30,9,23,0,1,1000,0,0.00,false
30,9,23,1,0,1000,0,0.00,false
30,9,23,1,1,1000,0,0.00,false
30,9,23,2,2,1000,0,0.00,false
30,9,24,0,0,1000,0,0.00,false
30,9,24,0,1,1000,0,0.00,false
30,9,24,1,0,1000,0,0.00,false
30,9,24,1,1,1000,0,0.00,false
30,9,24,2,2,1000,0,0.00,false
30,9,25,0,0,1000,0,0.00,false
30,9,25,0,1,1000,0,0.00,false
30,9,25,1,0,1000,0,0.00,false
30,9,25,1,1,1000,0,0.00,false
30,9,25,2,2,1000,0,0.00,false
30,9,26,0,0,1000,0,0.00,false
30,9,26,0,1,1000,0,0.00,false
30,9,26,1,0,1000,0,0.00,false
30,9,26,1,1,1000,0,0.00,false
30,9,26,2,2,1000,0,0.00,false
30,9,27,0,0,1000,0,0.00,false
30,9,27,0,1,1000,0,0.00,false
30,9,27,1,0,1000,0,0.00,false
30,9,27,1,1,1000,0,0.00,false
30,9,27,2,2,1000,0,0.00,false
30,9,28,0,0,1000,0,0.00,false
30,9,28,0,1,1000,0,0.00,false
30,9,28,1,0,1000,0,0.00,false
30,9,28,1,1,1000,0,0.00,false
30,9,28,2,2,1000,0,0.00,false
30,9,29,0,0,1000,0,0.00,false
30,9,29,0,1,1000,0,0.00,false
30,9,29,1,0,1000,0,0.00,false
30,9,29,1,1,1000,0,0.00,false
30,9,29,2,2,1000,0,0.00,false
30,10,1,0,0,1000,0,0.00,false
30,10,1,0,1,1000,0,0.00,false
30,10,1,1,0,1000,0,0.00,false
30,10,1,1,1,1000,0,0.00,false
30,10,1,2,2,1000,0,0.00,false
30,10,2,0,0,1000,0,0.00,false
30,10,2,0,1,1000,0,0.00,false
30,10,2,1,0,1000,0,0.00,false
30,10,2,1,1,1000,0,0.00,false
30,10,2,2,2,1000,0,0.00,false
30,10,3,0,0,1000,0,0.00,false
30,10,3,0,1,1000,0,0.00,false
30,10,3,1,0,1000,0,0.00,false
30,10,3,1,1,1000,0,0.00,false
30,10,3,2,2,1000,0,0.00,false
30,10,4,0,0,1000,0,0.00,false
30,10,4,0,1,1000,0,0.00,false
30,10,4,1,0,1000,0,0.00,false
30,10,4,1,1,1000,0,0.00,false
30,10,4,2,2,1000,0,0.00,false
30,10,5,0,0,1000,0,0.00,false
30,10,5,0,1,1000,0,0.00,false
30,10,5,1,0,1000,0,0.00,false
30,10,5,1,1,1000,0,0.00,false
30,10,5,2,2,1000,0,0.00,false
30,10,6,0,0,1000,0,0.00,false
30,10,6,0,1,1000,0,0.00,false
30,10,6,1,0,1000,0,0.00,false
30,10,6,1,1,1000,0,0.00,false
30,10,6,2,2,1000,0,0.00,false
30,10,7,0,0,1000,0,0.00,false
30,10,7,0,1,1000,0,0.00,false
30,10,7,1,0,1000,0,0.00,false
30,10,7,1,1,1000,0,0.00,false
30,10,7,2,2,1000,0,0.00,false
30,10,8,0,0,1000,0,0.00,false
30,10,8,0,1,1000,0,0.00,false
30,10,8,1,0,1000,0,0.00,false
30,10,8,1,1,1000,0,0.00,false
30,10,8,2,2,1000,0,0.00,false
30,10,9,0,0,1000,0,0.00,false
30,10,9,0,1,1000,0,0.00,false
30,10,9,1,0,1000,0,0.00,false
30,10,9,1,1,1000,0,0.00,false
30,10,9,2,2,1000,0,0.00,false
30,10,11,0,0,1000,0,0.00,false
30,10,11,0,1,1000,0,0.00,false
30,10,11,1,0,1000,0,0.00,false
30,10,11,1,1,1000,0,0.00,false
30,10,11,2,2,1000,0,0.00,false
30,10,12,0,0,1000,0,0.00,false
30,10,12,0,1,1000,0,0.00,false
30,10,12,1,0,1000,0,0.00,false
30,10,12,1,1,1000,0,0.00,false
30,10,12,2,2,1000,0,0.00,false
30,10,13,0,0,1000,0,0.00,false
30,10,13,0,1,1000,0,0.00,false
30,10,13,1,0,1000,0,0.00,false
30,10,13,1,1,1000,0,0.00,false
30,10,13,2,2,1000,0,0.00,false
30,10,14,0,0,1000,0,0.00,false
30,10,14,0,1,1000,0,0.00,false
30,10,14,1,0,1000,0,0.00,false
30,10,14,1,1,1000,0,0.00,false
30,10,14,2,2,1000,0,0.00,false
30,10,15,0,0,1000,0,0.00,false
30,10,15,0,1,1000,0,0.00,false
30,10,15,1,0,1000,0,0.00,false
30,10,15,1,1,1000,0,0.00,false
30,10,15,2,2,1000,0,0.00,false
30,10,16,0,0,1000,0,0.00,false
30,10,16,0,1,1000,0,0.00,false
30,10,16,1,0,1000,0,0.00,false
30,10,16,1,1,1000,0,0.00,false
30,10,16,2,2,1000,0,0.00,false
30,10,17,0,0,1000,0,0.00,false
30,10,17,0,1,1000,0,0.00,false
30,10,17,1,0,1000,0,0.00,false
30,10,17,1,1,1000,0,0.00,false
30,10,17,2,2,1000,0,0.00,false
30,10,18,0,0,1000,0,0.00,false
30,10,18,0,1,1000,0,0.00,false
30,10,18,1,0,1000,0,0.00,false
30,10,18,1,1,1000,0,0.00,false
30,10,18,2,2,1000,0,0.00,false
30,10,19,0,0,1000,0,0.00,false
30,10,19,0,1,1000,0,0.00,false
30,10,19,1,0,1000,0,0.00,false
30,10,19,1,1,1000,0,0.00,false
30,10,19,2,2,1000,0,0.00,false
30,10,20,0,0,1000,0,0.00,false
30,10,20,0,1,1000,0,0.00,false
30,10,20,1,0,1000,0,0.00,false
30,10,20,1,1,1000,0,0.00,false
30,10,20,2,2,1000,0,0.00,false
30,10,21,0,0,1000,0,0.00,false
30,10,21,0,1,1000,0,0.00,false
30,10,21,1,0,1000,0,0.00,false
30,10,21,1,1,1000,0,0.00,false
30,10,21,2,2,1000,0,0.00,false
30,10,22,0,0,1000,0,0.00,false
30,10,22,0,1,1000,0,0.00,false
30,10,22,1,0,1000,0,0.00,false
30,10,22,1,1,1000,0,0.00,false
30,10,22,2,2,1000,0,0.00,false
30,10,23,0,0,1000,0,0.00,false
30,10,23,0,1,1000,0,0.00,false
30,10,23,1,0,1000,0,0.00,false
30,10,23,1,1,1000,0,0.00,false
30,10,23,2,2,1000,0,0.00,false
30,10,24,0,0,1000,0,0.00,false
30,10,24,0,1,1000,0,0.00,false
30,10,24,1,0,1000,0,0.00,false
30,10,24,1,1,1000,0,0.00,false
30,10,24,2,2,1000,0,0.00,false
30,10,25,0,0,1000,0,0.00,false
30,10,25,0,1,1000,0,0.00,false
30,10,25,1,0,1000,0,0.00,false
30,10,25,1,1,1000,0,0.00,false
30,10,25,2,2,1000,0,0.00,false
30,10,26,0,0,1000,0,0.00,false
30,10,26,0,1,1000,0,0.00,false
30,10,26,1,0,1000,0,0.00,false
30,10,26,1,1,1000,0,0.00,false
30,10,26,2,2,1000,0,0.00,false
30,10,27,0,0,1000,0,0.00,false
30,10,27,0,1,1000,0,0.00,false
30,10,27,1,0,1000,0,0.00,false
30,10,27,1,1,1000,0,0.00,false
30,10,27,2,2,1000,0,0.00,false
30,10,28,0,0,1000,0,0.00,false
30,10,28,0,1,1000,0,0.00,false
30,10,28,1,0,1000,0,0.00,false
30,10,28,1,1,1000,0,0.00,false
30,10,28,2,2,1000,0,0.00,false
30,10,29,0,0,1000,0,0.00,false
30,10,29,0,1,1000,0,0.00,false
30,10,29,1,0,1000,0,0.00,false
30,10,29,1,1,1000,0,0.00,false
30,10,29,2,2,1000,0,0.00,false
30,11,1,0,0,1000,244,24.40,true
30,11,1,0,1,1000,161,16.10,true
30,11,1,1,0,1000,167,16.70,true
30,11,1,1,1,1000,128,12.80,true
30,11,1,2,2,1000,101,10.10,true
30,11,2,0,0,1000,244,24.40,false
30,11,2,0,1,1000,157,15.70,false
30,11,2,1,0,1000,164,16.40,false
30,11,2,1,1,1000,131,13.10,false
30,11,2,2,2,1000,110,11.00,false
30,11,3,0,0,1000,227,22.70,false
30,11,3,0,1,1000,158,15.80,false
30,11,3,1,0,1000,186,18.60,false
30,11,3,1,1,1000,137,13.70,false
30,11,3,2,2,1000,102,10.20,false
30,11,4,0,0,1000,229,22.90,false
30,11,4,0,1,1000,163,16.30,false
30,11,4,1,0,1000,165,16.50,false
30,11,4,1,1,1000,122,12.20,false
30,11,4,2,2,1000,88,8.80,false
30,11,5,0,0,1000,233,23.30,false
30,11,5,0,1,1000,168,16.80,false
30,11,5,1,0,1000,166,16.60,false
30,11,5,1,1,1000,124,12.40,false
30,11,5,2,2,1000,83,8.30,false
30,11,6,0,0,1000,241,24.10,false
30,11,6,0,1,1000,143,14.30,false
30,11,6,1,0,1000,173,17.30,false
30,11,6,1,1,1000,137,13.70,false
30,11,6,2,2,1000,95,9.50,false
30,11,7,0,0,1000,239,23.90,true
30,11,7,0,1,1000,168,16.80,true
30,11,7,1,0,1000,172,17.20,true
30,11,7,1,1,1000,126,12.60,true
30,11,7,2,2,1000,92,9.20,true
30,11,8,0,0,1000,220,22.00,false
30,11,8,0,1,1000,165,16.50,false
30,11,8,1,0,1000,163,16.30,false
30,11,8,1,1,1000,118,11.80,false
30,11,8,2,2,1000,82,8.20,false
30,11,9,0,0,1000,217,21.70,false
30,11,9,0,1,1000,156,15.60,false
30,11,9,1,0,1000,176,17.60,false
30,11,9,1,1,1000,116,11.60,false
30,11,9,2,2,1000,82,8.20,false
30,11,10,0,0,1000,233,23.30,false
30,11,10,0,1,1000,168,16.80,false
30,11,10,1,0,1000,176,17.60,false
30,11,10,1,1,1000,125,12.50,false
30,11,10,2,2,1000,90,9.00,false
30,11,12,0,0,1000,212,21.20,false
30,11,12,0,1,1000,150,15.00,false
30,11,12,1,0,1000,173,17.30,false
30,11,12,1,1,1000,130,13.00,false
30,11,12,2,2,1000,75,7.50,false
30,11,13,0,0,1000,246,24.60,true
30,11,13,0,1,1000,153,15.30,true
30,11,13,1,0,1000,171,17.10,true
30,11,13,1,1,1000,125,12.50,true
30,11,13,2,2,1000,94,9.40,true
30,11,14,0,0,1000,211,21.10,false
30,11,14,0,1,1000,155,15.50,false
30,11,14,1,0,1000,155,15.50,false
30,11,14,1,1,1000,131,13.10,false
30,11,14,2,2,1000,93,9.30,false
30,11,15,0,0,1000,240,24.00,false
30,11,15,0,1,1000,156,15.60,false
30,11,15,1,0,1000,171,17.10,false
30,11,15,1,1,1000,124,12.40,false
30,11,15,2,2,1000,99,9.90,false
30,11,16,0,0,1000,246,24.60,false
30,11,16,0,1,1000,184,18.40,false
30,11,16,1,0,1000,147,14.70,false
30,11,16,1,1,1000,135,13.50,false
30,11,16,2,2,1000,71,7.10,false
30,11,17,0,0,1000,229,22.90,true
30,11,17,0,1,1000,159,15.90,true
30,11,17,1,0,1000,163,16.30,true
30,11,17,1,1,1000,123,12.30,true
30,11,17,2,2,1000,80,8.00,true
30,11,18,0,0,1000,241,24.10,false
30,11,18,0,1,1000,172,17.20,false
30,11,18,1,0,1000,171,17.10,false
30,11,18,1,1,1000,110,11.00,false
30,11,18,2,2,1000,76,7.60,false
30,11,19,0,0,1000,226,22.60,true
30,11,19,0,1,1000,158,15.80,true
30,11,19,1,0,1000,163,16.30,true
30,11,19,1,1,1000,134,13.40,true
30,11,19,2,2,1000,81,8.10,true
30,11,20,0,0,1000,231,23.10,false
30,11,20,0,1,1000,154,15.40,false
30,11,20,1,0,1000,164,16.40,false
30,11,20,1,1,1000,132,13.20,false
30,11,20,2,2,1000,88,8.80,false
30,11,21,0,0,1000,241,24.10,false
30,11,21,0,1,1000,159,15.90,false
30,11,21,1,0,1000,164,16.40,false
30,11,21,1,1,1000,121,12.10,false
30,11,21,2,2,1000,72,7.20,false
30,11,22,0,0,1000,232,23.20,false
30,11,22,0,1,1000,170,17.00,false
30,11,22,1,0,1000,158,15.80,false
30,11,22,1,1,1000,137,13.70,false
30,11,22,2,2,1000,90,9.00,false
30,11,23,0,0,1000,237,23.70,true
30,11,23,0,1,1000,172,17.20,true
30,11,23,1,0,1000,175,17.50,true
30,11,23,1,1,1000,125,12.50,true
30,11,23,2,2,1000,91,9.10,true
30,11,24,0,0,1000,229,22.90,false
30,11,24,0,1,1000,167,16.70,false
30,11,24,1,0,1000,172,17.20,false
30,11,24,1,1,1000,137,13.70,false
30,11,24,2,2,1000,88,8.80,false
30,11,25,0,0,1000,239,23.90,false
30,11,25,0,1,1000,157,15.70,false
30,11,25,1,0,1000,170,17.00,false
30,11,25,1,1,1000,121,12.10,false
30,11,25,2,2,1000,75,7.50,false
30,11,26,0,0,1000,245,24.50,false
30,11,26,0,1,1000,159,15.90,false
30,11,26,1,0,1000,159,15.90,false
30,11,26,1,1,1000,138,13.80,false
30,11,26,2,2,1000,87,8.70,false
30,11,27,0,0,1000,239,23.90,false
30,11,27,0,1,1000,174,17.40,false
30,11,27,1,0,1000,167,16.70,false
30,11,27,1,1,1000,136,13.60,false
30,11,27,2,2,1000,99,9.90,false
30,11,28,0,0,1000,243,24.30,false
30,11,28,0,1,1000,160,16.00,false
30,11,28,1,0,1000,149,14.90,false
30,11,28,1,1,1000,134,13.40,false
30,11,28,2,2,1000,89,8.90,false
30,11,29,0,0,1000,230,23.00,true
30,11,29,0,1,1000,166,16.60,true
30,11,29,1,0,1000,168,16.80,true
30,11,29,1,1,1000,122,12.20,true
30,11,29,2,2,1000,96,9.60,true
30,12,1,0,0,1000,0,0.00,false
30,12,1,0,1,1000,0,0.00,false
30,12,1,1,0,1000,0,0.00,false
30,12,1,1,1,1000,0,0.00,false
30,12,1,2,2,1000,0,0.00,false
30,12,2,0,0,1000,0,0.00,false
30,12,2,0,1,1000,0,0.00,false
30,12,2,1,0,1000,0,0.00,false
30,12,2,1,1,1000,0,0.00,false
30,12,2,2,2,1000,0,0.00,false
30,12,3,0,0,1000,0,0.00,false
30,12,3,0,1,1000,0,0.00,false
30,12,3,1,0,1000,0,0.00,false
30,12,3,1,1,1000,0,0.00,false
30,12,3,2,2,1000,0,0.00,false
30,12,4,0,0,1000,0,0.00,false
30,12,4,0,1,1000,0,0.00,false
30,12,4,1,0,1000,0,0.00,false
30,12,4,1,1,1000,0,0.00,false
30,12,4,2,2,1000,0,0.00,false
30,12,5,0,0,1000,0,0.00,false
30,12,5,0,1,1000,0,0.00,false
30,12,5,1,0,1000,0,0.00,false
30,12,5,1,1,1000,0,0.00,false
30,12,5,2,2,1000,0,0.00,false
30,12,6,0,0,1000,0,0.00,false
30,12,6,0,1,1000,0,0.00,false
30,12,6,1,0,1000,0,0.00,false
30,12,6,1,1,1000,0,0.00,false
30,12,6,2,2,1000,0,0.00,false
30,12,7,0,0,1000,0,0.00,false
30,12,7,0,1,1000,0,0.00,false
30,12,7,1,0,1000,0,0.00,false
30,12,7,1,1,1000,0,0.00,false
30,12,7,2,2,1000,0,0.00,false
30,12,8,0,0,1000,0,0.00,false
30,12,8,0,1,1000,0,0.00,false
30,12,8,1,0,1000,0,0.00,false
30,12,8,1,1,1000,0,0.00,false
30,12,8,2,2,1000,0,0.00,false
30,12,9,0,0,1000,0,0.00,false
30,12,9,0,1,1000,0,0.00,false
30,12,9,1,0,1000,0,0.00,false
30,12,9,1,1,1000,0,0.00,false
30,12,9,2,2,1000,0,0.00,false
30,12,10,0,0,1000,0,0.00,false
30,12,10,0,1,1000,0,0.00,false
30,12,10,1,0,1000,0,0.00,false
30,12,10,1,1,1000,0,0.00,false
30,12,10,2,2,1000,0,0.00,false
30,12,11,0,0,1000,0,0.00,false
30,12,11,0,1,1000,0,0.00,false
30,12,11,1,0,1000,0,0.00,false
30,12,11,1,1,1000,0,0.00,false
30,12,11,2,2,1000,0,0.00,false
30,12,13,0,0,1000,0,0.00,false
30,12,13,0,1,1000,0,0.00,false
30,12,13,1,0,1000,0,0.00,false
30,12,13,1,1,1000,0,0.00,false
30,12,13,2,2,1000,0,0.00,false
30,12,14,0,0,1000,0,0.00,false
30,12,14,0,1,1000,0,0.00,false
30,12,14,1,0,1000,0,0.00,false
30,12,14,1,1,1000,0,0.00,false
30,12,14,2,2,1000,0,0.00,false
30,12,15,0,0,1000,0,0.00,false
30,12,15,0,1,1000,0,0.00,false
30,12,15,1,0,1000,0,0.00,false
30,12,15,1,1,1000,0,0.00,false
30,12,15,2,2,1000,0,0.00,false
30,12,16,0,0,1000,0,0.00,false
30,12,16,0,1,1000,0,0.00,false
30,12,16,1,0,1000,0,0.00,false
30,12,16,1,1,1000,0,0.00,false
30,12,16,2,2,1000,0,0.00,false
30,12,17,0,0,1000,0,0.00,false
30,12,17,0,1,1000,0,0.00,false
30,12,17,1,0,1000,0,0.00,false
30,12,17,1,1,1000,0,0.00,false
30,12,17,2,2,1000,0,0.00,false
30,12,18,0,0,1000,0,0.00,false
30,12,18,0,1,1000,0,0.00,false
30,12,18,1,0,1000,0,0.00,false
30,12,18,1,1,1000,0,0.00,false
30,12,18,2,2,1000,0,0.00,false
30,12,19,0,0,1000,0,0.00,false
30,12,19,0,1,1000,0,0.00,false
30,12,19,1,0,1000,0,0.00,false
30,12,19,1,1,1000,0,0.00,false
30,12,19,2,2,1000,0,0.00,false
30,12,20,0,0,1000,0,0.00,false
30,12,20,0,1,1000,0,0.00,false
30,12,20,1,0,1000,0,0.00,false
30,12,20,1,1,1000,0,0.00,false
30,12,20,2,2,1000,0,0.00,false
30,12,21,0,0,1000,0,0.00,false
30,12,21,0,1,1000,0,0.00,false
30,12,21,1,0,1000,0,0.00,false
30,12,21,1,1,1000,0,0.00,false
30,12,21,2,2,1000,0,0.00,false
30,12,22,0,0,1000,0,0.00,false
30,12,22,0,1,1000,0,0.00,false
30,12,22,1,0,1000,0,0.00,false
30,12,22,1,1,1000,0,0.00,false
30,12,22,2,2,1000,0,0.00,false
30,12,23,0,0,1000,0,0.00,false
30,12,23,0,1,1000,0,0.00,false
30,12,23,1,0,1000,0,0.00,false
30,12,23,1,1,1000,0,0.00,false
30,12,23,2,2,1000,0,0.00,false
30,12,24,0,0,1000,0,0.00,false
30,12,24,0,1,1000,0,0.00,false
30,12,24,1,0,1000,0,0.00,false
30,12,24,1,1,1000,0,0.00,false
30,12,24,2,2,1000,0,0.00,false
30,12,25,0,0,1000,0,0.00,false
30,12,25,0,1,1000,0,0.00,false
30,12,25,1,0,1000,0,0.00,false
30,12,25,1,1,1000,0,0.00,false
30,12,25,2,2,1000,0,0.00,false
30,12,26,0,0,1000,0,0.00,false
30,12,26,0,1,1000,0,0.00,false
30,12,26,1,0,1000,0,0.00,false
30,12,26,1,1,1000,0,0.00,false
30,12,26,2,2,1000,0,0.00,false
30,12,27,0,0,1000,0,0.00,false
30,12,27,0,1,1000,0,0.00,false
30,12,27,1,0,1000,0,0.00,false
30,12,27,1,1,1000,0,0.00,false
30,12,27,2,2,1000,0,0.00,false
30,12,28,0,0,1000,0,0.00,false
30,12,28,0,1,1000,0,0.00,false
30,12,28,1,0,1000,0,0.00,false
30,12,28,1,1,1000,0,0.00,false
30,12,28,2,2,1000,0,0.00,false
30,12,29,0,0,1000,0,0.00,false
30,12,29,0,1,1000,0,0.00,false
30,12,29,1,0,1000,0,0.00,false
30,12,29,1,1,1000,0,0.00,false
30,12,29,2,2,1000,0,0.00,false
30,13,1,0,0,1000,237,23.70,true
30,13,1,0,1,1000,173,17.30,true
30,13,1,1,0,1000,162,16.20,true
30,13,1,1,1,1000,133,13.30,true
30,13,1,2,2,1000,92,9.20,true
30,13,2,0,0,1000,239,23.90,false
30,13,2,0,1,1000,153,15.30,false
30,13,2,1,0,1000,165,16.50,false
30,13,2,1,1,1000,120,12.00,false
30,13,2,2,2,1000,79,7.90,false
30,13,3,0,0,1000,228,22.80,false
30,13,3,0,1,1000,180,18.00,false
30,13,3,1,0,1000,145,14.50,false
30,13,3,1,1,1000,114,11.40,false
30,13,3,2,2,1000,96,9.60,false
30,13,4,0,0,1000,225,22.50,false
30,13,4,0,1,1000,153,15.30,false
30,13,4,1,0,1000,153,15.30,false
30,13,4,1,1,1000,118,11.80,false
30,13,4,2,2,1000,94,9.40,false
30,13,5,0,0,1000,229,22.90,false
30,13,5,0,1,1000,152,15.20,false
30,13,5,1,0,1000,173,17.30,false
30,13,5,1,1,1000,138,13.80,false
30,13,5,2,2,1000,88,8.80,false
30,13,6,0,0,1000,229,22.90,false
30,13,6,0,1,1000,154,15.40,false
30,13,6,1,0,1000,159,15.90,false
30,13,6,1,1,1000,129,12.90,false
30,13,6,2,2,1000,79,7.90,false
30,13,7,0,0,1000,215,21.50,true
30,13,7,0,1,1000,164,16.40,true
30,13,7,1,0,1000,179,17.90,true
30,13,7,1,1,1000,122,12.20,true
30,13,7,2,2,1000,78,7.80,true
30,13,8,0,0,1000,246,24.60,false
30,13,8,0,1,1000,174,17.40,false
30,13,8,1,0,1000,153,15.30,false
30,13,8,1,1,1000,133,13.30,false
30,13,8,2,2,1000,71,7.10,false
30,13,9,0,0,1000,237,23.70,false
30,13,9,0,1,1000,167,16.70,false
30,13,9,1,0,1000,166,16.60,false
30,13,9,1,1,1000,103,10.30,false
30,13,9,2,2,1000,77,7.70,false
30,13,10,0,0,1000,227,22.70,false
30,13,10,0,1,1000,155,15.50,false
30,13,10,1,0,1000,170,17.00,false
30,13,10,1,1,1000,115,11.50,false
30,13,10,2,2,1000,94,9.40,false
30,13,11,0,0,1000,235,23.50,true
30,13,11,0,1,1000,152,15.20,true
30,13,11,1,0,1000,162,16.20,true
30,13,11,1,1,1000,133,13.30,true
30,13,11,2,2,1000,98,9.80,true
30,13,12,0,0,1000,228,22.80,false
30,13,12,0,1,1000,158,15.80,false
30,13,12,1,0,1000,173,17.30,false
30,13,12,1,1,1000,128,12.80,false
30,13,12,2,2,1000,108,10.80,false
30,13,14,0,0,1000,248,24.80,false
30,13,14,0,1,1000,160,16.00,false
30,13,14,1,0,1000,183,18.30,false
30,13,14,1,1,1000,118,11.80,false
30,13,14,2,2,1000,92,9.20,false
30,13,15,0,0,1000,248,24.80,false
30,13,15,0,1,1000,158,15.80,false
30,13,15,1,0,1000,161,16.10,false
30,13,15,1,1,1000,128,12.80,false
30,13,15,2,2,1000,86,8.60,false
30,13,16,0,0,1000,239,23.90,false
30,13,16,0,1,1000,167,16.70,false
30,13,16,1,0,1000,160,16.00,false
30,13,16,1,1,1000,121,12.10,false
30,13,16,2,2,1000,75,7.50,false
30,13,17,0,0,1000,227,22.70,true
30,13,17,0,1,1000,166,16.60,true
30,13,17,1,0,1000,144,14.40,true
30,13,17,1,1,1000,121,12.10,true
30,13,17,2,2,1000,78,7.80,true
30,13,18,0,0,1000,230,23.00,false
30,13,18,0,1,1000,182,18.20,false
30,13,18,1,0,1000,172,17.20,false
30,13,18,1,1,1000,118,11.80,false
30,13,18,2,2,1000,70,7.00,false
30,13,19,0,0,1000,215,21.50,true
30,13,19,0,1,1000,169,16.90,true
30,13,19,1,0,1000,185,18.50,true
30,13,19,1,1,1000,110,11.00,true
30,13,19,2,2,1000,96,9.60,true
30,13,20,0,0,1000,220,22.00,false
30,13,20,0,1,1000,166,16.60,false
30,13,20,1,0,1000,155,15.50,false
30,13,20,1,1,1000,112,11.20,false
30,13,20,2,2,1000,81,8.10,false
30,13,21,0,0,1000,222,22.20,false
30,13,21,0,1,1000,160,16.00,false
30,13,21,1,0,1000,161,16.10,false
30,13,21,1,1,1000,127,12.70,false
30,13,21,2,2,1000,86,8.60,false
30,13,22,0,0,1000,220,22.00,false
30,13,22,0,1,1000,166,16.60,false
30,13,22,1,0,1000,163,16.30,false
30,13,22,1,1,1000,133,13.30,false
30,13,22,2,2,1000,78,7.80,false
30,13,23,0,0,1000,232,23.20,true
30,13,23,0,1,1000,177,17.70,true
30,13,23,1,0,1000,156,15.60,true
30,13,23,1,1,1000,116,11.60,true
30,13,23,2,2,1000,99,9.90,true
30,13,24,0,0,1000,216,21.60,false
30,13,24,0,1,1000,154,15.40,false
30,13,24,1,0,1000,155,15.50,false
30,13,24,1,1,1000,131,13.10,false
30,13,24,2,2,1000,95,9.50,false
30,13,25,0,0,1000,221,22.10,false
30,13,25,0,1,1000,166,16.60,false
30,13,25,1,0,1000,168,16.80,false
30,13,25,1,1,1000,131,13.10,false
30,13,25,2,2,1000,91,9.10,false
30,13,26,0,0,1000,226,22.60,false
30,13,26,0,1,1000,168,16.80,false
30,13,26,1,0,1000,159,15.90,false
30,13,26,1,1,1000,122,12.20,false
30,13,26,2,2,1000,75,7.50,false
30,13,27,0,0,1000,232,23.20,false
30,13,27,0,1,1000,168,16.80,false
30,13,27,1,0,1000,161,16.10,false
30,13,27,1,1,1000,117,11.70,false
30,13,27,2,2,1000,90,9.00,false
30,13,28,0,0,1000,244,24.40,false
30,13,28,0,1,1000,150,15.00,false
30,13,28,1,0,1000,160,16.00,false
30,13,28,1,1,1000,116,11.60,false
30,13,28,2,2,1000,72,7.20,false
30,13,29,0,0,1000,235,23.50,true
30,13,29,0,1,1000,151,15.10,true
30,13,29,1,0,1000,160,16.00,true
30,13,29,1,1,1000,137,13.70,true
30,13,29,2,2,1000,90,9.00,true
30,14,1,0,0,1000,0,0.00,false
30,14,1,0,1,1000,0,0.00,false
30,14,1,1,0,1000,0,0.00,false
30,14,1,1,1,1000,0,0.00,false
30,14,1,2,2,1000,0,0.00,false
30,14,2,0,0,1000,0,0.00,false
30,14,2,0,1,1000,0,0.00,false
30,14,2,1,0,1000,0,0.00,false
30,14,2,1,1,1000,0,0.00,false
30,14,2,2,2,1000,0,0.00,false
30,14,3,0,0,1000,0,0.00,false
30,14,3,0,1,1000,0,0.00,false
30,14,3,1,0,1000,0,0.00,false
30,14,3,1,1,1000,0,0.00,false
30,14,3,2,2,1000,0,0.00,false
30,14,4,0,0,1000,0,0.00,false
30,14,4,0,1,1000,0,0.00,false
30,14,4,1,0,1000,0,0.00,false
30,14,4,1,1,1000,0,0.00,false
30,14,4,2,2,1000,0,0.00,false
30,14,5,0,0,1000,0,0.00,false
30,14,5,0,1,1000,0,0.00,false
30,14,5,1,0,1000,0,0.00,false
30,14,5,1,1,1000,0,0.00,false
30,14,5,2,2,1000,0,0.00,false
30,14,6,0,0,1000,0,0.00,false
30,14,6,0,1,1000,0,0.00,false
30,14,6,1,0,1000,0,0.00,false
30,14,6,1,1,1000,0,0.00,false
30,14,6,2,2,1000,0,0.00,false
30,14,7,0,0,1000,0,0.00,false
30,14,7,0,1,1000,0,0.00,false
30,14,7,1,0,1000,0,0.00,false
30,14,7,1,1,1000,0,0.00,false
30,14,7,2,2,1000,0,0.00,false
30,14,8,0,0,1000,0,0.00,false
30,14,8,0,1,1000,0,0.00,false
30,14,8,1,0,1000,0,0.00,false
30,14,8,1,1,1000,0,0.00,false
30,14,8,2,2,1000,0,0.00,false
30,14,9,0,0,1000,0,0.00,false
30,14,9,0,1,1000,0,0.00,false
30,14,9,1,0,1000,0,0.00,false
30,14,9,1,1,1000,0,0.00,false
30,14,9,2,2,1000,0,0.00,false
30,14,10,0,0,1000,0,0.00,false
30,14,10,0,1,1000,0,0.00,false
30,14,10,1,0,1000,0,0.00,false
30,14,10,1,1,1000,0,0.00,false
30,14,10,2,2,1000,0,0.00,false
30,14,11,0,0,1000,0,0.00,false
30,14,11,0,1,1000,0,0.00,false
30,14,11,1,0,1000,0,0.00,false
30,14,11,1,1,1000,0,0.00,false
30,14,11,2,2,1000,0,0.00,false
30,14,12,0,0,1000,0,0.00,false
30,14,12,0,1,1000,0,0.00,false
30,14,12,1,0,1000,0,0.00,false
30,14,12,1,1,1000,0,0.00,false
30,14,12,2,2,1000,0,0.00,false
30,14,13,0,0,1000,0,0.00,false
30,14,13,0,1,1000,0,0.00,false
30,14,13,1,0,1000,0,0.00,false
30,14,13,1,1,1000,0,0.00,false
30,14,13,2,2,1000,0,0.00,false
30,14,15,0,0,1000,0,0.00,false
30,14,15,0,1,1000,0,0.00,false
30,14,15,1,0,1000,0,0.00,false
30,14,15,1,1,1000,0,0.00,false
30,14,15,2,2,1000,0,0.00,false
30,14,16,0,0,1000,0,0.00,false
30,14,16,0,1,1000,0,0.00,false
30,14,16,1,0,1000,0,0.00,false
30,14,16,1,1,1000,0,0.00,false
30,14,16,2,2,1000,0,0.00,false
30,14,17,0,0,1000,0,0.00,false
30,14,17,0,1,1000,0,0.00,false
30,14,17,1,0,1000,0,0.00,false
30,14,17,1,1,1000,0,0.00,false
30,14,17,2,2,1000,0,0.00,false
30,14,18,0,0,1000,0,0.00,false
30,14,18,0,1,1000,0,0.00,false
30,14,18,1,0,1000,0,0.00,false
30,14,18,1,1,1000,0,0.00,false
30,14,18,2,2,1000,0,0.00,false
30,14,19,0,0,1000,0,0.00,false
30,14,19,0,1,1000,0,0.00,false
30,14,19,1,0,1000,0,0.00,false
30,14,19,1,1,1000,0,0.00,false
30,14,19,2,2,1000,0,0.00,false
30,14,20,0,0,1000,0,0.00,false
30,14,20,0,1,1000,0,0.00,false
30,14,20,1,0,1000,0,0.00,false
30,14,20,1,1,1000,0,0.00,false
30,14,20,2,2,1000,0,0.00,false
30,14,21,0,0,1000,0,0.00,false
30,14,21,0,1,1000,0,0.00,false
30,14,21,1,0,1000,0,0.00,false
30,14,21,1,1,1000,0,0.00,false
30,14,21,2,2,1000,0,0.00,false
30,14,22,0,0,1000,0,0.00,false
30,14,22,0,1,1000,0,0.00,false
30,14,22,1,0,1000,0,0.00,false
30,14,22,1,1,1000,0,0.00,false
30,14,22,2,2,1000,0,0.00,false
30,14,23,0,0,1000,0,0.00,false
30,14,23,0,1,1000,0,0.00,false
30,14,23,1,0,1000,0,0.00,false
30,14,23,1,1,1000,0,0.00,false
30,14,23,2,2,1000,0,0.00,false
30,14,24,0,0,1000,0,0.00,false
30,14,24,0,1,1000,0,0.00,false
30,14,24,1,0,1000,0,0.00,false
30,14,24,1,1,1000,0,0.00,false
30,14,24,2,2,1000,0,0.00,false
30,14,25,0,0,1000,0,0.00,false
30,14,25,0,1,1000,0,0.00,false
30,14,25,1,0,1000,0,0.00,false
30,14,25,1,1,1000,0,0.00,false
30,14,25,2,2,1000,0,0.00,false
30,14,26,0,0,1000,0,0.00,false
30,14,26,0,1,1000,0,0.00,false
30,14,26,1,0,1000,0,0.00,false
30,14,26,1,1,1000,0,0.00,false
30,14,26,2,2,1000,0,0.00,false
30,14,27,0,0,1000,0,0.00,false
30,14,27,0,1,1000,0,0.00,false
30,14,27,1,0,1000,0,0.00,false
30,14,27,1,1,1000,0,0.00,false
30,14,27,2,2,1000,0,0.00,false
30,14,28,0,0,1000,0,0.00,false
30,14,28,0,1,1000,0,0.00,false
30,14,28,1,0,1000,0,0.00,false
30,14,28,1,1,1000,0,0.00,false
30,14,28,2,2,1000,0,0.00,false
30,14,29,0,0,1000,0,0.00,false
30,14,29,0,1,1000,0,0.00,false
30,14,29,1,0,1000,0,0.00,false
30,14,29,1,1,1000,0,0.00,false
30,14,29,2,2,1000,0,0.00,false
30,15,1,0,0,1000,0,0.00,false
30,15,1,0,1,1000,0,0.00,false
30,15,1,1,0,1000,0,0.00,false
30,15,1,1,1,1000,0,0.00,false
30,15,1,2,2,1000,0,0.00,false
30,15,2,0,0,1000,0,0.00,false
30,15,2,0,1,1000,0,0.00,false
30,15,2,1,0,1000,0,0.00,false
30,15,2,1,1,1000,0,0.00,false
30,15,2,2,2,1000,0,0.00,false
30,15,3,0,0,1000,0,0.00,false
30,15,3,0,1,1000,0,0.00,false
30,15,3,1,0,1000,0,0.00,false
30,15,3,1,1,1000,0,0.00,false
30,15,3,2,2,1000,0,0.00,false
30,15,4,0,0,1000,0,0.00,false
30,15,4,0,1,1000,0,0.00,false
30,15,4,1,0,1000,0,0.00,false
30,15,4,1,1,1000,0,0.00,false
30,15,4,2,2,1000,0,0.00,false
30,15,5,0,0,1000,0,0.00,false
30,15,5,0,1,1000,0,0.00,false
30,15,5,1,0,1000,0,0.00,false
30,15,5,1,1,1000,0,0.00,false
30,15,5,2,2,1000,0,0.00,false
30,15,6,0,0,1000,0,0.00,false
30,15,6,0,1,1000,0,0.00,false
30,15,6,1,0,1000,0,0.00,false
30,15,6,1,1,1000,0,0.00,false
30,15,6,2,2,1000,0,0.00,false
30,15,7,0,0,1000,0,0.00,false
30,15,7,0,1,1000,0,0.00,false
30,15,7,1,0,1000,0,0.00,false
30,15,7,1,1,1000,0,0.00,false
30,15,7,2,2,1000,0,0.00,false
30,15,8,0,0,1000,0,0.00,false
30,15,8,0,1,1000,0,0.00,false
30,15,8,1,0,1000,0,0.00,false
30,15,8,1,1,1000,0,0.00,false
30,15,8,2,2,1000,0,0.00,false
30,15,9,0,0,1000,0,0.00,false
30,15,9,0,1,1000,0,0.00,false
30,15,9,1,0,1000,0,0.00,false
30,15,9,1,1,1000,0,0.00,false
30,15,9,2,2,1000,0,0.00,false
30,15,10,0,0,1000,0,0.00,false
30,15,10,0,1,1000,0,0.00,false
30,15,10,1,0,1000,0,0.00,false
30,15,10,1,1,1000,0,0.00,false
30,15,10,2,2,1000,0,0.00,false
30,15,11,0,0,1000,0,0.00,false
30,15,11,0,1,1000,0,0.00,false
30,15,11,1,0,1000,0,0.00,false
30,15,11,1,1,1000,0,0.00,false
30,15,11,2,2,1000,0,0.00,false
30,15,12,0,0,1000,0,0.00,false
30,15,12,0,1,1000,0,0.00,false
30,15,12,1,0,1000,0,0.00,false
30,15,12,1,1,1000,0,0.00,false
30,15,12,2,2,1000,0,0.00,false
30,15,13,0,0,1000,0,0.00,false
30,15,13,0,1,1000,0,0.00,false
30,15,13,1,0,1000,0,0.00,false
30,15,13,1,1,1000,0,0.00,false
30,15,13,2,2,1000,0,0.00,false
30,15,14,0,0,1000,0,0.00,false
30,15,14,0,1,1000,0,0.00,false
30,15,14,1,0,1000,0,0.00,false
30,15,14,1,1,1000,0,0.00,false
30,15,14,2,2,1000,0,0.00,false
30,15,16,0,0,1000,0,0.00,false
30,15,16,0,1,1000,0,0.00,false
30,15,16,1,0,1000,0,0.00,false
30,15,16,1,1,1000,0,0.00,false
30,15,16,2,2,1000,0,0.00,false
30,15,17,0,0,1000,0,0.00,false
30,15,17,0,1,1000,0,0.00,false
30,15,17,1,0,1000,0,0.00,false
30,15,17,1,1,1000,0,0.00,false
30,15,17,2,2,1000,0,0.00,false
30,15,18,0,0,1000,0,0.00,false
30,15,18,0,1,1000,0,0.00,false
30,15,18,1,0,1000,0,0.00,false
30,15,18,1,1,1000,0,0.00,false
30,15,18,2,2,1000,0,0.00,false
30,15,19,0,0,1000,0,0.00,false
30,15,19,0,1,1000,0,0.00,false
30,15,19,1,0,1000,0,0.00,false
30,15,19,1,1,1000,0,0.00,false
30,15,19,2,2,1000,0,0.00,false
30,15,20,0,0,1000,0,0.00,false
30,15,20,0,1,1000,0,0.00,false
30,15,20,1,0,1000,0,0.00,false
30,15,20,1,1,1000,0,0.00,false
30,15,20,2,2,1000,0,0.00,false
30,15,21,0,0,1000,0,0.00,false
30,15,21,0,1,1000,0,0.00,false
30,15,21,1,0,1000,0,0.00,false
30,15,21,1,1,1000,0,0.00,false
30,15,21,2,2,1000,0,0.00,false
30,15,22,0,0,1000,0,0.00,false
30,15,22,0,1,1000,0,0.00,false
30,15,22,1,0,1000,0,0.00,false
30,15,22,1,1,1000,0,0.00,false
30,15,22,2,2,1000,0,0.00,false
30,15,23,0,0,1000,0,0.00,false
30,15,23,0,1,1000,0,0.00,false
30,15,23,1,0,1000,0,0.00,false
30,15,23,1,1,1000,0,0.00,false
30,15,23,2,2,1000,0,0.00,false
30,15,24,0,0,1000,0,0.00,false
30,15,24,0,1,1000,0,0.00,false
30,15,24,1,0,1000,0,0.00,false
30,15,24,1,1,1000,0,0.00,false
30,15,24,2,2,1000,0,0.00,false
30,15,25,0,0,1000,0,0.00,false
30,15,25,0,1,1000,0,0.00,false
30,15,25,1,0,1000,0,0.00,false
30,15,25,1,1,1000,0,0.00,false
30,15,25,2,2,1000,0,0.00,false
30,15,26,0,0,1000,0,0.00,false
30,15,26,0,1,1000,0,0.00,false
30,15,26,1,0,1000,0,0.00,false
30,15,26,1,1,1000,0,0.00,false
30,15,26,2,2,1000,0,0.00,false
30,15,27,0,0,1000,0,0.00,false
30,15,27,0,1,1000,0,0.00,false
30,15,27,1,0,1000,0,0.00,false
30,15,27,1,1,1000,0,0.00,false
30,15,27,2,2,1000,0,0.00,false
30,15,28,0,0,1000,0,0.00,false
30,15,28,0,1,1000,0,0.00,false
30,15,28,1,0,1000,0,0.00,false
30,15,28,1,1,1000,0,0.00,false
30,15,28,2,2,1000,0,0.00,false
30,15,29,0,0,1000,0,0.00,false
30,15,29,0,1,1000,0,0.00,false
30,15,29,1,0,1000,0,0.00,false
30,15,29,1,1,1000,0,0.00,false
30,15,29,2,2,1000,0,0.00,false
30,16,1,0,0,1000,0,0.00,false
30,16,1,0,1,1000,0,0.00,false
30,16,1,1,0,1000,0,0.00,false
30,16,1,1,1,1000,0,0.00,false
30,16,1,2,2,1000,0,0.00,false
30,16,2,0,0,1000,0,0.00,false
30,16,2,0,1,1000,0,0.00,false
30,16,2,1,0,1000,0,0.00,false
30,16,2,1,1,1000,0,0.00,false
30,16,2,2,2,1000,0,0.00,false
30,16,3,0,0,1000,0,0.00,false
30,16,3,0,1,1000,0,0.00,false
30,16,3,1,0,1000,0,0.00,false
30,16,3,1,1,1000,0,0.00,false
30,16,3,2,2,1000,0,0.00,false
30,16,4,0,0,1000,0,0.00,false
30,16,4,0,1,1000,0,0.00,false
30,16,4,1,0,1000,0,0.00,false
30,16,4,1,1,1000,0,0.00,false
30,16,4,2,2,1000,0,0.00,false
30,16,5,0,0,1000,0,0.00,false
30,16,5,0,1,1000,0,0.00,false
30,16,5,1,0,1000,0,0.00,false
30,16,5,1,1,1000,0,0.00,false
30,16,5,2,2,1000,0,0.00,false
30,16,6,0,0,1000,0,0.00,false
30,16,6,0,1,1000,0,0.00,false
30,16,6,1,0,1000,0,0.00,false
30,16,6,1,1,1000,0,0.00,false
30,16,6,2,2,1000,0,0.00,false
30,16,7,0,0,1000,0,0.00,false
30,16,7,0,1,1000,0,0.00,false
30,16,7,1,0,1000,0,0.00,false
30,16,7,1,1,1000,0,0.00,false
30,16,7,2,2,1000,0,0.00,false
30,16,8,0,0,1000,0,0.00,false
30,16,8,0,1,1000,0,0.00,false
30,16,8,1,0,1000,0,0.00,false
30,16,8,1,1,1000,0,0.00,false
30,16,8,2,2,1000,0,0.00,false
30,16,9,0,0,1000,0,0.00,false
30,16,9,0,1,1000,0,0.00,false
30,16,9,1,0,1000,0,0.00,false
30,16,9,1,1,1000,0,0.00,false
30,16,9,2,2,1000,0,0.00,false
30,16,10,0,0,1000,0,0.00,false
30,16,10,0,1,1000,0,0.00,false
30,16,10,1,0,1000,0,0.00,false
30,16,10,1,1,1000,0,0.00,false
30,16,10,2,2,1000,0,0.00,false
30,16,11,0,0,1000,0,0.00,false
30,16,11,0,1,1000,0,0.00,false
30,16,11,1,0,1000,0,0.00,false
30,16,11,1,1,1000,0,0.00,false
30,16,11,2,2,1000,0,0.00,false
30,16,12,0,0,1000,0,0.00,false
30,16,12,0,1,1000,0,0.00,false
30,16,12,1,0,1000,0,0.00,false
30,16,12,1,1,1000,0,0.00,false
30,16,12,2,2,1000,0,0.00,false
30,16,13,0,0,1000,0,0.00,false
30,16,13,0,1,1000,0,0.00,false
30,16,13,1,0,1000,0,0.00,false
30,16,13,1,1,1000,0,0.00,false
30,16,13,2,2,1000,0,0.00,false
30,16,14,0,0,1000,0,0.00,false
30,16,14,0,1,1000,0,0.00,false
30,16,14,1,0,1000,0,0.00,false
30,16,14,1,1,1000,0,0.00,false
30,16,14,2,2,1000,0,0.00,false
30,16,15,0,0,1000,0,0.00,false
30,16,15,0,1,1000,0,0.00,false
30,16,15,1,0,1000,0,0.00,false
30,16,15,1,1,1000,0,0.00,false
30,16,15,2,2,1000,0,0.00,false
30,16,17,0,0,1000,0,0.00,false
30,16,17,0,1,1000,0,0.00,false
30,16,17,1,0,1000,0,0.00,false
30,16,17,1,1,1000,0,0.00,false
30,16,17,2,2,1000,0,0.00,false
30,16,18,0,0,1000,0,0.00,false
30,16,18,0,1,1000,0,0.00,false
30,16,18,1,0,1000,0,0.00,false
30,16,18,1,1,1000,0,0.00,false
30,16,18,2,2,1000,0,0.00,false
30,16,19,0,0,1000,0,0.00,false
30,16,19,0,1,1000,0,0.00,false
30,16,19,1,0,1000,0,0.00,false
30,16,19,1,1,1000,0,0.00,false
30,16,19,2,2,1000,0,0.00,false
30,16,20,0,0,1000,0,0.00,false
30,16,20,0,1,1000,0,0.00,false
30,16,20,1,0,1000,0,0.00,false
30,16,20,1,1,1000,0,0.00,false
30,16,20,2,2,1000,0,0.00,false
30,16,21,0,0,1000,0,0.00,false
30,16,21,0,1,1000,0,0.00,false
30,16,21,1,0,1000,0,0.00,false
30,16,21,1,1,1000,0,0.00,false
30,16,21,2,2,1000,0,0.00,false
30,16,22,0,0,1000,0,0.00,false
30,16,22,0,1,1000,0,0.00,false
30,16,22,1,0,1000,0,0.00,false
30,16,22,1,1,1000,0,0.00,false
30,16,22,2,2,1000,0,0.00,false
30,16,23,0,0,1000,0,0.00,false
30,16,23,0,1,1000,0,0.00,false
30,16,23,1,0,1000,0,0.00,false
30,16,23,1,1,1000,0,0.00,false
30,16,23,2,2,1000,0,0.00,false
30,16,24,0,0,1000,0,0.00,false
30,16,24,0,1,1000,0,0.00,false
30,16,24,1,0,1000,0,0.00,false
30,16,24,1,1,1000,0,0.00,false
30,16,24,2,2,1000,0,0.00,false
30,16,25,0,0,1000,0,0.00,false
30,16,25,0,1,1000,0,0.00,false
30,16,25,1,0,1000,0,0.00,false
30,16,25,1,1,1000,0,0.00,false
30,16,25,2,2,1000,0,0.00,false
30,16,26,0,0,1000,0,0.00,false
30,16,26,0,1,1000,0,0.00,false
30,16,26,1,0,1000,0,0.00,false
30,16,26,1,1,1000,0,0.00,false
30,16,26,2,2,1000,0,0.00,false
30,16,27,0,0,1000,0,0.00,false
30,16,27,0,1,1000,0,0.00,false
30,16,27,1,0,1000,0,0.00,false
30,16,27,1,1,1000,0,0.00,false
30,16,27,2,2,1000,0,0.00,false
30,16,28,0,0,1000,0,0.00,false
30,16,28,0,1,1000,0,0.00,false
30,16,28,1,0,1000,0,0.00,false
30,16,28,1,1,1000,0,0.00,false
30,16,28,2,2,1000,0,0.00,false
30,16,29,0,0,1000,0,0.00,false
30,16,29,0,1,1000,0,0.00,false
30,16,29,1,0,1000,0,0.00,false
30,16,29,1,1,1000,0,0.00,false
30,16,29,2,2,1000,0,0.00,false
30,17,1,0,0,1000,224,22.40,true
30,17,1,0,1,1000,171,17.10,true
30,17,1,1,0,1000,167,16.70,true
30,17,1,1,1,1000,110,11.00,true
30,17,1,2,2,1000,89,8.90,true
30,17,2,0,0,1000,226,22.60,false
30,17,2,0,1,1000,161,16.10,false
30,17,2,1,0,1000,151,15.10,false
30,17,2,1,1,1000,122,12.20,false
30,17,2,2,2,1000,81,8.10,false
30,17,3,0,0,1000,215,21.50,false
30,17,3,0,1,1000,169,16.90,false
30,17,3,1,0,1000,150,15.00,false
30,17,3,1,1,1000,118,11.80,false
30,17,3,2,2,1000,74,7.40,false
30,17,4,0,0,1000,222,22.20,false
30,17,4,0,1,1000,146,14.60,false
30,17,4,1,0,1000,174,17.40,false
30,17,4,1,1,1000,126,12.60,false
30,17,4,2,2,1000,84,8.40,false
30,17,5,0,0,1000,225,22.50,false
30,17,5,0,1,1000,168,16.80,false
30,17,5,1,0,1000,173,17.30,false
30,17,5,1,1,1000,119,11.90,false
30,17,5,2,2,1000,91,9.10,false
30,17,6,0,0,1000,225,22.50,false
30,17,6,0,1,1000,162,16.20,false
30,17,6,1,0,1000,148,14.80,false
30,17,6,1,1,1000,121,12.10,false
30,17,6,2,2,1000,78,7.80,false
30,17,7,0,0,1000,227,22.70,true
30,17,7,0,1,1000,148,14.80,true
30,17,7,1,0,1000,169,16.90,true
30,17,7,1,1,1000,137,13.70,true
30,17,7,2,2,1000,77,7.70,true
30,17,8,0,0,1000,229,22.90,false
30,17,8,0,1,1000,164,16.40,false
30,17,8,1,0,1000,171,17.10,false
30,17,8,1,1,1000,119,11.90,false
30,17,8,2,2,1000,86,8.60,false
30,17,9,0,0,1000,226,22.60,false
30,17,9,0,1,1000,169,16.90,false
30,17,9,1,0,1000,153,15.30,false
30,17,9,1,1,1000,130,13.00,false
30,17,9,2,2,1000,80,8.00,false
30,17,10,0,0,1000,218,21.80,false
30,17,10,0,1,1000,149,14.90,false
30,17,10,1,0,1000,161,16.10,false
30,17,10,1,1,1000,140,14.00,false
30,17,10,2,2,1000,82,8.20,false
30,17,11,0,0,1000,225,22.50,true
30,17,11,0,1,1000,162,16.20,true
30,17,11,1,0,1000,169,16.90,true
30,17,11,1,1,1000,123,12.30,true
30,17,11,2,2,1000,95,9.50,true
30,17,12,0,0,1000,253,25.30,false
30,17,12,0,1,1000,143,14.30,false
30,17,12,1,0,1000,169,16.90,false
30,17,12,1,1,1000,132,13.20,false
30,17,12,2,2,1000,82,8.20,false
30,17,13,0,0,1000,223,22.30,true
30,17,13,0,1,1000,171,17.10,true
30,17,13,1,0,1000,157,15.70,true
30,17,13,1,1,1000,135,13.50,true
30,17,13,2,2,1000,95,9.50,true
30,17,14,0,0,1000,237,23.70,false
30,17,14,0,1,1000,151,15.10,false
30,17,14,1,0,1000,167,16.70,false
30,17,14,1,1,1000,115,11.50,false
30,17,14,2,2,1000,80,8.00,false
30,17,15,0,0,1000,231,23.10,false
30,17,15,0,1,1000,152,15.20,false
30,17,15,1,0,1000,160,16.00,false
30,17,15,1,1,1000,116,11.60,false
30,17,15,2,2,1000,87,8.70,false
30,17,16,0,0,1000,227,22.70,false
30,17,16,0,1,1000,156,15.60,false
30,17,16,1,0,1000,167,16.70,false
30,17,16,1,1,1000,126,12.60,false
30,17,16,2,2,1000,81,8.10,false
30,17,18,0,0,1000,238,23.80,false
30,17,18,0,1,1000,173,17.30,false
30,17,18,1,0,1000,159,15.90,false
30,17,18,1,1,1000,127,12.70,false
30,17,18,2,2,1000,89,8.90,false
30,17,19,0,0,1000,230,23.00,true
30,17,19,0,1,1000,172,17.20,true
30,17,19,1,0,1000,168,16.80,true
30,17,19,1,1,1000,112,11.20,true
30,17,19,2,2,1000,84,8.40,true
30,17,20,0,0,1000,241,24.10,false
30,17,20,0,1,1000,160,16.00,false
30,17,20,1,0,1000,176,17.60,false
30,17,20,1,1,1000,122,12.20,false
30,17,20,2,2,1000,91,9.10,false
30,17,21,0,0,1000,234,23.40,false
30,17,21,0,1,1000,173,17.30,false
30,17,21,1,0,1000,152,15.20,false
30,17,21,1,1,1000,124,12.40,false
30,17,21,2,2,1000,77,7.70,false
30,17,22,0,0,1000,207,20.70,false
30,17,22,0,1,1000,158,15.80,false
30,17,22,1,0,1000,150,15.00,false
30,17,22,1,1,1000,127,12.70,false
30,17,22,2,2,1000,85,8.50,false
30,17,23,0,0,1000,215,21.50,true
30,17,23,0,1,1000,161,16.10,true
30,17,23,1,0,1000,139,13.90,true
30,17,23,1,1,1000,121,12.10,true
30,17,23,2,2,1000,80,8.00,true
30,17,24,0,0,1000,223,22.30,false
30,17,24,0,1,1000,149,14.90,false
30,17,24,1,0,1000,154,15.40,false
30,17,24,1,1,1000,139,13.90,false
30,17,24,2,2,1000,74,7.40,false
30,17,25,0,0,1000,228,22.80,false
30,17,25,0,1,1000,149,14.90,false
30,17,25,1,0,1000,161,16.10,false
30,17,25,1,1,1000,122,12.20,false
30,17,25,2,2,1000,80,8.00,false
30,17,26,0,0,1000,224,22.40,false
30,17,26,0,1,1000,159,15.90,false
30,17,26,1,0,1000,155,15.50,false
30,17,26,1,1,1000,109,10.90,false
30,17,26,2,2,1000,90,9.00,false
30,17,27,0,0,1000,218,21.80,false
30,17,27,0,1,1000,173,17.30,false
30,17,27,1,0,1000,176,17.60,false
30,17,27,1,1,1000,128,12.80,false
30,17,27,2,2,1000,88,8.80,false
30,17,28,0,0,1000,224,22.40,false
30,17,28,0,1,1000,171,17.10,false
30,17,28,1,0,1000,149,14.90,false
30,17,28,1,1,1000,128,12.80,false
30,17,28,2,2,1000,78,7.80,false
30,17,29,0,0,1000,248,24.80,true
30,17,29,0,1,1000,179,17.90,true
30,17,29,1,0,1000,175,17.50,true
30,17,29,1,1,1000,119,11.90,true
30,17,29,2,2,1000,86,8.60,true
30,18,1,0,0,1000,0,0.00,false
30,18,1,0,1,1000,0,0.00,false
30,18,1,1,0,1000,0,0.00,false
30,18,1,1,1,1000,0,0.00,false
30,18,1,2,2,1000,0,0.00,false
30,18,2,0,0,1000,0,0.00,false
30,18,2,0,1,1000,0,0.00,false
30,18,2,1,0,1000,0,0.00,false
30,18,2,1,1,1000,0,0.00,false
30,18,2,2,2,1000,0,0.00,false
30,18,3,0,0,1000,0,0.00,false
30,18,3,0,1,1000,0,0.00,false
30,18,3,1,0,1000,0,0.00,false
30,18,3,1,1,1000,0,0.00,false
30,18,3,2,2,1000,0,0.00,false
30,18,4,0,0,1000,0,0.00,false
30,18,4,0,1,1000,0,0.00,false
30,18,4,1,0,1000,0,0.00,false
30,18,4,1,1,1000,0,0.00,false
30,18,4,2,2,1000,0,0.00,false
30,18,5,0,0,1000,0,0.00,false
30,18,5,0,1,1000,0,0.00,false
30,18,5,1,0,1000,0,0.00,false
30,18,5,1,1,1000,0,0.00,false
30,18,5,2,2,1000,0,0.00,false
30,18,6,0,0,1000,0,0.00,false
30,18,6,0,1,1000,0,0.00,false
30,18,6,1,0,1000,0,0.00,false
30,18,6,1,1,1000,0,0.00,false
30,18,6,2,2,1000,0,0.00,false
30,18,7,0,0,1000,0,0.00,false
30,18,7,0,1,1000,0,0.00,false
30,18,7,1,0,1000,0,0.00,false
30,18,7,1,1,1000,0,0.00,false
30,18,7,2,2,1000,0,0.00,false
30,18,8,0,0,1000,0,0.00,false
30,18,8,0,1,1000,0,0.00,false
30,18,8,1,0,1000,0,0.00,false
30,18,8,1,1,1000,0,0.00,false
30,18,8,2,2,1000,0,0.00,false
30,18,9,0,0,1000,0,0.00,false
30,18,9,0,1,1000,0,0.00,false
30,18,9,1,0,1000,0,0.00,false
30,18,9,1,1,1000,0,0.00,false
30,18,9,2,2,1000,0,0.00,false
30,18,10,0,0,1000,0,0.00,false
30,18,10,0,1,1000,0,0.00,false
30,18,10,1,0,1000,0,0.00,false
30,18,10,1,1,1000,0,0.00,false
30,18,10,2,2,1000,0,0.00,false
30,18,11,0,0,1000,0,0.00,false
30,18,11,0,1,1000,0,0.00,false
30,18,11,1,0,1000,0,0.00,false
30,18,11,1,1,1000,0,0.00,false
30,18,11,2,2,1000,0,0.00,false
30,18,12,0,0,1000,0,0.00,false
30,18,12,0,1,1000,0,0.00,false
30,18,12,1,0,1000,0,0.00,false
30,18,12,1,1,1000,0,0.00,false
30,18,12,2,2,1000,0,0.00,false
30,18,13,0,0,1000,0,0.00,false
30,18,13,0,1,1000,0,0.00,false
30,18,13,1,0,1000,0,0.00,false
30,18,13,1,1,1000,0,0.00,false
30,18,13,2,2,1000,0,0.00,false
30,18,14,0,0,1000,0,0.00,false
30,18,14,0,1,1000,0,0.00,false
30,18,14,1,0,1000,0,0.00,false
30,18,14,1,1,1000,0,0.00,false
30,18,14,2,2,1000,0,0.00,false
30,18,15,0,0,1000,0,0.00,false
30,18,15,0,1,1000,0,0.00,false
30,18,15,1,0,1000,0,0.00,false
30,18,15,1,1,1000,0,0.00,false
30,18,15,2,2,1000,0,0.00,false
30,18,16,0,0,1000,0,0.00,false
30,18,16,0,1,1000,0,0.00,false
30,18,16,1,0,1000,0,0.00,false
30,18,16,1,1,1000,0,0.00,false
30,18,16,2,2,1000,0,0.00,false
30,18,17,0,0,1000,0,0.00,false
30,18,17,0,1,1000,0,0.00,false
30,18,17,1,0,1000,0,0.00,false
30,18,17,1,1,1000,0,0.00,false
30,18,17,2,2,1000,0,0.00,false
30,18,19,0,0,1000,0,0.00,false
30,18,19,0,1,1000,0,0.00,false
30,18,19,1,0,1000,0,0.00,false
30,18,19,1,1,1000,0,0.00,false
30,18,19,2,2,1000,0,0.00,false
30,18,20,0,0,1000,0,0.00,false
30,18,20,0,1,1000,0,0.00,false
30,18,20,1,0,1000,0,0.00,false
30,18,20,1,1,1000,0,0.00,false
30,18,20,2,2,1000,0,0.00,false
30,18,21,0,0,1000,0,0.00,false
30,18,21,0,1,1000,0,0.00,false
30,18,21,1,0,1000,0,0.00,false
30,18,21,1,1,1000,0,0.00,false
30,18,21,2,2,1000,0,0.00,false
30,18,22,0,0,1000,0,0.00,false
30,18,22,0,1,1000,0,0.00,false
30,18,22,1,0,1000,0,0.00,false
30,18,22,1,1,1000,0,0.00,false
30,18,22,2,2,1000,0,0.00,false
30,18,23,0,0,1000,0,0.00,false
30,18,23,0,1,1000,0,0.00,false
30,18,23,1,0,1000,0,0.00,false
30,18,23,1,1,1000,0,0.00,false
30,18,23,2,2,1000,0,0.00,false
30,18,24,0,0,1000,0,0.00,false
30,18,24,0,1,1000,0,0.00,false
30,18,24,1,0,1000,0,0.00,false
30,18,24,1,1,1000,0,0.00,false
30,18,24,2,2,1000,0,0.00,false
30,18,25,0,0,1000,0,0.00,false
30,18,25,0,1,1000,0,0.00,false
30,18,25,1,0,1000,0,0.00,false
30,18,25,1,1,1000,0,0.00,false
30,18,25,2,2,1000,0,0.00,false
30,18,26,0,0,1000,0,0.00,false
30,18,26,0,1,1000,0,0.00,false
30,18,26,1,0,1000,0,0.00,false
30,18,26,1,1,1000,0,0.00,false
30,18,26,2,2,1000,0,0.00,false
30,18,27,0,0,1000,0,0.00,false
30,18,27,0,1,1000,0,0.00,false
30,18,27,1,0,1000,0,0.00,false
30,18,27,1,1,1000,0,0.00,false
30,18,27,2,2,1000,0,0.00,false
30,18,28,0,0,1000,0,0.00,false
30,18,28,0,1,1000,0,0.00,false
30,18,28,1,0,1000,0,0.00,false
30,18,28,1,1,1000,0,0.00,false
30,18,28,2,2,1000,0,0.00,false
30,18,29,0,0,1000,0,0.00,false
30,18,29,0,1,1000,0,0.00,false
30,18,29,1,0,1000,0,0.00,false
30,18,29,1,1,1000,0,0.00,false
30,18,29,2,2,1000,0,0.00,false
30,19,1,0,0,1000,221,22.10,true
30,19,1,0,1,1000,167,16.70,true
30,19,1,1,0,1000,165,16.50,true
30,19,1,1,1,1000,130,13.00,true
30,19,1,2,2,1000,89,8.90,true
30,19,2,0,0,1000,215,21.50,false
30,19,2,0,1,1000,151,15.10,false
30,19,2,1,0,1000,170,17.00,false
30,19,2,1,1,1000,125,12.50,false
30,19,2,2,2,1000,98,9.80,false
30,19,3,0,0,1000,208,20.80,false
30,19,3,0,1,1000,172,17.20,false
30,19,3,1,0,1000,153,15.30,false
30,19,3,1,1,1000,132,13.20,false
30,19,3,2,2,1000,91,9.10,false
30,19,4,0,0,1000,227,22.70,false
30,19,4,0,1,1000,154,15.40,false
30,19,4,1,0,1000,176,17.60,false
30,19,4,1,1,1000,122,12.20,false
30,19,4,2,2,1000,84,8.40,false
30,19,5,0,0,1000,208,20.80,false
30,19,5,0,1,1000,169,16.90,false
30,19,5,1,0,1000,167,16.70,false
30,19,5,1,1,1000,121,12.10,false
30,19,5,2,2,1000,73,7.30,false
30,19,6,0,0,1000,235,23.50,false
30,19,6,0,1,1000,166,16.60,false
30,19,6,1,0,1000,167,16.70,false
30,19,6,1,1,1000,134,13.40,false
30,19,6,2,2,1000,79,7.90,false
30,19,7,0,0,1000,240,24.00,true
30,19,7,0,1,1000,153,15.30,true
30,19,7,1,0,1000,143,14.30,true
30,19,7,1,1,1000,123,12.30,true
30,19,7,2,2,1000,106,10.60,true
30,19,8,0,0,1000,230,23.00,false
30,19,8,0,1,1000,147,14.70,false
30,19,8,1,0,1000,165,16.50,false
30,19,8,1,1,1000,118,11.80,false
30,19,8,2,2,1000,91,9.10,false
30,19,9,0,0,1000,227,22.70,false
30,19,9,0,1,1000,172,17.20,false
30,19,9,1,0,1000,152,15.20,false
30,19,9,1,1,1000,127,12.70,false
30,19,9,2,2,1000,87,8.70,false
30,19,10,0,0,1000,216,21.60,false
30,19,10,0,1,1000,163,16.30,false
30,19,10,1,0,1000,163,16.30,false
30,19,10,1,1,1000,111,11.10,false
30,19,10,2,2,1000,91,9.10,false
30,19,11,0,0,1000,228,22.80,true
30,19,11,0,1,1000,133,13.30,true
30,19,11,1,0,1000,166,16.60,true
30,19,11,1,1,1000,120,12.00,true
30,19,11,2,2,1000,86,8.60,true
30,19,12,0,0,1000,243,24.30,false
30,19,12,0,1,1000,149,14.90,false
30,19,12,1,0,1000,155,15.50,false
30,19,12,1,1,1000,119,11.90,false
30,19,12,2,2,1000,82,8.20,false
30,19,13,0,0,1000,229,22.90,true
30,19,13,0,1,1000,156,15.60,true
30,19,13,1,0,1000,163,16.30,true
30,19,13,1,1,1000,143,14.30,true
30,19,13,2,2,1000,83,8.30,true
30,19,14,0,0,1000,226,22.60,false
30,19,14,0,1,1000,178,17.80,false
30,19,14,1,0,1000,161,16.10,false
30,19,14,1,1,1000,123,12.30,false
30,19,14,2,2,1000,90,9.00,false
30,19,15,0,0,1000,225,22.50,false
30,19,15,0,1,1000,153,15.30,false
30,19,15,1,0,1000,175,17.50,false
30,19,15,1,1,1000,119,11.90,false
30,19,15,2,2,1000,85,8.50,false
30,19,16,0,0,1000,228,22.80,false
30,19,16,0,1,1000,157,15.70,false
30,19,16,1,0,1000,164,16.40,false
30,19,16,1,1,1000,129,12.90,false
30,19,16,2,2,1000,88,8.80,false
30,19,17,0,0,1000,239,23.90,true
30,19,17,0,1,1000,153,15.30,true
30,19,17,1,0,1000,171,17.10,true
30,19,17,1,1,1000,116,11.60,true
30,19,17,2,2,1000,75,7.50,true
30,19,18,0,0,1000,223,22.30,false
30,19,18,0,1,1000,165,16.50,false
30,19,18,1,0,1000,161,16.10,false
30,19,18,1,1,1000,108,10.80,false
30,19,18,2,2,1000,87,8.70,false
30,19,20,0,0,1000,237,23.70,false
30,19,20,0,1,1000,147,14.70,false
30,19,20,1,0,1000,154,15.40,false
30,19,20,1,1,1000,131,13.10,false
30,19,20,2,2,1000,79,7.90,false
30,19,21,0,0,1000,251,25.10,false
30,19,21,0,1,1000,145,14.50,false
30,19,21,1,0,1000,144,14.40,false
30,19,21,1,1,1000,127,12.70,false
30,19,21,2,2,1000,78,7.80,false
30,19,22,0,0,1000,215,21.50,false
30,19,22,0,1,1000,167,16.70,false
30,19,22,1,0,1000,145,14.50,false
30,19,22,1,1,1000,138,13.80,false
30,19,22,2,2,1000,89,8.90,false
30,19,23,0,0,1000,224,22.40,true
30,19,23,0,1,1000,161,16.10,true
30,19,23,1,0,1000,153,15.30,true
30,19,23,1,1,1000,109,10.90,true
30,19,23,2,2,1000,91,9.10,true
30,19,24,0,0,1000,226,22.60,false
30,19,24,0,1,1000,173,17.30,false
30,19,24,1,0,1000,170,17.00,false
30,19,24,1,1,1000,116,11.60,false
30,19,24,2,2,1000,96,9.60,false
30,19,25,0,0,1000,224,22.40,false
30,19,25,0,1,1000,152,15.20,false
30,19,25,1,0,1000,166,16.60,false
30,19,25,1,1,1000,113,11.30,false
30,19,25,2,2,1000,84,8.40,false
30,19,26,0,0,1000,229,22.90,false
30,19,26,0,1,1000,152,15.20,false
30,19,26,1,0,1000,163,16.30,false
30,19,26,1,1,1000,125,12.50,false
30,19,26,2,2,1000,68,6.80,false
30,19,27,0,0,1000,221,22.10,false
30,19,27,0,1,1000,154,15.40,false
30,19,27,1,0,1000,161,16.10,false
30,19,27,1,1,1000,120,12.00,false
30,19,27,2,2,1000,86,8.60,false
30,19,28,0,0,1000,239,23.90,false
30,19,28,0,1,1000,157,15.70,false
30,19,28,1,0,1000,158,15.80,false
30,19,28,1,1,1000,118,11.80,false
30,19,28,2,2,1000,85,8.50,false
30,19,29,0,0,1000,232,23.20,true
30,19,29,0,1,1000,165,16.50,true
30,19,29,1,0,1000,156,15.60,true
30,19,29,1,1,1000,126,12.60,true
30,19,29,2,2,1000,82,8.20,true
30,20,1,0,0,1000,0,0.00,false
30,20,1,0,1,1000,0,0.00,false
30,20,1,1,0,1000,0,0.00,false
30,20,1,1,1,1000,0,0.00,false
30,20,1,2,2,1000,0,0.00,false
30,20,2,0,0,1000,0,0.00,false
30,20,2,0,1,1000,0,0.00,false
30,20,2,1,0,1000,0,0.00,false
30,20,2,1,1,1000,0,0.00,false
30,20,2,2,2,1000,0,0.00,false
30,20,3,0,0,1000,0,0.00,false
30,20,3,0,1,1000,0,0.00,false
30,20,3,1,0,1000,0,0.00,false
30,20,3,1,1,1000,0,0.00,false
30,20,3,2,2,1000,0,0.00,false
30,20,4,0,0,1000,0,0.00,false
30,20,4,0,1,1000,0,0.00,false
30,20,4,1,0,1000,0,0.00,false
30,20,4,1,1,1000,0,0.00,false
30,20,4,2,2,1000,0,0.00,false
30,20,5,0,0,1000,0,0.00,false
30,20,5,0,1,1000,0,0.00,false
30,20,5,1,0,1000,0,0.00,false
30,20,5,1,1,1000,0,0.00,false
30,20,5,2,2,1000,0,0.00,false
30,20,6,0,0,1000,0,0.00,false
30,20,6,0,1,1000,0,0.00,false
30,20,6,1,0,1000,0,0.00,false
30,20,6,1,1,1000,0,0.00,false
30,20,6,2,2,1000,0,0.00,false
30,20,7,0,0,1000,0,0.00,false
30,20,7,0,1,1000,0,0.00,false
30,20,7,1,0,1000,0,0.00,false
30,20,7,1,1,1000,0,0.00,false
30,20,7,2,2,1000,0,0.00,false
30,20,8,0,0,1000,0,0.00,false
30,20,8,0,1,1000,0,0.00,false
30,20,8,1,0,1000,0,0.00,false
30,20,8,1,1,1000,0,0.00,false
30,20,8,2,2,1000,0,0.00,false
30,20,9,0,0,1000,0,0.00,false
30,20,9,0,1,1000,0,0.00,false
30,20,9,1,0,1000,0,0.00,false
30,20,9,1,1,1000,0,0.00,false
30,20,9,2,2,1000,0,0.00,false
30,20,10,0,0,1000,0,0.00,false
30,20,10,0,1,1000,0,0.00,false
30,20,10,1,0,1000,0,0.00,false
30,20,10,1,1,1000,0,0.00,false
30,20,10,2,2,1000,0,0.00,false
30,20,11,0,0,1000,0,0.00,false
30,20,11,0,1,1000,0,0.00,false
30,20,11,1,0,1000,0,0.00,false
30,20,11,1,1,1000,0,0.00,false
30,20,11,2,2,1000,0,0.00,false
30,20,12,0,0,1000,0,0.00,false
30,20,12,0,1,1000,0,0.00,false
30,20,12,1,0,1000,0,0.00,false
30,20,12,1,1,1000,0,0.00,false
30,20,12,2,2,1000,0,0.00,false
30,20,13,0,0,1000,0,0.00,false
30,20,13,0,1,1000,0,0.00,false
30,20,13,1,0,1000,0,0.00,false
30,20,13,1,1,1000,0,0.00,false
30,20,13,2,2,1000,0,0.00,false
30,20,14,0,0,1000,0,0.00,false
30,20,14,0,1,1000,0,0.00,false
30,20,14,1,0,1000,0,0.00,false
30,20,14,1,1,1000,0,0.00,false
30,20,14,2,2,1000,0,0.00,false
30,20,15,0,0,1000,0,0.00,false
30,20,15,0,1,1000,0,0.00,false
30,20,15,1,0,1000,0,0.00,false
30,20,15,1,1,1000,0,0.00,false
30,20,15,2,2,1000,0,0.00,false
30,20,16,0,0,1000,0,0.00,false
30,20,16,0,1,1000,0,0.00,false
30,20,16,1,0,1000,0,0.00,false
30,20,16,1,1,1000,0,0.00,false
30,20,16,2,2,1000,0,0.00,false
30,20,17,0,0,1000,0,0.00,false
30,20,17,0,1,1000,0,0.00,false
30,20,17,1,0,1000,0,0.00,false
30,20,17,1,1,1000,0,0.00,false
30,20,17,2,2,1000,0,0.00,false
30,20,18,0,0,1000,0,0.00,false
30,20,18,0,1,1000,0,0.00,false
30,20,18,1,0,1000,0,0.00,false
30,20,18,1,1,1000,0,0.00,false
30,20,18,2,2,1000,0,0.00,false
30,20,19,0,0,1000,0,0.00,false
30,20,19,0,1,1000,0,0.00,false
30,20,19,1,0,1000,0,0.00,false
30,20,19,1,1,1000,0,0.00,false
30,20,19,2,2,1000,0,0.00,false
30,20,21,0,0,1000,0,0.00,false
30,20,21,0,1,1000,0,0.00,false
30,20,21,1,0,1000,0,0.00,false
30,20,21,1,1,1000,0,0.00,false
30,20,21,2,2,1000,0,0.00,false
30,20,22,0,0,1000,0,0.00,false
30,20,22,0,1,1000,0,0.00,false
30,20,22,1,0,1000,0,0.00,false
30,20,22,1,1,1000,0,0.00,false
30,20,22,2,2,1000,0,0.00,false
30,20,23,0,0,1000,0,0.00,false
30,20,23,0,1,1000,0,0.00,false
30,20,23,1,0,1000,0,0.00,false
30,20,23,1,1,1000,0,0.00,false
30,20,23,2,2,1000,0,0.00,false
30,20,24,0,0,1000,0,0.00,false
30,20,24,0,1,1000,0,0.00,false
30,20,24,1,0,1000,0,0.00,false
30,20,24,1,1,1000,0,0.00,false
30,20,24,2,2,1000,0,0.00,false
30,20,25,0,0,1000,0,0.00,false
30,20,25,0,1,1000,0,0.00,false
30,20,25,1,0,1000,0,0.00,false
30,20,25,1,1,1000,0,0.00,false
30,20,25,2,2,1000,0,0.00,false
30,20,26,0,0,1000,0,0.00,false
30,20,26,0,1,1000,0,0.00,false
30,20,26,1,0,1000,0,0.00,false
30,20,26,1,1,1000,0,0.00,false
30,20,26,2,2,1000,0,0.00,false
30,20,27,0,0,1000,0,0.00,false
30,20,27,0,1,1000,0,0.00,false
30,20,27,1,0,1000,0,0.00,false
30,20,27,1,1,1000,0,0.00,false
30,20,27,2,2,1000,0,0.00,false
30,20,28,0,0,1000,0,0.00,false
30,20,28,0,1,1000,0,0.00,false
30,20,28,1,0,1000,0,0.00,false
30,20,28,1,1,1000,0,0.00,false
30,20,28,2,2,1000,0,0.00,false
30,20,29,0,0,1000,0,0.00,false
30,20,29,0,1,1000,0,0.00,false
30,20,29,1,0,1000,0,0.00,false
30,20,29,1,1,1000,0,0.00,false
30,20,29,2,2,1000,0,0.00,false
30,21,1,0,0,1000,0,0.00,false
30,21,1,0,1,1000,0,0.00,false
30,21,1,1,0,1000,0,0.00,false
30,21,1,1,1,1000,0,0.00,false
30,21,1,2,2,1000,0,0.00,false
30,21,2,0,0,1000,0,0.00,false
30,21,2,0,1,1000,0,0.00,false
30,21,2,1,0,1000,0,0.00,false
30,21,2,1,1,1000,0,0.00,false
30,21,2,2,2,1000,0,0.00,false
30,21,3,0,0,1000,0,0.00,false
30,21,3,0,1,1000,0,0.00,false
30,21,3,1,0,1000,0,0.00,false
30,21,3,1,1,1000,0,0.00,false
30,21,3,2,2,1000,0,0.00,false
30,21,4,0,0,1000,0,0.00,false
30,21,4,0,1,1000,0,0.00,false
30,21,4,1,0,1000,0,0.00,false
30,21,4,1,1,1000,0,0.00,false
30,21,4,2,2,1000,0,0.00,false
30,21,5,0,0,1000,0,0.00,false
30,21,5,0,1,1000,0,0.00,false
30,21,5,1,0,1000,0,0.00,false
30,21,5,1,1,1000,0,0.00,false
30,21,5,2,2,1000,0,0.00,false
30,21,6,0,0,1000,0,0.00,false
30,21,6,0,1,1000,0,0.00,false
30,21,6,1,0,1000,0,0.00,false
30,21,6,1,1,1000,0,0.00,false
30,21,6,2,2,1000,0,0.00,false
30,21,7,0,0,1000,0,0.00,false
30,21,7,0,1,1000,0,0.00,false
30,21,7,1,0,1000,0,0.00,false
30,21,7,1,1,1000,0,0.00,false
30,21,7,2,2,1000,0,0.00,false
30,21,8,0,0,1000,0,0.00,false
30,21,8,0,1,1000,0,0.00,false
30,21,8,1,0,1000,0,0.00,false
30,21,8,1,1,1000,0,0.00,false
30,21,8,2,2,1000,0,0.00,false
30,21,9,0,0,1000,0,0.00,false
30,21,9,0,1,1000,0,0.00,false
30,21,9,1,0,1000,0,0.00,false
30,21,9,1,1,1000,0,0.00,false
30,21,9,2,2,1000,0,0.00,false
30,21,10,0,0,1000,0,0.00,false
30,21,10,0,1,1000,0,0.00,false
30,21,10,1,0,1000,0,0.00,false
30,21,10,1,1,1000,0,0.00,false
30,21,10,2,2,1000,0,0.00,false
30,21,11,0,0,1000,0,0.00,false
30,21,11,0,1,1000,0,0.00,false
30,21,11,1,0,1000,0,0.00,false
30,21,11,1,1,1000,0,0.00,false
30,21,11,2,2,1000,0,0.00,false
30,21,12,0,0,1000,0,0.00,false
30,21,12,0,1,1000,0,0.00,false
30,21,12,1,0,1000,0,0.00,false
30,21,12,1,1,1000,0,0.00,false
30,21,12,2,2,1000,0,0.00,false
30,21,13,0,0,1000,0,0.00,false
30,21,13,0,1,1000,0,0.00,false
30,21,13,1,0,1000,0,0.00,false
30,21,13,1,1,1000,0,0.00,false
30,21,13,2,2,1000,0,0.00,false
30,21,14,0,0,1000,0,0.00,false
30,21,14,0,1,1000,0,0.00,false
30,21,14,1,0,1000,0,0.00,false
30,21,14,1,1,1000,0,0.00,false
30,21,14,2,2,1000,0,0.00,false
30,21,15,0,0,1000,0,0.00,false
30,21,15,0,1,1000,0,0.00,false
30,21,15,1,0,1000,0,0.00,false
30,21,15,1,1,1000,0,0.00,false
30,21,15,2,2,1000,0,0.00,false
30,21,16,0,0,1000,0,0.00,false
30,21,16,0,1,1000,0,0.00,false
30,21,16,1,0,1000,0,0.00,false
30,21,16,1,1,1000,0,0.00,false
30,21,16,2,2,1000,0,0.00,false
30,21,17,0,0,1000,0,0.00,false
30,21,17,0,1,1000,0,0.00,false
30,21,17,1,0,1000,0,0.00,false
30,21,17,1,1,1000,0,0.00,false
30,21,17,2,2,1000,0,0.00,false
30,21,18,0,0,1000,0,0.00,false
30,21,18,0,1,1000,0,0.00,false
30,21,18,1,0,1000,0,0.00,false
30,21,18,1,1,1000,0,0.00,false
30,21,18,2,2,1000,0,0.00,false
30,21,19,0,0,1000,0,0.00,false
30,21,19,0,1,1000,0,0.00,false
30,21,19,1,0,1000,0,0.00,false
30,21,19,1,1,1000,0,0.00,false
30,21,19,2,2,1000,0,0.00,false
30,21,20,0,0,1000,0,0.00,false
30,21,20,0,1,1000,0,0.00,false
30,21,20,1,0,1000,0,0.00,false
30,21,20,1,1,1000,0,0.00,false
30,21,20,2,2,1000,0,0.00,false
30,21,22,0,0,1000,0,0.00,false
30,21,22,0,1,1000,0,0.00,false
30,21,22,1,0,1000,0,0.00,false
30,21,22,1,1,1000,0,0.00,false
30,21,22,2,2,1000,0,0.00,false
30,21,23,0,0,1000,0,0.00,false
30,21,23,0,1,1000,0,0.00,false
30,21,23,1,0,1000,0,0.00,false
30,21,23,1,1,1000,0,0.00,false
30,21,23,2,2,1000,0,0.00,false
30,21,24,0,0,1000,0,0.00,false
30,21,24,0,1,1000,0,0.00,false
30,21,24,1,0,1000,0,0.00,false
30,21,24,1,1,1000,0,0.00,false
30,21,24,2,2,1000,0,0.00,false
30,21,25,0,0,1000,0,0.00,false
30,21,25,0,1,1000,0,0.00,false
30,21,25,1,0,1000,0,0.00,false
30,21,25,1,1,1000,0,0.00,false
30,21,25,2,2,1000,0,0.00,false
30,21,26,0,0,1000,0,0.00,false
30,21,26,0,1,1000,0,0.00,false
30,21,26,1,0,1000,0,0.00,false
30,21,26,1,1,1000,0,0.00,false
30,21,26,2,2,1000,0,0.00,false
30,21,27,0,0,1000,0,0.00,false
30,21,27,0,1,1000,0,0.00,false
30,21,27,1,0,1000,0,0.00,false
30,21,27,1,1,1000,0,0.00,false
30,21,27,2,2,1000,0,0.00,false
30,21,28,0,0,1000,0,0.00,false
30,21,28,0,1,1000,0,0.00,false
30,21,28,1,0,1000,0,0.00,false
30,21,28,1,1,1000,0,0.00,false
30,21,28,2,2,1000,0,0.00,false
30,21,29,0,0,1000,0,0.00,false
30,21,29,0,1,1000,0,0.00,false
30,21,29,1,0,1000,0,0.00,false
30,21,29,1,1,1000,0,0.00,false
30,21,29,2,2,1000,0,0.00,false
30,22,1,0,0,1000,0,0.00,false
30,22,1,0,1,1000,0,0.00,false
30,22,1,1,0,1000,0,0.00,false
30,22,1,1,1,1000,0,0.00,false
30,22,1,2,2,1000,0,0.00,false
30,22,2,0,0,1000,0,0.00,false
30,22,2,0,1,1000,0,0.00,false
30,22,2,1,0,1000,0,0.00,false
30,22,2,1,1,1000,0,0.00,false
30,22,2,2,2,1000,0,0.00,false
30,22,3,0,0,1000,0,0.00,false
30,22,3,0,1,1000,0,0.00,false
30,22,3,1,0,1000,0,0.00,false
30,22,3,1,1,1000,0,0.00,false
30,22,3,2,2,1000,0,0.00,false
30,22,4,0,0,1000,0,0.00,false
30,22,4,0,1,1000,0,0.00,false
30,22,4,1,0,1000,0,0.00,false
30,22,4,1,1,1000,0,0.00,false
30,22,4,2,2,1000,0,0.00,false
30,22,5,0,0,1000,0,0.00,false
30,22,5,0,1,1000,0,0.00,false
30,22,5,1,0,1000,0,0.00,false
30,22,5,1,1,1000,0,0.00,false
30,22,5,2,2,1000,0,0.00,false
30,22,6,0,0,1000,0,0.00,false
30,22,6,0,1,1000,0,0.00,false
30,22,6,1,0,1000,0,0.00,false
30,22,6,1,1,1000,0,0.00,false
30,22,6,2,2,1000,0,0.00,false
30,22,7,0,0,1000,0,0.00,false
30,22,7,0,1,1000,0,0.00,false
30,22,7,1,0,1000,0,0.00,false
30,22,7,1,1,1000,0,0.00,false
30,22,7,2,2,1000,0,0.00,false
30,22,8,0,0,1000,0,0.00,false
30,22,8,0,1,1000,0,0.00,false
30,22,8,1,0,1000,0,0.00,false
30,22,8,1,1,1000,0,0.00,false
30,22,8,2,2,1000,0,0.00,false
30,22,9,0,0,1000,0,0.00,false
30,22,9,0,1,1000,0,0.00,false
30,22,9,1,0,1000,0,0.00,false
30,22,9,1,1,1000,0,0.00,false
30,22,9,2,2,1000,0,0.00,false
30,22,10,0,0,1000,0,0.00,false
30,22,10,0,1,1000,0,0.00,false
30,22,10,1,0,1000,0,0.00,false
30,22,10,1,1,1000,0,0.00,false
30,22,10,2,2,1000,0,0.00,false
30,22,11,0,0,1000,0,0.00,false
30,22,11,0,1,1000,0,0.00,false
30,22,11,1,0,1000,0,0.00,false
30,22,11,1,1,1000,0,0.00,false
30,22,11,2,2,1000,0,0.00,false
30,22,12,0,0,1000,0,0.00,false
30,22,12,0,1,1000,0,0.00,false
30,22,12,1,0,1000,0,0.00,false
30,22,12,1,1,1000,0,0.00,false
30,22,12,2,2,1000,0,0.00,false
30,22,13,0,0,1000,0,0.00,false
30,22,13,0,1,1000,0,0.00,false
30,22,13,1,0,1000,0,0.00,false
30,22,13,1,1,1000,0,0.00,false
30,22,13,2,2,1000,0,0.00,false
30,22,14,0,0,1000,0,0.00,false
30,22,14,0,1,1000,0,0.00,false
30,22,14,1,0,1000,0,0.00,false
30,22,14,1,1,1000,0,0.00,false
30,22,14,2,2,1000,0,0.00,false
30,22,15,0,0,1000,0,0.00,false
30,22,15,0,1,1000,0,0.00,false
30,22,15,1,0,1000,0,0.00,false
30,22,15,1,1,1000,0,0.00,false
30,22,15,2,2,1000,0,0.00,false
30,22,16,0,0,1000,0,0.00,false
30,22,16,0,1,1000,0,0.00,false
30,22,16,1,0,1000,0,0.00,false
30,22,16,1,1,1000,0,0.00,false
30,22,16,2,2,1000,0,0.00,false
30,22,17,0,0,1000,0,0.00,false
30,22,17,0,1,1000,0,0.00,false
30,22,17,1,0,1000,0,0.00,false
30,22,17,1,1,1000,0,0.00,false
30,22,17,2,2,1000,0,0.00,false
30,22,18,0,0,1000,0,0.00,false
30,22,18,0,1,1000,0,0.00,false
30,22,18,1,0,1000,0,0.00,false
30,22,18,1,1,1000,0,0.00,false
30,22,18,2,2,1000,0,0.00,false
30,22,19,0,0,1000,0,0.00,false
30,22,19,0,1,1000,0,0.00,false
30,22,19,1,0,1000,0,0.00,false
30,22,19,1,1,1000,0,0.00,false
30,22,19,2,2,1000,0,0.00,false
30,22,20,0,0,1000,0,0.00,false
30,22,20,0,1,1000,0,0.00,false
30,22,20,1,0,1000,0,0.00,false
30,22,20,1,1,1000,0,0.00,false
30,22,20,2,2,1000,0,0.00,false
30,22,21,0,0,1000,0,0.00,false
30,22,21,0,1,1000,0,0.00,false
30,22,21,1,0,1000,0,0.00,false
30,22,21,1,1,1000,0,0.00,false
30,22,21,2,2,1000,0,0.00,false
30,22,23,0,0,1000,0,0.00,false
30,22,23,0,1,1000,0,0.00,false
30,22,23,1,0,1000,0,0.00,false
30,22,23,1,1,1000,0,0.00,false
30,22,23,2,2,1000,0,0.00,false
30,22,24,0,0,1000,0,0.00,false
30,22,24,0,1,1000,0,0.00,false
30,22,24,1,0,1000,0,0.00,false
30,22,24,1,1,1000,0,0.00,false
30,22,24,2,2,1000,0,0.00,false
30,22,25,0,0,1000,0,0.00,false
30,22,25,0,1,1000,0,0.00,false
30,22,25,1,0,1000,0,0.00,false
30,22,25,1,1,1000,0,0.00,false
30,22,25,2,2,1000,0,0.00,false
30,22,26,0,0,1000,0,0.00,false
30,22,26,0,1,1000,0,0.00,false
30,22,26,1,0,1000,0,0.00,false
30,22,26,1,1,1000,0,0.00,false
30,22,26,2,2,1000,0,0.00,false
30,22,27,0,0,1000,0,0.00,false
30,22,27,0,1,1000,0,0.00,false
30,22,27,1,0,1000,0,0.00,false
30,22,27,1,1,1000,0,0.00,false
30,22,27,2,2,1000,0,0.00,false
30,22,28,0,0,1000,0,0.00,false
30,22,28,0,1,1000,0,0.00,false
30,22,28,1,0,1000,0,0.00,false
30,22,28,1,1,1000,0,0.00,false
30,22,28,2,2,1000,0,0.00,false
30,22,29,0,0,1000,0,0.00,false
30,22,29,0,1,1000,0,0.00,false
30,22,29,1,0,1000,0,0.00,false
30,22,29,1,1,1000,0,0.00,false
30,22,29,2,2,1000,0,0.00,false
30,23,1,0,0,1000,222,22.20,true
30,23,1,0,1,1000,166,16.60,true
30,23,1,1,0,1000,172,17.20,true
30,23,1,1,1,1000,122,12.20,true
30,23,1,2,2,1000,84,8.40,true
30,23,2,0,0,1000,224,22.40,false
30,23,2,0,1,1000,168,16.80,false
30,23,2,1,0,1000,174,17.40,false
30,23,2,1,1,1000,118,11.80,false
30,23,2,2,2,1000,70,7.00,false
30,23,3,0,0,1000,228,22.80,false
30,23,3,0,1,1000,144,14.40,false
30,23,3,1,0,1000,173,17.30,false
30,23,3,1,1,1000,121,12.10,false
30,23,3,2,2,1000,75,7.50,false
30,23,4,0,0,1000,227,22.70,false
30,23,4,0,1,1000,175,17.50,false
30,23,4,1,0,1000,148,14.80,false
30,23,4,1,1,1000,124,12.40,false
30,23,4,2,2,1000,85,8.50,false
30,23,5,0,0,1000,214,21.40,false
30,23,5,0,1,1000,165,16.50,false
30,23,5,1,0,1000,153,15.30,false
30,23,5,1,1,1000,123,12.30,false
30,23,5,2,2,1000,74,7.40,false
30,23,6,0,0,1000,213,21.30,false
30,23,6,0,1,1000,171,17.10,false
30,23,6,1,0,1000,160,16.00,false
30,23,6,1,1,1000,128,12.80,false
30,23,6,2,2,1000,95,9.50,false
30,23,7,0,0,1000,208,20.80,true
30,23,7,0,1,1000,165,16.50,true
30,23,7,1,0,1000,160,16.00,true
30,23,7,1,1,1000,140,14.00,true
30,23,7,2,2,1000,80,8.00,true
30,23,8,0,0,1000,223,22.30,false
30,23,8,0,1,1000,175,17.50,false
30,23,8,1,0,1000,156,15.60,false
30,23,8,1,1,1000,131,13.10,false
30,23,8,2,2,1000,82,8.20,false
30,23,9,0,0,1000,214,21.40,false
30,23,9,0,1,1000,172,17.20,false
30,23,9,1,0,1000,155,15.50,false
30,23,9,1,1,1000,126,12.60,false
30,23,9,2,2,1000,88,8.80,false
30,23,10,0,0,1000,224,22.40,false
30,23,10,0,1,1000,147,14.70,false
30,23,10,1,0,1000,164,16.40,false
30,23,10,1,1,1000,126,12.60,false
30,23,10,2,2,1000,98,9.80,false
30,23,11,0,0,1000,245,24.50,true
30,23,11,0,1,1000,161,16.10,true
30,23,11,1,0,1000,162,16.20,true
30,23,11,1,1,1000,124,12.40,true
30,23,11,2,2,1000,83,8.30,true
30,23,12,0,0,1000,220,22.00,false
30,23,12,0,1,1000,176,17.60,false
30,23,12,1,0,1000,150,15.00,false
30,23,12,1,1,1000,110,11.00,false
30,23,12,2,2,1000,90,9.00,false
30,23,13,0,0,1000,226,22.60,true
30,23,13,0,1,1000,152,15.20,true
30,23,13,1,0,1000,161,16.10,true
30,23,13,1,1,1000,123,12.30,true
30,23,13,2,2,1000,77,7.70,true
30,23,14,0,0,1000,234,23.40,false
30,23,14,0,1,1000,179,17.90,false
30,23,14,1,0,1000,154,15.40,false
30,23,14,1,1,1000,129,12.90,false
30,23,14,2,2,1000,92,9.20,false
30,23,15,0,0,1000,219,21.90,false
30,23,15,0,1,1000,164,16.40,false
30,23,15,1,0,1000,170,17.00,false
30,23,15,1,1,1000,121,12.10,false
30,23,15,2,2,1000,89,8.90,false
30,23,16,0,0,1000,230,23.00,false
30,23,16,0,1,1000,160,16.00,false
30,23,16,1,0,1000,147,14.70,false
30,23,16,1,1,1000,132,13.20,false
30,23,16,2,2,1000,94,9.40,false
30,23,17,0,0,1000,220,22.00,true
30,23,17,0,1,1000,151,15.10,true
30,23,17,1,0,1000,152,15.20,true
30,23,17,1,1,1000,121,12.10,true
30,23,17,2,2,1000,90,9.00,true
30,23,18,0,0,1000,229,22.90,false
30,23,18,0,1,1000,163,16.30,false
30,23,18,1,0,1000,157,15.70,false
30,23,18,1,1,1000,102,10.20,false
30,23,18,2,2,1000,85,8.50,false
30,23,19,0,0,1000,236,23.60,true
30,23,19,0,1,1000,145,14.50,true
30,23,19,1,0,1000,164,16.40,true
30,23,19,1,1,1000,130,13.00,true
30,23,19,2,2,1000,90,9.00,true
30,23,20,0,0,1000,242,24.20,false
30,23,20,0,1,1000,146,14.60,false
30,23,20,1,0,1000,164,16.40,false
30,23,20,1,1,1000,121,12.10,false
30,23,20,2,2,1000,83,8.30,false
30,23,21,0,0,1000,216,21.60,false
30,23,21,0,1,1000,160,16.00,false
30,23,21,1,0,1000,159,15.90,false
30,23,21,1,1,1000,121,12.10,false
30,23,21,2,2,1000,80,8.00,false
30,23,22,0,0,1000,226,22.60,false
30,23,22,0,1,1000,163,16.30,false
30,23,22,1,0,1000,161,16.10,false
30,23,22,1,1,1000,121,12.10,false
30,23,22,2,2,1000,74,7.40,false
30,23,24,0,0,1000,241,24.10,false
30,23,24,0,1,1000,167,16.70,false
30,23,24,1,0,1000,152,15.20,false
30,23,24,1,1,1000,113,11.30,false
30,23,24,2,2,1000,84,8.40,false
30,23,25,0,0,1000,237,23.70,false
30,23,25,0,1,1000,147,14.70,false
30,23,25,1,0,1000,170,17.00,false
30,23,25,1,1,1000,119,11.90,false
30,23,25,2,2,1000,83,8.30,false
30,23,26,0,0,1000,221,22.10,false
30,23,26,0,1,1000,159,15.90,false
30,23,26,1,0,1000,156,15.60,false
30,23,26,1,1,1000,126,12.60,false
30,23,26,2,2,1000,73,7.30,false
30,23,27,0,0,1000,243,24.30,false
30,23,27,0,1,1000,154,15.40,false
30,23,27,1,0,1000,143,14.30,false
30,23,27,1,1,1000,125,12.50,false
30,23,27,2,2,1000,73,7.30,false
30,23,28,0,0,1000,193,19.30,false
30,23,28,0,1,1000,177,17.70,false
30,23,28,1,0,1000,164,16.40,false
30,23,28,1,1,1000,120,12.00,false
30,23,28,2,2,1000,98,9.80,false
30,23,29,0,0,1000,224,22.40,true
30,23,29,0,1,1000,168,16.80,true
30,23,29,1,0,1000,161,16.10,true
30,23,29,1,1,1000,124,12.40,true
30,23,29,2,2,1000,75,7.50,true
30,24,1,0,0,1000,0,0.00,false
30,24,1,0,1,1000,0,0.00,false
30,24,1,1,0,1000,0,0.00,false
30,24,1,1,1,1000,0,0.00,false
30,24,1,2,2,1000,0,0.00,false
30,24,2,0,0,1000,0,0.00,false
30,24,2,0,1,1000,0,0.00,false
30,24,2,1,0,1000,0,0.00,false
30,24,2,1,1,1000,0,0.00,false
30,24,2,2,2,1000,0,0.00,false
30,24,3,0,0,1000,0,0.00,false
30,24,3,0,1,1000,0,0.00,false
30,24,3,1,0,1000,0,0.00,false
30,24,3,1,1,1000,0,0.00,false
30,24,3,2,2,1000,0,0.00,false
30,24,4,0,0,1000,0,0.00,false
30,24,4,0,1,1000,0,0.00,false
30,24,4,1,0,1000,0,0.00,false
30,24,4,1,1,1000,0,0.00,false
30,24,4,2,2,1000,0,0.00,false
30,24,5,0,0,1000,0,0.00,false
30,24,5,0,1,1000,0,0.00,false
30,24,5,1,0,1000,0,0.00,false
30,24,5,1,1,1000,0,0.00,false
30,24,5,2,2,1000,0,0.00,false
30,24,6,0,0,1000,0,0.00,false
30,24,6,0,1,1000,0,0.00,false
30,24,6,1,0,1000,0,0.00,false
30,24,6,1,1,1000,0,0.00,false
30,24,6,2,2,1000,0,0.00,false
30,24,7,0,0,1000,0,0.00,false
30,24,7,0,1,1000,0,0.00,false
30,24,7,1,0,1000,0,0.00,false
30,24,7,1,1,1000,0,0.00,false
30,24,7,2,2,1000,0,0.00,false
30,24,8,0,0,1000,0,0.00,false
30,24,8,0,1,1000,0,0.00,false
30,24,8,1,0,1000,0,0.00,false
30,24,8,1,1,1000,0,0.00,false
30,24,8,2,2,1000,0,0.00,false
30,24,9,0,0,1000,0,0.00,false
30,24,9,0,1,1000,0,0.00,false
30,24,9,1,0,1000,0,0.00,false
30,24,9,1,1,1000,0,0.00,false
30,24,9,2,2,1000,0,0.00,false
30,24,10,0,0,1000,0,0.00,false
30,24,10,0,1,1000,0,0.00,false
30,24,10,1,0,1000,0,0.00,false
30,24,10,1,1,1000,0,0.00,false
30,24,10,2,2,1000,0,0.00,false
30,24,11,0,0,1000,0,0.00,false
30,24,11,0,1,1000,0,0.00,false
30,24,11,1,0,1000,0,0.00,false
30,24,11,1,1,1000,0,0.00,false
30,24,11,2,2,1000,0,0.00,false
30,24,12,0,0,1000,0,0.00,false
30,24,12,0,1,1000,0,0.00,false
30,24,12,1,0,1000,0,0.00,false
30,24,12,1,1,1000,0,0.00,false
30,24,12,2,2,1000,0,0.00,false
30,24,13,0,0,1000,0,0.00,false
30,24,13,0,1,1000,0,0.00,false
30,24,13,1,0,1000,0,0.00,false
30,24,13,1,1,1000,0,0.00,false
30,24,13,2,2,1000,0,0.00,false
30,24,14,0,0,1000,0,0.00,false
30,24,14,0,1,1000,0,0.00,false
30,24,14,1,0,1000,0,0.00,false
30,24,14,1,1,1000,0,0.00,false
30,24,14,2,2,1000,0,0.00,false
30,24,15,0,0,1000,0,0.00,false
30,24,15,0,1,1000,0,0.00,false
30,24,15,1,0,1000,0,0.00,false
30,24,15,1,1,1000,0,0.00,false
30,24,15,2,2,1000,0,0.00,false
30,24,16,0,0,1000,0,0.00,false
30,24,16,0,1,1000,0,0.00,false
30,24,16,1,0,1000,0,0.00,false
30,24,16,1,1,1000,0,0.00,false
30,24,16,2,2,1000,0,0.00,false
30,24,17,0,0,1000,0,0.00,false
30,24,17,0,1,1000,0,0.00,false
30,24,17,1,0,1000,0,0.00,false
30,24,17,1,1,1000,0,0.00,false
30,24,17,2,2,1000,0,0.00,false
30,24,18,0,0,1000,0,0.00,false
30,24,18,0,1,1000,0,0.00,false
30,24,18,1,0,1000,0,0.00,false
30,24,18,1,1,1000,0,0.00,false
30,24,18,2,2,1000,0,0.00,false
30,24,19,0,0,1000,0,0.00,false
30,24,19,0,1,1000,0,0.00,false
30,24,19,1,0,1000,0,0.00,false
30,24,19,1,1,1000,0,0.00,false
30,24,19,2,2,1000,0,0.00,false
30,24,20,0,0,1000,0,0.00,false
30,24,20,0,1,1000,0,0.00,false
30,24,20,1,0,1000,0,0.00,false
30,24,20,1,1,1000,0,0.00,false
30,24,20,2,2,1000,0,0.00,false
30,24,21,0,0,1000,0,0.00,false
30,24,21,0,1,1000,0,0.00,false
30,24,21,1,0,1000,0,0.00,false
30,24,21,1,1,1000,0,0.00,false
30,24,21,2,2,1000,0,0.00,false
30,24,22,0,0,1000,0,0.00,false
30,24,22,0,1,1000,0,0.00,false
30,24,22,1,0,1000,0,0.00,false
30,24,22,1,1,1000,0,0.00,false
30,24,22,2,2,1000,0,0.00,false
30,24,23,0,0,1000,0,0.00,false
30,24,23,0,1,1000,0,0.00,false
30,24,23,1,0,1000,0,0.00,false
30,24,23,1,1,1000,0,0.00,false
30,24,23,2,2,1000,0,0.00,false
30,24,25,0,0,1000,0,0.00,false
30,24,25,0,1,1000,0,0.00,false
30,24,25,1,0,1000,0,0.00,false
30,24,25,1,1,1000,0,0.00,false
30,24,25,2,2,1000,0,0.00,false
30,24,26,0,0,1000,0,0.00,false
30,24,26,0,1,1000,0,0.00,false
30,24,26,1,0,1000,0,0.00,false
30,24,26,1,1,1000,0,0.00,false
30,24,26,2,2,1000,0,0.00,false
30,24,27,0,0,1000,0,0.00,false
30,24,27,0,1,1000,0,0.00,false
30,24,27,1,0,1000,0,0.00,false
30,24,27,1,1,1000,0,0.00,false
30,24,27,2,2,1000,0,0.00,false
30,24,28,0,0,1000,0,0.00,false
30,24,28,0,1,1000,0,0.00,false
30,24,28,1,0,1000,0,0.00,false
30,24,28,1,1,1000,0,0.00,false
30,24,28,2,2,1000,0,0.00,false
30,24,29,0,0,1000,0,0.00,false
30,24,29,0,1,1000,0,0.00,false
30,24,29,1,0,1000,0,0.00,false
30,24,29,1,1,1000,0,0.00,false
30,24,29,2,2,1000,0,0.00,false
30,25,1,0,0,1000,0,0.00,false
30,25,1,0,1,1000,0,0.00,false
30,25,1,1,0,1000,0,0.00,false
30,25,1,1,1,1000,0,0.00,false
30,25,1,2,2,1000,0,0.00,false
30,25,2,0,0,1000,0,0.00,false
30,25,2,0,1,1000,0,0.00,false
30,25,2,1,0,1000,0,0.00,false
30,25,2,1,1,1000,0,0.00,false
30,25,2,2,2,1000,0,0.00,false
30,25,3,0,0,1000,0,0.00,false
30,25,3,0,1,1000,0,0.00,false
30,25,3,1,0,1000,0,0.00,false
30,25,3,1,1,1000,0,0.00,false
30,25,3,2,2,1000,0,0.00,false
30,25,4,0,0,1000,0,0.00,false
30,25,4,0,1,1000,0,0.00,false
30,25,4,1,0,1000,0,0.00,false
30,25,4,1,1,1000,0,0.00,false
30,25,4,2,2,1000,0,0.00,false
30,25,5,0,0,1000,0,0.00,false
30,25,5,0,1,1000,0,0.00,false
30,25,5,1,0,1000,0,0.00,false
30,25,5,1,1,1000,0,0.00,false
30,25,5,2,2,1000,0,0.00,false
30,25,6,0,0,1000,0,0.00,false
30,25,6,0,1,1000,0,0.00,false
30,25,6,1,0,1000,0,0.00,false
30,25,6,1,1,1000,0,0.00,false
30,25,6,2,2,1000,0,0.00,false
30,25,7,0,0,1000,0,0.00,false
30,25,7,0,1,1000,0,0.00,false
30,25,7,1,0,1000,0,0.00,false
30,25,7,1,1,1000,0,0.00,false
30,25,7,2,2,1000,0,0.00,false
30,25,8,0,0,1000,0,0.00,false
30,25,8,0,1,1000,0,0.00,false
30,25,8,1,0,1000,0,0.00,false
30,25,8,1,1,1000,0,0.00,false
30,25,8,2,2,1000,0,0.00,false
30,25,9,0,0,1000,0,0.00,false
30,25,9,0,1,1000,0,0.00,false
30,25,9,1,0,1000,0,0.00,false
30,25,9,1,1,1000,0,0.00,false
30,25,9,2,2,1000,0,0.00,false
30,25,10,0,0,1000,0,0.00,false
30,25,10,0,1,1000,0,0.00,false
30,25,10,1,0,1000,0,0.00,false
30,25,10,1,1,1000,0,0.00,false
30,25,10,2,2,1000,0,0.00,false
30,25,11,0,0,1000,0,0.00,false
30,25,11,0,1,1000,0,0.00,false
30,25,11,1,0,1000,0,0.00,false
30,25,11,1,1,1000,0,0.00,false
30,25,11,2,2,1000,0,0.00,false
30,25,12,0,0,1000,0,0.00,false
30,25,12,0,1,1000,0,0.00,false
30,25,12,1,0,1000,0,0.00,false
30,25,12,1,1,1000,0,0.00,false
30,25,12,2,2,1000,0,0.00,false
30,25,13,0,0,1000,0,0.00,false
30,25,13,0,1,1000,0,0.00,false
30,25,13,1,0,1000,0,0.00,false
30,25,13,1,1,1000,0,0.00,false
30,25,13,2,2,1000,0,0.00,false
30,25,14,0,0,1000,0,0.00,false
30,25,14,0,1,1000,0,0.00,false
30,25,14,1,0,1000,0,0.00,false
30,25,14,1,1,1000,0,0.00,false
30,25,14,2,2,1000,0,0.00,false
30,25,15,0,0,1000,0,0.00,false
30,25,15,0,1,1000,0,0.00,false
30,25,15,1,0,1000,0,0.00,false
30,25,15,1,1,1000,0,0.00,false
30,25,15,2,2,1000,0,0.00,false
30,25,16,0,0,1000,0,0.00,false
30,25,16,0,1,1000,0,0.00,false
30,25,16,1,0,1000,0,0.00,false
30,25,16,1,1,1000,0,0.00,false
30,25,16,2,2,1000,0,0.00,false
30,25,17,0,0,1000,0,0.00,false
30,25,17,0,1,1000,0,0.00,false
30,25,17,1,0,1000,0,0.00,false
30,25,17,1,1,1000,0,0.00,false
30,25,17,2,2,1000,0,0.00,false
30,25,18,0,0,1000,0,0.00,false
30,25,18,0,1,1000,0,0.00,false
30,25,18,1,0,1000,0,0.00,false
30,25,18,1,1,1000,0,0.00,false
30,25,18,2,2,1000,0,0.00,false
30,25,19,0,0,1000,0,0.00,false
30,25,19,0,1,1000,0,0.00,false
30,25,19,1,0,1000,0,0.00,false
30,25,19,1,1,1000,0,0.00,false
30,25,19,2,2,1000,0,0.00,false
30,25,20,0,0,1000,0,0.00,false
30,25,20,0,1,1000,0,0.00,false
30,25,20,1,0,1000,0,0.00,false
30,25,20,1,1,1000,0,0.00,false
30,25,20,2,2,1000,0,0.00,false
30,25,21,0,0,1000,0,0.00,false
30,25,21,0,1,1000,0,0.00,false
30,25,21,1,0,1000,0,0.00,false
30,25,21,1,1,1000,0,0.00,false
30,25,21,2,2,1000,0,0.00,false
30,25,22,0,0,1000,0,0.00,false
30,25,22,0,1,1000,0,0.00,false
30,25,22,1,0,1000,0,0.00,false
30,25,22,1,1,1000,0,0.00,false
30,25,22,2,2,1000,0,0.00,false
30,25,23,0,0,1000,0,0.00,false
30,25,23,0,1,1000,0,0.00,false
30,25,23,1,0,1000,0,0.00,false
30,25,23,1,1,1000,0,0.00,false
30,25,23,2,2,1000,0,0.00,false
30,25,24,0,0,1000,0,0.00,false
30,25,24,0,1,1000,0,0.00,false
30,25,24,1,0,1000,0,0.00,false
30,25,24,1,1,1000,0,0.00,false
30,25,24,2,2,1000,0,0.00,false
30,25,26,0,0,1000,0,0.00,false
30,25,26,0,1,1000,0,0.00,false
30,25,26,1,0,1000,0,0.00,false
30,25,26,1,1,1000,0,0.00,false
30,25,26,2,2,1000,0,0.00,false
30,25,27,0,0,1000,0,0.00,false
30,25,27,0,1,1000,0,0.00,false
30,25,27,1,0,1000,0,0.00,false
30,25,27,1,1,1000,0,0.00,false
30,25,27,2,2,1000,0,0.00,false
30,25,28,0,0,1000,0,0.00,false
30,25,28,0,1,1000,0,0.00,false
30,25,28,1,0,1000,0,0.00,false
30,25,28,1,1,1000,0,0.00,false
30,25,28,2,2,1000,0,0.00,false
30,25,29,0,0,1000,0,0.00,false
30,25,29,0,1,1000,0,0.00,false
30,25,29,1,0,1000,0,0.00,false
30,25,29,1,1,1000,0,0.00,false
30,25,29,2,2,1000,0,0.00,false
30,26,1,0,0,1000,0,0.00,false
30,26,1,0,1,1000,0,0.00,false
30,26,1,1,0,1000,0,0.00,false
30,26,1,1,1,1000,0,0.00,false
30,26,1,2,2,1000,0,0.00,false
30,26,2,0,0,1000,0,0.00,false
30,26,2,0,1,1000,0,0.00,false
30,26,2,1,0,1000,0,0.00,false
30,26,2,1,1,1000,0,0.00,false
30,26,2,2,2,1000,0,0.00,false
30,26,3,0,0,1000,0,0.00,false
30,26,3,0,1,1000,0,0.00,false
30,26,3,1,0,1000,0,0.00,false
30,26,3,1,1,1000,0,0.00,false
30,26,3,2,2,1000,0,0.00,false
30,26,4,0,0,1000,0,0.00,false
30,26,4,0,1,1000,0,0.00,false
30,26,4,1,0,1000,0,0.00,false
30,26,4,1,1,1000,0,0.00,false
30,26,4,2,2,1000,0,0.00,false
30,26,5,0,0,1000,0,0.00,false
30,26,5,0,1,1000,0,0.00,false
30,26,5,1,0,1000,0,0.00,false
30,26,5,1,1,1000,0,0.00,false
30,26,5,2,2,1000,0,0.00,false
30,26,6,0,0,1000,0,0.00,false
30,26,6,0,1,1000,0,0.00,false
30,26,6,1,0,1000,0,0.00,false
30,26,6,1,1,1000,0,0.00,false
30,26,6,2,2,1000,0,0.00,false
30,26,7,0,0,1000,0,0.00,false
30,26,7,0,1,1000,0,0.00,false
30,26,7,1,0,1000,0,0.00,false
30,26,7,1,1,1000,0,0.00,false
30,26,7,2,2,1000,0,0.00,false
30,26,8,0,0,1000,0,0.00,false
30,26,8,0,1,1000,0,0.00,false
30,26,8,1,0,1000,0,0.00,false
30,26,8,1,1,1000,0,0.00,false
30,26,8,2,2,1000,0,0.00,false
30,26,9,0,0,1000,0,0.00,false
30,26,9,0,1,1000,0,0.00,false
30,26,9,1,0,1000,0,0.00,false
30,26,9,1,1,1000,0,0.00,false
30,26,9,2,2,1000,0,0.00,false
30,26,10,0,0,1000,0,0.00,false
30,26,10,0,1,1000,0,0.00,false
30,26,10,1,0,1000,0,0.00,false
30,26,10,1,1,1000,0,0.00,false
30,26,10,2,2,1000,0,0.00,false
30,26,11,0,0,1000,0,0.00,false
30,26,11,0,1,1000,0,0.00,false
30,26,11,1,0,1000,0,0.00,false
30,26,11,1,1,1000,0,0.00,false
30,26,11,2,2,1000,0,0.00,false
30,26,12,0,0,1000,0,0.00,false
30,26,12,0,1,1000,0,0.00,false
30,26,12,1,0,1000,0,0.00,false
30,26,12,1,1,1000,0,0.00,false
30,26,12,2,2,1000,0,0.00,false
30,26,13,0,0,1000,0,0.00,false
30,26,13,0,1,1000,0,0.00,false
30,26,13,1,0,1000,0,0.00,false
30,26,13,1,1,1000,0,0.00,false
30,26,13,2,2,1000,0,0.00,false
30,26,14,0,0,1000,0,0.00,false
30,26,14,0,1,1000,0,0.00,false
30,26,14,1,0,1000,0,0.00,false
30,26,14,1,1,1000,0,0.00,false
30,26,14,2,2,1000,0,0.00,false
30,26,15,0,0,1000,0,0.00,false
30,26,15,0,1,1000,0,0.00,false
30,26,15,1,0,1000,0,0.00,false
30,26,15,1,1,1000,0,0.00,false
30,26,15,2,2,1000,0,0.00,false
30,26,16,0,0,1000,0,0.00,false
30,26,16,0,1,1000,0,0.00,false
30,26,16,1,0,1000,0,0.00,false
30,26,16,1,1,1000,0,0.00,false
30,26,16,2,2,1000,0,0.00,false
30,26,17,0,0,1000,0,0.00,false
30,26,17,0,1,1000,0,0.00,false
30,26,17,1,0,1000,0,0.00,false
30,26,17,1,1,1000,0,0.00,false
30,26,17,2,2,1000,0,0.00,false
30,26,18,0,0,1000,0,0.00,false
30,26,18,0,1,1000,0,0.00,false
30,26,18,1,0,1000,0,0.00,false
30,26,18,1,1,1000,0,0.00,false
30,26,18,2,2,1000,0,0.00,false
30,26,19,0,0,1000,0,0.00,false
30,26,19,0,1,1000,0,0.00,false
30,26,19,1,0,1000,0,0.00,false
30,26,19,1,1,1000,0,0.00,false
30,26,19,2,2,1000,0,0.00,false
30,26,20,0,0,1000,0,0.00,false
30,26,20,0,1,1000,0,0.00,false
30,26,20,1,0,1000,0,0.00,false
30,26,20,1,1,1000,0,0.00,false
30,26,20,2,2,1000,0,0.00,false
30,26,21,0,0,1000,0,0.00,false
30,26,21,0,1,1000,0,0.00,false
30,26,21,1,0,1000,0,0.00,false
30,26,21,1,1,1000,0,0.00,false
30,26,21,2,2,1000,0,0.00,false
30,26,22,0,0,1000,0,0.00,false
30,26,22,0,1,1000,0,0.00,false
30,26,22,1,0,1000,0,0.00,false
30,26,22,1,1,1000,0,0.00,false
30,26,22,2,2,1000,0,0.00,false
30,26,23,0,0,1000,0,0.00,false
30,26,23,0,1,1000,0,0.00,false
30,26,23,1,0,1000,0,0.00,false
30,26,23,1,1,1000,0,0.00,false
30,26,23,2,2,1000,0,0.00,false
30,26,24,0,0,1000,0,0.00,false
30,26,24,0,1,1000,0,0.00,false
30,26,24,1,0,1000,0,0.00,false
30,26,24,1,1,1000,0,0.00,false
30,26,24,2,2,1000,0,0.00,false
30,26,25,0,0,1000,0,0.00,false
30,26,25,0,1,1000,0,0.00,false
30,26,25,1,0,1000,0,0.00,false
30,26,25,1,1,1000,0,0.00,false
30,26,25,2,2,1000,0,0.00,false
30,26,27,0,0,1000,0,0.00,false
30,26,27,0,1,1000,0,0.00,false
30,26,27,1,0,1000,0,0.00,false
30,26,27,1,1,1000,0,0.00,false
30,26,27,2,2,1000,0,0.00,false
30,26,28,0,0,1000,0,0.00,false
30,26,28,0,1,1000,0,0.00,false
30,26,28,1,0,1000,0,0.00,false
30,26,28,1,1,1000,0,0.00,false
30,26,28,2,2,1000,0,0.00,false
30,26,29,0,0,1000,0,0.00,false
30,26,29,0,1,1000,0,0.00,false
30,26,29,1,0,1000,0,0.00,false
30,26,29,1,1,1000,0,0.00,false
30,26,29,2,2,1000,0,0.00,false
30,27,1,0,0,1000,0,0.00,false
30,27,1,0,1,1000,0,0.00,false
30,27,1,1,0,1000,0,0.00,false
30,27,1,1,1,1000,0,0.00,false
30,27,1,2,2,1000,0,0.00,false
30,27,2,0,0,1000,0,0.00,false
30,27,2,0,1,1000,0,0.00,false
30,27,2,1,0,1000,0,0.00,false
30,27,2,1,1,1000,0,0.00,false
30,27,2,2,2,1000,0,0.00,false
30,27,3,0,0,1000,0,0.00,false
30,27,3,0,1,1000,0,0.00,false
30,27,3,1,0,1000,0,0.00,false
30,27,3,1,1,1000,0,0.00,false
30,27,3,2,2,1000,0,0.00,false
30,27,4,0,0,1000,0,0.00,false
30,27,4,0,1,1000,0,0.00,false
30,27,4,1,0,1000,0,0.00,false
30,27,4,1,1,1000,0,0.00,false
30,27,4,2,2,1000,0,0.00,false
30,27,5,0,0,1000,0,0.00,false
30,27,5,0,1,1000,0,0.00,false
30,27,5,1,0,1000,0,0.00,false
30,27,5,1,1,1000,0,0.00,false
30,27,5,2,2,1000,0,0.00,false
30,27,6,0,0,1000,0,0.00,false
30,27,6,0,1,1000,0,0.00,false
30,27,6,1,0,1000,0,0.00,false
30,27,6,1,1,1000,0,0.00,false
30,27,6,2,2,1000,0,0.00,false
30,27,7,0,0,1000,0,0.00,false
30,27,7,0,1,1000,0,0.00,false
30,27,7,1,0,1000,0,0.00,false
30,27,7,1,1,1000,0,0.00,false
30,27,7,2,2,1000,0,0.00,false
30,27,8,0,0,1000,0,0.00,false
30,27,8,0,1,1000,0,0.00,false
30,27,8,1,0,1000,0,0.00,false
30,27,8,1,1,1000,0,0.00,false
30,27,8,2,2,1000,0,0.00,false
30,27,9,0,0,1000,0,0.00,false
30,27,9,0,1,1000,0,0.00,false
30,27,9,1,0,1000,0,0.00,false
30,27,9,1,1,1000,0,0.00,false
30,27,9,2,2,1000,0,0.00,false
30,27,10,0,0,1000,0,0.00,false
30,27,10,0,1,1000,0,0.00,false
30,27,10,1,0,1000,0,0.00,false
30,27,10,1,1,1000,0,0.00,false
30,27,10,2,2,1000,0,0.00,false
30,27,11,0,0,1000,0,0.00,false
30,27,11,0,1,1000,0,0.00,false
30,27,11,1,0,1000,0,0.00,false
30,27,11,1,1,1000,0,0.00,false
30,27,11,2,2,1000,0,0.00,false
30,27,12,0,0,1000,0,0.00,false
30,27,12,0,1,1000,0,0.00,false
30,27,12,1,0,1000,0,0.00,false
30,27,12,1,1,1000,0,0.00,false
30,27,12,2,2,1000,0,0.00,false
30,27,13,0,0,1000,0,0.00,false
30,27,13,0,1,1000,0,0.00,false
30,27,13,1,0,1000,0,0.00,false
30,27,13,1,1,1000,0,0.00,false
30,27,13,2,2,1000,0,0.00,false
30,27,14,0,0,1000,0,0.00,false
30,27,14,0,1,1000,0,0.00,false
30,27,14,1,0,1000,0,0.00,false
30,27,14,1,1,1000,0,0.00,false
30,27,14,2,2,1000,0,0.00,false
30,27,15,0,0,1000,0,0.00,false
30,27,15,0,1,1000,0,0.00,false
30,27,15,1,0,1000,0,0.00,false
30,27,15,1,1,1000,0,0.00,false
30,27,15,2,2,1000,0,0.00,false
30,27,16,0,0,1000,0,0.00,false
30,27,16,0,1,1000,0,0.00,false
30,27,16,1,0,1000,0,0.00,false
30,27,16,1,1,1000,0,0.00,false
30,27,16,2,2,1000,0,0.00,false
30,27,17,0,0,1000,0,0.00,false
30,27,17,0,1,1000,0,0.00,false
30,27,17,1,0,1000,0,0.00,false
30,27,17,1,1,1000,0,0.00,false
30,27,17,2,2,1000,0,0.00,false
30,27,18,0,0,1000,0,0.00,false
30,27,18,0,1,1000,0,0.00,false
30,27,18,1,0,1000,0,0.00,false
30,27,18,1,1,1000,0,0.00,false
30,27,18,2,2,1000,0,0.00,false
30,27,19,0,0,1000,0,0.00,false
30,27,19,0,1,1000,0,0.00,false
30,27,19,1,0,1000,0,0.00,false
30,27,19,1,1,1000,0,0.00,false
30,27,19,2,2,1000,0,0.00,false
30,27,20,0,0,1000,0,0.00,false
30,27,20,0,1,1000,0,0.00,false
30,27,20,1,0,1000,0,0.00,false
30,27,20,1,1,1000,0,0.00,false
30,27,20,2,2,1000,0,0.00,false
30,27,21,0,0,1000,0,0.00,false
30,27,21,0,1,1000,0,0.00,false
30,27,21,1,0,1000,0,0.00,false
30,27,21,1,1,1000,0,0.00,false
30,27,21,2,2,1000,0,0.00,false
30,27,22,0,0,1000,0,0.00,false
30,27,22,0,1,1000,0,0.00,false
30,27,22,1,0,1000,0,0.00,false
30,27,22,1,1,1000,0,0.00,false
30,27,22,2,2,1000,0,0.00,false
30,27,23,0,0,1000,0,0.00,false
30,27,23,0,1,1000,0,0.00,false
30,27,23,1,0,1000,0,0.00,false
30,27,23,1,1,1000,0,0.00,false
30,27,23,2,2,1000,0,0.00,false
30,27,24,0,0,1000,0,0.00,false
30,27,24,0,1,1000,0,0.00,false
30,27,24,1,0,1000,0,0.00,false
30,27,24,1,1,1000,0,0.00,false
30,27,24,2,2,1000,0,0.00,false
30,27,25,0,0,1000,0,0.00,false
30,27,25,0,1,1000,0,0.00,false
30,27,25,1,0,1000,0,0.00,false
30,27,25,1,1,1000,0,0.00,false
30,27,25,2,2,1000,0,0.00,false
30,27,26,0,0,1000,0,0.00,false
30,27,26,0,1,1000,0,0.00,false
30,27,26,1,0,1000,0,0.00,false
30,27,26,1,1,1000,0,0.00,false
30,27,26,2,2,1000,0,0.00,false
30,27,28,0,0,1000,0,0.00,false
30,27,28,0,1,1000,0,0.00,false
30,27,28,1,0,1000,0,0.00,false
30,27,28,1,1,1000,0,0.00,false
30,27,28,2,2,1000,0,0.00,false
30,27,29,0,0,1000,0,0.00,false
30,27,29,0,1,1000,0,0.00,false
30,27,29,1,0,1000,0,0.00,false
30,27,29,1,1,1000,0,0.00,false
30,27,29,2,2,1000,0,0.00,false
30,28,1,0,0,1000,0,0.00,false
30,28,1,0,1,1000,0,0.00,false
30,28,1,1,0,1000,0,0.00,false
30,28,1,1,1,1000,0,0.00,false
30,28,1,2,2,1000,0,0.00,false
30,28,2,0,0,1000,0,0.00,false
30,28,2,0,1,1000,0,0.00,false
30,28,2,1,0,1000,0,0.00,false
30,28,2,1,1,1000,0,0.00,false
30,28,2,2,2,1000,0,0.00,false
30,28,3,0,0,1000,0,0.00,false
30,28,3,0,1,1000,0,0.00,false
30,28,3,1,0,1000,0,0.00,false
30,28,3,1,1,1000,0,0.00,false
30,28,3,2,2,1000,0,0.00,false
30,28,4,0,0,1000,0,0.00,false
30,28,4,0,1,1000,0,0.00,false
30,28,4,1,0,1000,0,0.00,false
30,28,4,1,1,1000,0,0.00,false
30,28,4,2,2,1000,0,0.00,false
30,28,5,0,0,1000,0,0.00,false
30,28,5,0,1,1000,0,0.00,false
30,28,5,1,0,1000,0,0.00,false
30,28,5,1,1,1000,0,0.00,false
30,28,5,2,2,1000,0,0.00,false
30,28,6,0,0,1000,0,0.00,false
30,28,6,0,1,1000,0,0.00,false
30,28,6,1,0,1000,0,0.00,false
30,28,6,1,1,1000,0,0.00,false
30,28,6,2,2,1000,0,0.00,false
30,28,7,0,0,1000,0,0.00,false
30,28,7,0,1,1000,0,0.00,false
30,28,7,1,0,1000,0,0.00,false
30,28,7,1,1,1000,0,0.00,false
30,28,7,2,2,1000,0,0.00,false
30,28,8,0,0,1000,0,0.00,false
30,28,8,0,1,1000,0,0.00,false
30,28,8,1,0,1000,0,0.00,false
30,28,8,1,1,1000,0,0.00,false
30,28,8,2,2,1000,0,0.00,false
30,28,9,0,0,1000,0,0.00,false
30,28,9,0,1,1000,0,0.00,false
30,28,9,1,0,1000,0,0.00,false
30,28,9,1,1,1000,0,0.00,false
30,28,9,2,2,1000,0,0.00,false
30,28,10,0,0,1000,0,0.00,false
30,28,10,0,1,1000,0,0.00,false
30,28,10,1,0,1000,0,0.00,false
30,28,10,1,1,1000,0,0.00,false
30,28,10,2,2,1000,0,0.00,false
30,28,11,0,0,1000,0,0.00,false
30,28,11,0,1,1000,0,0.00,false
30,28,11,1,0,1000,0,0.00,false
30,28,11,1,1,1000,0,0.00,false
30,28,11,2,2,1000,0,0.00,false
30,28,12,0,0,1000,0,0.00,false
30,28,12,0,1,1000,0,0.00,false
30,28,12,1,0,1000,0,0.00,false
30,28,12,1,1,1000,0,0.00,false
30,28,12,2,2,1000,0,0.00,false
30,28,13,0,0,1000,0,0.00,false
30,28,13,0,1,1000,0,0.00,false
30,28,13,1,0,1000,0,0.00,false
30,28,13,1,1,1000,0,0.00,false
30,28,13,2,2,1000,0,0.00,false
30,28,14,0,0,1000,0,0.00,false
30,28,14,0,1,1000,0,0.00,false
30,28,14,1,0,1000,0,0.00,false
30,28,14,1,1,1000,0,0.00,false
30,28,14,2,2,1000,0,0.00,false
30,28,15,0,0,1000,0,0.00,false
30,28,15,0,1,1000,0,0.00,false
30,28,15,1,0,1000,0,0.00,false
30,28,15,1,1,1000,0,0.00,false
30,28,15,2,2,1000,0,0.00,false
30,28,16,0,0,1000,0,0.00,false
30,28,16,0,1,1000,0,0.00,false
30,28,16,1,0,1000,0,0.00,false
30,28,16,1,1,1000,0,0.00,false
30,28,16,2,2,1000,0,0.00,false
30,28,17,0,0,1000,0,0.00,false
30,28,17,0,1,1000,0,0.00,false
30,28,17,1,0,1000,0,0.00,false
30,28,17,1,1,1000,0,0.00,false
30,28,17,2,2,1000,0,0.00,false
30,28,18,0,0,1000,0,0.00,false
30,28,18,0,1,1000,0,0.00,false
30,28,18,1,0,1000,0,0.00,false
30,28,18,1,1,1000,0,0.00,false
30,28,18,2,2,1000,0,0.00,false
30,28,19,0,0,1000,0,0.00,false
30,28,19,0,1,1000,0,0.00,false
30,28,19,1,0,1000,0,0.00,false
30,28,19,1,1,1000,0,0.00,false
30,28,19,2,2,1000,0,0.00,false
30,28,20,0,0,1000,0,0.00,false
30,28,20,0,1,1000,0,0.00,false
30,28,20,1,0,1000,0,0.00,false
30,28,20,1,1,1000,0,0.00,false
30,28,20,2,2,1000,0,0.00,false
30,28,21,0,0,1000,0,0.00,false
30,28,21,0,1,1000,0,0.00,false
30,28,21,1,0,1000,0,0.00,false
30,28,21,1,1,1000,0,0.00,false
30,28,21,2,2,1000,0,0.00,false
30,28,22,0,0,1000,0,0.00,false
30,28,22,0,1,1000,0,0.00,false
30,28,22,1,0,1000,0,0.00,false
30,28,22,1,1,1000,0,0.00,false
30,28,22,2,2,1000,0,0.00,false
30,28,23,0,0,1000,0,0.00,false
30,28,23,0,1,1000,0,0.00,false
30,28,23,1,0,1000,0,0.00,false
30,28,23,1,1,1000,0,0.00,false
30,28,23,2,2,1000,0,0.00,false
30,28,24,0,0,1000,0,0.00,false
30,28,24,0,1,1000,0,0.00,false
30,28,24,1,0,1000,0,0.00,false
30,28,24,1,1,1000,0,0.00,false
30,28,24,2,2,1000,0,0.00,false
30,28,25,0,0,1000,0,0.00,false
30,28,25,0,1,1000,0,0.00,false
30,28,25,1,0,1000,0,0.00,false
30,28,25,1,1,1000,0,0.00,false
30,28,25,2,2,1000,0,0.00,false
30,28,26,0,0,1000,0,0.00,false
30,28,26,0,1,1000,0,0.00,false
30,28,26,1,0,1000,0,0.00,false
30,28,26,1,1,1000,0,0.00,false
30,28,26,2,2,1000,0,0.00,false
30,28,27,0,0,1000,0,0.00,false
30,28,27,0,1,1000,0,0.00,false
30,28,27,1,0,1000,0,0.00,false
30,28,27,1,1,1000,0,0.00,false
30,28,27,2,2,1000,0,0.00,false
30,28,29,0,0,1000,0,0.00,false
30,28,29,0,1,1000,0,0.00,false
30,28,29,1,0,1000,0,0.00,false
30,28,29,1,1,1000,0,0.00,false
30,28,29,2,2,1000,0,0.00,false
30,29,1,0,0,1000,221,22.10,true
30,29,1,0,1,1000,167,16.70,true
30,29,1,1,0,1000,157,15.70,true
30,29,1,1,1,1000,105,10.50,true
30,29,1,2,2,1000,79,7.90,true
30,29,2,0,0,1000,233,23.30,false
30,29,2,0,1,1000,163,16.30,false
30,29,2,1,0,1000,160,16.00,false
30,29,2,1,1,1000,133,13.30,false
30,29,2,2,2,1000,81,8.10,false
30,29,3,0,0,1000,227,22.70,false
30,29,3,0,1,1000,155,15.50,false
30,29,3,1,0,1000,162,16.20,false
30,29,3,1,1,1000,124,12.40,false
30,29,3,2,2,1000,95,9.50,false
30,29,4,0,0,1000,210,21.00,false
30,29,4,0,1,1000,165,16.50,false
30,29,4,1,0,1000,150,15.00,false
30,29,4,1,1,1000,111,11.10,false
30,29,4,2,2,1000,85,8.50,false
30,29,5,0,0,1000,231,23.10,false
30,29,5,0,1,1000,156,15.60,false
30,29,5,1,0,1000,159,15.90,false
30,29,5,1,1,1000,133,13.30,false
30,29,5,2,2,1000,72,7.20,false
30,29,6,0,0,1000,223,22.30,false
30,29,6,0,1,1000,155,15.50,false
30,29,6,1,0,1000,134,13.40,false
30,29,6,1,1,1000,130,13.00,false
30,29,6,2,2,1000,87,8.70,false
30,29,7,0,0,1000,230,23.00,true
30,29,7,0,1,1000,155,15.50,true
30,29,7,1,0,1000,172,17.20,true
30,29,7,1,1,1000,124,12.40,true
30,29,7,2,2,1000,78,7.80,true
30,29,8,0,0,1000,224,22.40,false
30,29,8,0,1,1000,152,15.20,false
30,29,8,1,0,1000,162,16.20,false
30,29,8,1,1,1000,124,12.40,false
30,29,8,2,2,1000,84,8.40,false
30,29,9,0,0,1000,222,22.20,false
30,29,9,0,1,1000,145,14.50,false
30,29,9,1,0,1000,166,16.60,false
30,29,9,1,1,1000,109,10.90,false
30,29,9,2,2,1000,72,7.20,false
30,29,10,0,0,1000,220,22.00,false
30,29,10,0,1,1000,144,14.40,false
30,29,10,1,0,1000,169,16.90,false
30,29,10,1,1,1000,110,11.00,false
30,29,10,2,2,1000,94,9.40,false
30,29,11,0,0,1000,212,21.20,true
30,29,11,0,1,1000,163,16.30,true
30,29,11,1,0,1000,162,16.20,true
30,29,11,1,1,1000,111,11.10,true
30,29,11,2,2,1000,78,7.80,true
30,29,12,0,0,1000,220,22.00,false
30,29,12,0,1,1000,168,16.80,false
30,29,12,1,0,1000,167,16.70,false
30,29,12,1,1,1000,113,11.30,false
30,29,12,2,2,1000,75,7.50,false
30,29,13,0,0,1000,221,22.10,true
30,29,13,0,1,1000,168,16.80,true
30,29,13,1,0,1000,178,17.80,true
30,29,13,1,1,1000,123,12.30,true
30,29,13,2,2,1000,71,7.10,true
30,29,14,0,0,1000,230,23.00,false
30,29,14,0,1,1000,148,14.80,false
30,29,14,1,0,1000,164,16.40,false
30,29,14,1,1,1000,120,12.00,false
30,29,14,2,2,1000,82,8.20,false
30,29,15,0,0,1000,216,21.60,false
30,29,15,0,1,1000,152,15.20,false
30,29,15,1,0,1000,148,14.80,false
30,29,15,1,1,1000,136,13.60,false
30,29,15,2,2,1000,90,9.00,false
30,29,16,0,0,1000,215,21.50,false
30,29,16,0,1,1000,155,15.50,false
30,29,16,1,0,1000,139,13.90,false
30,29,16,1,1,1000,132,13.20,false
30,29,16,2,2,1000,79,7.90,false
30,29,17,0,0,1000,216,21.60,true
30,29,17,0,1,1000,157,15.70,true
30,29,17,1,0,1000,168,16.80,true
30,29,17,1,1,1000,117,11.70,true
30,29,17,2,2,1000,78,7.80,true
30,29,18,0,0,1000,218,21.80,false
30,29,18,0,1,1000,167,16.70,false
30,29,18,1,0,1000,158,15.80,false
30,29,18,1,1,1000,133,13.30,false
30,29,18,2,2,1000,89,8.90,false
30,29,19,0,0,1000,230,23.00,true
30,29,19,0,1,1000,165,16.50,true
30,29,19,1,0,1000,150,15.00,true
30,29,19,1,1,1000,130,13.00,true
30,29,19,2,2,1000,73,7.30,true
30,29,20,0,0,1000,216,21.60,false
30,29,20,0,1,1000,151,15.10,false
30,29,20,1,0,1000,149,14.90,false
30,29,20,1,1,1000,129,12.90,false
30,29,20,2,2,1000,84,8.40,false
30,29,21,0,0,1000,222,22.20,false
30,29,21,0,1,1000,153,15.30,false
30,29,21,1,0,1000,162,16.20,false
30,29,21,1,1,1000,109,10.90,false
30,29,21,2,2,1000,93,9.30,false
30,29,22,0,0,1000,208,20.80,false
30,29,22,0,1,1000,155,15.50,false
30,29,22,1,0,1000,170,17.00,false
30,29,22,1,1,1000,119,11.90,false
30,29,22,2,2,1000,81,8.10,false
30,29,23,0,0,1000,226,22.60,true
30,29,23,0,1,1000,156,15.60,true
30,29,23,1,0,1000,153,15.30,true
30,29,23,1,1,1000,137,13.70,true
30,29,23,2,2,1000,98,9.80,true
30,29,24,0,0,1000,213,21.30,false
30,29,24,0,1,1000,155,15.50,false
30,29,24,1,0,1000,169,16.90,false
30,29,24,1,1,1000,125,12.50,false
30,29,24,2,2,1000,101,10.10,false
30,29,25,0,0,1000,221,22.10,false
30,29,25,0,1,1000,159,15.90,false
30,29,25,1,0,1000,179,17.90,false
30,29,25,1,1,1000,129,12.90,false
30,29,25,2,2,1000,88,8.80,false
30,29,26,0,0,1000,223,22.30,false
30,29,26,0,1,1000,176,17.60,false
30,29,26,1,0,1000,169,16.90,false
30,29,26,1,1,1000,128,12.80,false
30,29,26,2,2,1000,84,8.40,false
30,29,27,0,0,1000,218,21.80,false
30,29,27,0,1,1000,154,15.40,false
30,29,27,1,0,1000,148,14.80,false
30,29,27,1,1,1000,131,13.10,false
30,29,27,2,2,1000,87,8.70,false
30,29,28,0,0,1000,223,22.30,false
30,29,28,0,1,1000,166,16.60,false
30,29,28,1,0,1000,172,17.20,false
30,29,28,1,1,1000,112,11.20,false
30,29,28,2,2,1000,88,8.80,false
